Platform,Order_ID,Order_Date,Order_Status,Dining_Mode,Gross_Sales,Tax,GST,PST,Tip,Commission_Amount,Commission_Rate,Marketing_Fee,Promo_Cost_Restaurant,Promo_Cost_Platform,Service_Fee,Adjustments,Net_Payout,Payout_Date,Item_Count,Customer_Type,Prep_Time_Minutes,Delivery_Time_Minutes,Customer_Rating,POS_Transaction_ID
Uber Eats,UE-71193393,2026-03-01 11:44:57,Completed,Delivery,64.40,3.22,3.22,0.00,6.06,-19.32,0.30,0.00,0.00,0.00,-0.84,0.00,44.24,2026-03-08,2,Returning,17.5,22.0,5.0,
DoorDash,DD-11248835,2026-03-01 12:08:24,Completed,Delivery,126.50,6.33,6.33,0.00,7.97,-31.62,0.25,0.00,0.00,2.38,-0.92,0.00,96.34,2026-03-07,4,Returning,24.6,26.2,,
Uber Eats,UE-50998106,2026-03-01 12:20:10,Completed,Delivery,115.00,5.75,5.75,0.00,3.24,-34.50,0.30,0.00,0.00,0.00,-1.47,0.00,79.03,2026-03-05,4,Returning,23.7,38.0,4.0,
Uber Eats,UE-54644768,2026-03-01 12:42:30,Completed,Delivery,128.80,6.44,6.44,0.00,4.48,-38.64,0.30,0.00,0.00,0.00,-0.84,0.00,89.32,2026-03-07,4,Returning,14.6,45.9,3.0,
DoorDash,DD-21680625,2026-03-01 14:00:07,Completed,Delivery,117.30,5.87,5.87,0.00,0.00,-29.32,0.25,-0.85,0.00,0.00,-1.50,0.00,85.63,2026-03-06,4,Returning,17.8,41.8,,
DoorDash,DD-74657836,2026-03-01 16:11:27,Completed,Delivery,140.30,7.02,7.02,0.00,3.81,-35.08,0.25,0.00,0.00,0.00,-0.51,0.00,104.71,2026-03-06,4,New,22.1,37.8,5.0,
Uber Eats,UE-76756250,2026-03-01 16:13:40,Completed,Delivery,43.70,2.19,2.19,0.00,7.71,-13.11,0.30,0.00,0.00,0.00,-0.74,0.00,29.85,2026-03-08,2,Returning,19.3,29.6,3.0,
DoorDash,DD-36764927,2026-03-01 16:50:40,Completed,Delivery,41.40,2.07,2.07,0.00,6.57,-10.35,0.25,0.00,0.00,0.00,-1.26,0.00,29.79,2026-03-07,1,Returning,19.3,49.0,3.0,
Uber Eats,UE-22132198,2026-03-01 17:47:52,Completed,Delivery,74.75,3.74,3.74,0.00,0.00,-22.43,0.30,0.00,0.00,0.00,-0.95,0.00,51.37,2026-03-08,2,Returning,18.3,24.9,,
Uber Eats,UE-84926784,2026-03-01 18:38:25,Completed,Delivery,67.85,3.39,3.39,0.00,0.00,-20.35,0.30,0.00,0.00,0.00,-0.72,0.00,46.78,2026-03-06,2,New,21.1,45.4,,
Uber Eats,UE-72244897,2026-03-01 19:32:08,Completed,Delivery,100.05,5.00,5.00,0.00,0.00,-30.01,0.30,0.00,0.00,0.00,-0.59,0.00,69.45,2026-03-06,3,New,19.6,46.6,4.5,
Uber Eats,UE-50675347,2026-03-01 19:47:36,Completed,Delivery,67.85,3.39,3.39,0.00,5.71,-20.35,0.30,0.00,0.00,0.00,-1.38,0.00,46.12,2026-03-07,3,Returning,28.6,46.9,5.0,
Uber Eats,UE-79323646,2026-03-01 19:53:54,Completed,Delivery,73.60,3.68,3.68,0.00,7.85,-22.08,0.30,0.00,0.00,0.00,-0.92,0.00,50.60,2026-03-05,3,Returning,28.4,32.2,,
DoorDash,DD-58368724,2026-03-01 20:17:50,Completed,Delivery,18.40,0.92,0.92,0.00,0.00,-4.60,0.25,0.00,0.00,0.00,-1.07,0.00,12.73,2026-03-05,1,Returning,27.1,27.5,,
Uber Eats,UE-26530521,2026-03-01 20:26:21,Completed,Delivery,54.05,2.70,2.70,0.00,7.41,-16.21,0.30,0.00,0.00,0.00,-1.42,0.00,36.42,2026-03-05,2,Returning,15.8,20.7,,
Uber Eats,UE-56153339,2026-03-01 20:55:20,Completed,Delivery,133.40,6.67,6.67,0.00,5.14,-40.02,0.30,0.00,0.00,0.00,-1.09,0.00,92.29,2026-03-04,4,Returning,22.1,23.0,4.5,
DoorDash,DD-54196006,2026-03-02 13:02:25,Completed,Delivery,110.40,5.52,5.52,0.00,6.41,-27.60,0.25,0.00,0.00,0.00,-1.45,0.00,81.35,2026-03-05,4,Returning,16.3,23.7,,
Uber Eats,UE-37636546,2026-03-02 14:23:01,Completed,Delivery,96.60,4.83,4.83,0.00,0.00,-28.98,0.30,0.00,0.00,0.00,-1.20,0.00,66.42,2026-03-08,3,Returning,22.3,29.7,4.5,
DoorDash,DD-29449696,2026-03-02 15:31:59,Completed,Delivery,46.00,2.30,2.30,0.00,7.82,-11.50,0.25,0.00,0.00,0.00,-0.99,0.00,33.51,2026-03-07,2,Returning,21.8,34.2,4.0,
Uber Eats,UE-83492593,2026-03-02 16:09:04,Completed,Delivery,118.45,5.92,5.92,0.00,6.77,-35.53,0.30,0.00,0.00,0.00,-0.93,0.00,81.99,2026-03-08,3,New,16.5,35.5,,
DoorDash,DD-51680049,2026-03-02 16:37:54,Completed,Delivery,80.50,4.03,4.03,0.00,0.00,-20.12,0.25,-0.41,0.00,0.00,-1.15,0.00,58.82,2026-03-08,2,Returning,16.3,24.5,5.0,
Uber Eats,UE-87603784,2026-03-02 17:17:10,Completed,Delivery,112.70,5.64,5.64,0.00,7.08,-33.81,0.30,0.00,0.00,0.00,-0.79,0.00,78.10,2026-03-08,3,New,26.5,38.7,,
Uber Eats,UE-18533790,2026-03-02 18:56:27,Completed,Delivery,69.00,3.45,3.45,0.00,2.17,-20.70,0.30,0.00,0.00,0.00,-1.14,0.00,47.16,2026-03-05,3,Returning,13.0,46.9,4.0,
DoorDash,DD-42262445,2026-03-02 20:18:55,Completed,Delivery,60.95,3.05,3.05,0.00,6.94,-15.24,0.25,0.00,0.00,0.00,-1.31,0.00,44.40,2026-03-09,2,New,25.1,21.8,4.5,
DoorDash,DD-63733308,2026-03-03 11:34:58,Completed,Delivery,56.35,2.82,2.82,0.00,0.00,-14.09,0.25,-1.07,0.00,0.00,-0.52,0.00,40.67,2026-03-09,2,New,25.0,28.2,,
DoorDash,DD-30447536,2026-03-03 12:02:07,Canceled,Delivery,165.60,8.28,8.28,0.00,2.95,-41.40,0.25,0.00,0.00,0.00,-0.53,0.00,0.00,2026-03-10,4,New,0.0,0.0,,
Uber Eats,UE-12393947,2026-03-03 12:46:36,Completed,Delivery,133.40,6.67,6.67,0.00,3.92,-40.02,0.30,0.00,0.00,0.00,-1.49,0.00,91.89,2026-03-07,4,Returning,22.8,37.7,3.0,
DoorDash,DD-63679326,2026-03-03 13:27:57,Completed,Delivery,72.45,3.62,3.62,0.00,6.37,-18.11,0.25,0.00,0.00,0.00,-1.45,0.00,52.89,2026-03-08,2,New,20.4,44.3,,
Uber Eats,UE-57380159,2026-03-03 13:39:20,Completed,Delivery,150.65,7.53,7.53,0.00,2.73,-45.20,0.30,0.00,0.00,0.00,-1.48,0.00,103.97,2026-03-07,4,Returning,13.7,43.0,,
Uber Eats,UE-28490280,2026-03-03 14:45:46,Completed,Delivery,138.00,6.90,6.90,0.00,0.00,-41.40,0.30,0.00,0.00,0.00,-0.61,0.00,95.99,2026-03-08,4,Returning,24.4,43.7,5.0,
Uber Eats,UE-67621412,2026-03-03 14:52:43,Completed,Delivery,119.60,5.98,5.98,0.00,6.60,-35.88,0.30,0.00,0.00,0.00,-0.99,0.00,82.73,2026-03-08,4,New,26.7,38.7,,
Uber Eats,UE-23813714,2026-03-03 15:10:42,Completed,Delivery,57.50,2.88,2.88,0.00,2.06,-17.25,0.30,0.00,0.00,0.00,-1.07,0.00,39.18,2026-03-06,2,Returning,18.9,38.1,,
DoorDash,DD-70937796,2026-03-03 15:38:42,Completed,Delivery,86.25,4.31,4.31,0.00,7.83,-21.56,0.25,-0.03,0.00,0.00,-0.69,0.00,63.97,2026-03-10,3,Returning,25.7,35.4,5.0,
Uber Eats,UE-68476310,2026-03-03 16:50:31,Completed,Delivery,97.75,4.89,4.89,0.00,0.00,-29.32,0.30,0.00,0.00,0.00,-1.34,0.00,67.09,2026-03-07,3,New,12.9,20.3,4.0,
Uber Eats,UE-34953074,2026-03-03 17:52:57,Completed,Delivery,87.40,4.37,4.37,0.00,0.00,-26.22,0.30,0.00,0.00,0.00,-1.10,0.00,60.08,2026-03-10,3,Returning,18.3,20.9,4.0,
Uber Eats,UE-66718851,2026-03-03 19:21:11,Completed,Delivery,71.30,3.56,3.56,0.00,4.11,-21.39,0.30,-1.10,0.00,0.00,-0.90,0.00,47.91,2026-03-09,2,New,16.9,22.9,,
Uber Eats,UE-24790683,2026-03-03 20:06:06,Completed,Delivery,154.10,7.71,7.71,0.00,0.00,-46.23,0.30,0.00,0.00,0.00,-0.78,0.00,107.09,2026-03-10,4,New,23.7,24.4,,
Uber Eats,UE-18341692,2026-03-04 12:10:56,Completed,Delivery,92.00,4.60,4.60,0.00,2.38,-27.60,0.30,-0.30,0.00,0.00,-0.74,0.00,63.36,2026-03-09,3,Returning,13.5,30.3,4.0,
DoorDash,DD-55781296,2026-03-04 12:38:20,Completed,Delivery,85.10,4.25,4.25,0.00,7.66,-21.27,0.25,0.00,0.00,1.62,-0.66,0.00,64.79,2026-03-10,3,Returning,23.0,38.0,,
Uber Eats,UE-90879572,2026-03-04 13:40:20,Completed,Delivery,96.60,4.83,4.83,0.00,3.42,-28.98,0.30,0.00,0.00,0.00,-0.52,0.00,67.10,2026-03-08,3,Returning,23.2,22.4,,
Uber Eats,UE-54434217,2026-03-04 13:41:23,Completed,Delivery,88.55,4.43,4.43,0.00,4.50,-26.56,0.30,0.00,0.00,0.00,-1.37,0.00,60.62,2026-03-10,3,Returning,26.2,36.6,,
Uber Eats,UE-14635073,2026-03-04 14:52:45,Completed,Delivery,85.10,4.25,4.25,0.00,7.74,-25.53,0.30,-1.74,0.00,0.00,-0.82,0.00,57.01,2026-03-10,3,Returning,23.6,31.9,5.0,
DoorDash,DD-18020907,2026-03-04 15:12:06,Completed,Delivery,41.40,2.07,2.07,0.00,4.02,-10.35,0.25,-0.78,0.00,0.00,-1.05,0.00,29.22,2026-03-10,1,Returning,19.8,48.4,5.0,
Uber Eats,UE-47910637,2026-03-04 16:09:20,Completed,Delivery,90.85,4.54,4.54,0.00,0.00,-27.25,0.30,0.00,0.00,0.00,-1.42,0.00,62.18,2026-03-07,2,New,25.2,25.8,,
Uber Eats,UE-64122182,2026-03-04 16:56:28,Completed,Delivery,74.75,3.74,3.74,0.00,3.80,-22.43,0.30,0.00,0.00,0.00,-0.73,0.00,51.59,2026-03-10,2,Returning,20.4,33.8,,
Uber Eats,UE-39393803,2026-03-04 18:15:44,Completed,Delivery,32.20,1.61,1.61,0.00,3.24,-9.66,0.30,0.00,0.00,0.00,-0.73,0.00,21.81,2026-03-07,1,New,12.9,45.3,3.0,
DoorDash,DD-24461271,2026-03-04 18:43:44,Completed,Delivery,75.90,3.80,3.80,0.00,3.78,-18.98,0.25,-1.29,0.00,0.00,-1.28,0.00,54.35,2026-03-10,3,Returning,22.0,37.8,,
Uber Eats,UE-93302571,2026-03-04 19:10:24,Canceled,Delivery,77.05,3.85,3.85,0.00,0.00,-23.11,0.30,0.00,0.00,0.00,-0.72,0.00,0.00,2026-03-09,3,Returning,0.0,0.0,,
DoorDash,DD-30272064,2026-03-04 19:25:28,Completed,Delivery,34.50,1.73,1.73,0.00,0.00,-8.62,0.25,0.00,-2.42,0.00,-1.49,0.00,21.97,2026-03-07,1,Returning,19.8,44.5,,
Uber Eats,UE-26709159,2026-03-05 11:31:58,Completed,Delivery,55.20,2.76,2.76,0.00,2.97,-16.56,0.30,0.00,0.00,0.00,-0.93,0.00,37.71,2026-03-12,2,Returning,25.1,25.1,5.0,
Uber Eats,UE-25906873,2026-03-05 12:11:55,Completed,Delivery,128.80,6.44,6.44,0.00,6.71,-38.64,0.30,0.00,0.00,0.00,-1.32,0.00,88.84,2026-03-09,4,Returning,14.7,22.4,,
DoorDash,DD-19935807,2026-03-05 12:28:22,Completed,Delivery,103.50,5.18,5.18,0.00,4.14,-25.88,0.25,0.00,0.00,0.00,-0.63,-4.13,72.86,2026-03-12,3,Returning,13.6,40.5,,
DoorDash,DD-78252441,2026-03-05 13:06:24,Completed,Delivery,85.10,4.25,4.25,0.00,0.00,-21.27,0.25,0.00,0.00,0.00,-1.27,0.00,62.56,2026-03-08,3,Returning,21.9,31.3,,
DoorDash,DD-36446456,2026-03-05 14:02:14,Completed,Delivery,133.40,6.67,6.67,0.00,7.58,-33.35,0.25,0.00,0.00,0.00,-0.69,0.00,99.36,2026-03-12,4,New,13.7,30.1,4.0,
Uber Eats,UE-47412468,2026-03-05 14:26:51,Completed,Delivery,92.00,4.60,4.60,0.00,7.97,-27.60,0.30,-1.44,0.00,1.36,-0.71,0.00,63.61,2026-03-09,3,Returning,14.4,48.4,3.0,
DoorDash,DD-16805868,2026-03-05 15:06:46,Completed,Delivery,34.50,1.73,1.73,0.00,0.00,-8.62,0.25,0.00,-4.92,0.00,-1.08,0.00,19.88,2026-03-09,1,Returning,25.2,42.0,4.5,
Uber Eats,UE-30059058,2026-03-05 15:13:10,Completed,Delivery,79.35,3.97,3.97,0.00,7.91,-23.80,0.30,0.00,0.00,0.00,-0.79,0.00,54.76,2026-03-12,3,New,13.1,25.6,,
Uber Eats,UE-21774497,2026-03-05 15:15:50,Completed,Delivery,25.30,1.27,1.27,0.00,7.38,-7.59,0.30,0.00,0.00,0.00,-0.83,0.00,16.88,2026-03-12,1,New,20.1,45.7,,
Uber Eats,UE-38791442,2026-03-05 15:26:42,Completed,Delivery,79.35,3.97,3.97,0.00,0.00,-23.80,0.30,0.00,0.00,0.00,-0.80,0.00,54.75,2026-03-12,3,Returning,14.1,28.3,3.0,
DoorDash,DD-59144824,2026-03-05 15:55:28,Completed,Delivery,116.15,5.81,5.81,0.00,2.26,-29.04,0.25,0.00,0.00,0.00,-0.69,0.00,86.42,2026-03-08,3,Returning,28.8,41.2,,
DoorDash,DD-34574296,2026-03-05 16:04:44,Completed,Delivery,101.20,5.06,5.06,0.00,3.09,-25.30,0.25,0.00,0.00,0.00,-0.86,-9.02,66.02,2026-03-08,4,Returning,13.4,23.3,5.0,
Uber Eats,UE-86112485,2026-03-05 16:21:04,Completed,Delivery,18.40,0.92,0.92,0.00,7.46,-5.52,0.30,0.00,0.00,0.00,-1.12,0.00,11.76,2026-03-10,1,Returning,18.2,42.5,,
DoorDash,DD-21863001,2026-03-05 16:45:21,Completed,Delivery,113.85,5.69,5.69,0.00,5.86,-28.46,0.25,0.00,0.00,1.49,-1.14,0.00,85.74,2026-03-11,4,Returning,21.2,27.3,5.0,
Uber Eats,UE-15917502,2026-03-05 17:40:24,Completed,Delivery,25.30,1.27,1.27,0.00,4.92,-7.59,0.30,0.00,-2.06,0.00,-1.44,0.00,14.21,2026-03-08,1,Returning,21.8,41.5,,
Uber Eats,UE-13310360,2026-03-05 18:43:19,Completed,Delivery,44.85,2.24,2.24,0.00,0.00,-13.46,0.30,0.00,0.00,0.00,-1.30,0.00,30.09,2026-03-10,2,Returning,18.4,25.6,5.0,
DoorDash,DD-31095743,2026-03-05 19:40:32,Completed,Delivery,54.05,2.70,2.70,0.00,0.00,-13.51,0.25,0.00,0.00,0.00,-0.79,0.00,39.75,2026-03-10,2,Returning,27.5,20.6,4.5,
Uber Eats,UE-73142083,2026-03-05 19:50:46,Completed,Delivery,48.30,2.42,2.42,0.00,4.60,-14.49,0.30,0.00,0.00,0.00,-0.87,0.00,32.94,2026-03-12,1,New,27.9,37.1,,
Uber Eats,UE-14819968,2026-03-06 11:53:59,Completed,Delivery,43.70,2.19,2.19,0.00,6.35,-13.11,0.30,0.00,0.00,0.00,-1.00,0.00,29.59,2026-03-10,2,Returning,16.1,40.4,,
Uber Eats,UE-82147956,2026-03-06 12:08:08,Completed,Delivery,102.35,5.12,5.12,0.00,6.23,-30.70,0.30,0.00,0.00,0.00,-0.73,0.00,70.92,2026-03-11,3,New,13.2,30.4,,
DoorDash,DD-83886058,2026-03-06 12:10:53,Completed,Delivery,60.95,3.05,3.05,0.00,4.12,-15.24,0.25,-0.99,-3.74,0.00,-1.49,0.00,39.49,2026-03-10,2,Returning,19.3,36.5,,
DoorDash,DD-99609973,2026-03-06 13:27:27,Completed,Delivery,25.30,1.27,1.27,0.00,7.69,-6.33,0.25,0.00,-3.99,0.00,-1.05,0.00,13.93,2026-03-09,1,Returning,16.1,42.9,,
Uber Eats,UE-15937620,2026-03-06 13:45:14,Completed,Delivery,66.70,3.34,3.34,0.00,4.33,-20.01,0.30,0.00,0.00,0.00,-1.21,0.00,45.48,2026-03-11,2,Returning,22.9,33.6,5.0,
DoorDash,DD-25257708,2026-03-06 13:53:21,Completed,Delivery,100.05,5.00,5.00,0.00,7.07,-25.01,0.25,0.00,0.00,0.00,-0.94,0.00,74.10,2026-03-12,3,Returning,20.3,38.3,,
DoorDash,DD-79333964,2026-03-06 14:24:53,Completed,Delivery,66.70,3.34,3.34,0.00,4.04,-16.68,0.25,-1.69,0.00,0.00,-0.53,0.00,47.80,2026-03-12,3,Returning,23.1,40.3,,
Uber Eats,UE-83441529,2026-03-06 15:00:33,Completed,Delivery,24.15,1.21,1.21,0.00,0.00,-7.24,0.30,0.00,0.00,0.00,-1.09,0.00,15.82,2026-03-13,1,Returning,12.5,45.5,,
DoorDash,DD-65609016,2026-03-06 15:08:42,Completed,Delivery,125.35,6.27,6.27,0.00,6.87,-31.34,0.25,0.00,0.00,0.00,-1.04,0.00,92.97,2026-03-12,4,Returning,26.8,44.7,,
DoorDash,DD-64070299,2026-03-06 15:15:10,Completed,Delivery,134.55,6.73,6.73,0.00,5.29,-33.64,0.25,0.00,0.00,0.00,-0.92,0.00,99.99,2026-03-10,4,New,13.8,49.5,3.0,
Uber Eats,UE-22082719,2026-03-06 15:18:36,Completed,Delivery,73.60,3.68,3.68,0.00,5.77,-22.08,0.30,0.00,0.00,0.00,-0.50,0.00,51.02,2026-03-10,2,Returning,23.7,44.3,4.0,
DoorDash,DD-53312608,2026-03-06 16:16:16,Completed,Delivery,48.30,2.42,2.42,0.00,0.00,-12.07,0.25,0.00,0.00,0.00,-0.56,0.00,35.67,2026-03-09,1,New,25.5,48.1,,
DoorDash,DD-67982918,2026-03-06 16:39:51,Completed,Delivery,111.55,5.58,5.58,0.00,3.58,-27.89,0.25,0.00,0.00,0.00,-1.41,0.00,82.25,2026-03-12,3,New,25.1,32.8,3.0,
DoorDash,DD-85102909,2026-03-06 16:56:30,Completed,Delivery,73.60,3.68,3.68,0.00,7.21,-18.40,0.25,0.00,0.00,0.00,-1.21,0.00,53.99,2026-03-10,2,Returning,23.9,27.0,,
DoorDash,DD-91524118,2026-03-06 17:10:46,Completed,Delivery,42.55,2.13,2.13,0.00,0.00,-10.64,0.25,0.00,0.00,0.00,-0.78,0.00,31.13,2026-03-13,1,Returning,12.2,43.1,,
Uber Eats,UE-75371572,2026-03-06 18:08:01,Completed,Delivery,96.60,4.83,4.83,0.00,0.00,-28.98,0.30,0.00,0.00,0.00,-1.23,0.00,66.39,2026-03-11,4,Returning,21.8,39.5,,
DoorDash,DD-83101157,2026-03-06 18:48:20,Completed,Delivery,100.05,5.00,5.00,0.00,5.83,-25.01,0.25,-1.78,0.00,0.00,-0.95,0.00,72.31,2026-03-12,3,Returning,19.6,29.4,4.5,
Uber Eats,UE-69359023,2026-03-06 19:21:32,Canceled,Delivery,97.75,4.89,4.89,0.00,0.00,-29.32,0.30,0.00,0.00,0.00,-1.19,0.00,0.00,2026-03-12,3,New,0.0,0.0,,
Uber Eats,UE-11900620,2026-03-06 19:48:08,Completed,Delivery,123.05,6.15,6.15,0.00,4.18,-36.91,0.30,0.00,0.00,0.00,-1.41,0.00,84.73,2026-03-12,4,Returning,25.5,34.8,,
Uber Eats,UE-31363906,2026-03-06 20:15:57,Completed,Delivery,48.30,2.42,2.42,0.00,2.95,-14.49,0.30,-1.04,0.00,0.00,-0.82,0.00,31.95,2026-03-13,2,New,26.5,28.3,,
Uber Eats,UE-29075511,2026-03-06 20:38:28,Completed,Delivery,29.90,1.50,1.50,0.00,0.00,-8.97,0.30,0.00,0.00,0.00,-1.24,0.00,19.69,2026-03-12,1,New,23.1,36.1,,
Uber Eats,UE-25894291,2026-03-06 20:42:33,Completed,Delivery,95.45,4.77,4.77,0.00,0.00,-28.64,0.30,0.00,0.00,0.00,-1.15,0.00,65.66,2026-03-12,3,New,24.9,45.5,,
DoorDash,DD-54071706,2026-03-07 11:37:43,Completed,Delivery,126.50,6.33,6.33,0.00,0.00,-31.62,0.25,0.00,0.00,0.00,-1.26,0.00,93.62,2026-03-14,4,Returning,14.3,23.2,,
Uber Eats,UE-27314345,2026-03-07 11:49:01,Completed,Delivery,104.65,5.23,5.23,0.00,3.82,-31.39,0.30,0.00,0.00,0.00,-0.93,0.00,72.33,2026-03-10,4,New,15.8,20.3,,
Uber Eats,UE-47092461,2026-03-07 13:19:05,Completed,Delivery,48.30,2.42,2.42,0.00,0.00,-14.49,0.30,0.00,0.00,0.00,-1.33,0.00,32.48,2026-03-14,1,Returning,21.7,32.1,5.0,
Uber Eats,UE-62282473,2026-03-07 13:24:55,Completed,Delivery,64.40,3.22,3.22,0.00,7.04,-19.32,0.30,0.00,0.00,0.00,-0.97,-4.44,39.67,2026-03-10,2,New,16.6,28.4,5.0,
Uber Eats,UE-75614320,2026-03-07 13:59:12,Completed,Delivery,40.25,2.01,2.01,0.00,2.04,-12.07,0.30,0.00,0.00,0.00,-1.07,0.00,27.11,2026-03-13,2,Returning,29.5,43.9,5.0,
Uber Eats,UE-28997957,2026-03-07 14:07:47,Completed,Delivery,79.35,3.97,3.97,0.00,0.00,-23.80,0.30,0.00,0.00,0.00,-1.14,0.00,54.41,2026-03-11,3,Returning,22.3,49.4,,
Uber Eats,UE-84976636,2026-03-07 14:14:23,Completed,Delivery,96.60,4.83,4.83,0.00,6.78,-28.98,0.30,0.00,0.00,0.00,-0.53,0.00,67.09,2026-03-14,4,New,29.4,38.8,,
DoorDash,DD-36639171,2026-03-07 14:16:08,Completed,Delivery,105.80,5.29,5.29,0.00,5.29,-26.45,0.25,0.00,0.00,0.00,-0.74,0.00,78.61,2026-03-12,3,Returning,20.9,32.1,,
DoorDash,DD-63052213,2026-03-07 14:20:49,Completed,Delivery,83.95,4.20,4.20,0.00,7.53,-20.99,0.25,0.00,0.00,2.46,-1.45,0.00,63.97,2026-03-10,2,Returning,19.4,46.6,,
DoorDash,DD-88747091,2026-03-07 14:21:11,Completed,Delivery,19.55,0.98,0.98,0.00,6.26,-4.89,0.25,0.00,0.00,2.03,-0.77,0.00,15.92,2026-03-11,1,Returning,24.1,39.1,,
DoorDash,DD-70292341,2026-03-07 15:15:23,Completed,Delivery,134.55,6.73,6.73,0.00,4.19,-33.64,0.25,0.00,-4.21,0.00,-0.91,0.00,95.79,2026-03-14,4,Returning,29.7,22.6,,
DoorDash,DD-15231254,2026-03-07 15:18:01,Completed,Delivery,123.05,6.15,6.15,0.00,2.86,-30.76,0.25,0.00,0.00,0.00,-0.60,-6.99,84.70,2026-03-12,3,New,29.4,37.1,,
Uber Eats,UE-73342209,2026-03-07 15:18:58,Completed,Delivery,104.65,5.23,5.23,0.00,0.00,-31.39,0.30,0.00,0.00,0.00,-0.67,0.00,72.59,2026-03-12,4,New,25.7,28.7,3.5,
Uber Eats,UE-33902952,2026-03-07 15:33:01,Completed,Delivery,81.65,4.08,4.08,0.00,0.00,-24.50,0.30,0.00,0.00,0.00,-1.09,0.00,56.06,2026-03-10,2,Returning,26.4,45.5,5.0,
Uber Eats,UE-94529490,2026-03-07 15:36:29,Completed,Delivery,100.05,5.00,5.00,0.00,7.07,-30.01,0.30,0.00,0.00,0.00,-1.11,0.00,68.93,2026-03-14,3,Returning,17.0,48.8,,
Uber Eats,UE-79219348,2026-03-07 16:00:37,Completed,Delivery,55.20,2.76,2.76,0.00,3.74,-16.56,0.30,0.00,0.00,0.00,-1.23,0.00,37.41,2026-03-11,2,New,22.4,32.4,,
Uber Eats,UE-59993132,2026-03-07 16:32:06,Completed,Delivery,25.30,1.27,1.27,0.00,2.11,-7.59,0.30,0.00,0.00,0.00,-1.48,0.00,16.23,2026-03-11,1,New,14.2,45.1,,
Uber Eats,UE-72145013,2026-03-07 17:24:04,Completed,Delivery,86.25,4.31,4.31,0.00,4.71,-25.88,0.30,0.00,-3.44,0.00,-0.89,-7.97,48.07,2026-03-13,3,Returning,14.7,30.7,,
DoorDash,DD-89330049,2026-03-07 18:17:52,Completed,Delivery,86.25,4.31,4.31,0.00,5.78,-21.56,0.25,0.00,0.00,1.38,-0.76,0.00,65.31,2026-03-14,2,New,16.3,35.2,4.5,
Uber Eats,UE-53921119,2026-03-07 19:09:54,Completed,Delivery,18.40,0.92,0.92,0.00,4.82,-5.52,0.30,0.00,-4.05,0.00,-1.11,0.00,7.72,2026-03-13,1,Returning,17.9,24.7,,
Uber Eats,UE-70963566,2026-03-07 19:23:27,Completed,Delivery,51.75,2.59,2.59,0.00,6.69,-15.52,0.30,0.00,0.00,0.00,-1.16,0.00,35.07,2026-03-14,2,New,14.7,46.6,,
DoorDash,DD-20953672,2026-03-07 19:27:40,Completed,Delivery,77.05,3.85,3.85,0.00,0.00,-19.26,0.25,0.00,0.00,0.00,-1.11,0.00,56.68,2026-03-14,2,Returning,21.8,46.4,3.5,
DoorDash,DD-17487508,2026-03-07 20:45:27,Completed,Delivery,79.35,3.97,3.97,0.00,7.83,-19.84,0.25,0.00,0.00,2.42,-0.52,0.00,61.41,2026-03-12,3,Returning,17.7,30.4,,
Uber Eats,UE-28066215,2026-03-08 11:46:07,Canceled,Delivery,100.05,5.00,5.00,0.00,2.94,-30.01,0.30,0.00,-2.86,0.00,-1.29,0.00,0.00,2026-03-12,3,Returning,0.0,0.0,,
Uber Eats,UE-73084877,2026-03-08 11:53:44,Completed,Delivery,150.65,7.53,7.53,0.00,4.51,-45.20,0.30,0.00,0.00,0.00,-1.27,0.00,104.18,2026-03-14,4,New,13.1,27.8,,
Uber Eats,UE-68752317,2026-03-08 11:57:40,Completed,Delivery,44.85,2.24,2.24,0.00,2.61,-13.46,0.30,0.00,0.00,0.00,-1.28,0.00,30.11,2026-03-11,1,Returning,29.6,29.3,5.0,
DoorDash,DD-24207364,2026-03-08 12:06:28,Completed,Delivery,92.00,4.60,4.60,0.00,4.48,-23.00,0.25,0.00,0.00,0.00,-1.04,0.00,67.96,2026-03-12,3,New,23.6,46.9,5.0,
Uber Eats,UE-45833458,2026-03-08 12:25:47,Completed,Delivery,51.75,2.59,2.59,0.00,0.00,-15.52,0.30,0.00,0.00,0.00,-0.56,0.00,35.67,2026-03-13,2,Returning,24.9,42.7,,
Uber Eats,UE-46347748,2026-03-08 12:55:52,Completed,Delivery,82.80,4.14,4.14,0.00,4.23,-24.84,0.30,0.00,0.00,0.00,-1.09,0.00,56.87,2026-03-11,2,New,16.4,27.3,,
DoorDash,DD-18920307,2026-03-08 14:08:22,Completed,Delivery,123.05,6.15,6.15,0.00,6.88,-30.76,0.25,0.00,0.00,0.00,-0.64,0.00,91.65,2026-03-12,4,New,15.7,22.2,3.0,
DoorDash,DD-52433237,2026-03-08 14:37:51,Completed,Delivery,67.85,3.39,3.39,0.00,5.56,-16.96,0.25,0.00,0.00,0.00,-1.45,0.00,49.44,2026-03-12,2,New,21.1,20.9,5.0,
DoorDash,DD-66435409,2026-03-08 15:34:42,Completed,Delivery,49.45,2.47,2.47,0.00,3.67,-12.36,0.25,0.00,0.00,0.00,-0.68,0.00,36.41,2026-03-13,2,Returning,12.6,32.3,,
DoorDash,DD-21444897,2026-03-08 15:40:47,Completed,Delivery,83.95,4.20,4.20,0.00,2.82,-20.99,0.25,0.00,0.00,0.00,-0.61,0.00,62.35,2026-03-15,3,Returning,22.3,38.3,3.5,
Uber Eats,UE-40584185,2026-03-08 15:41:02,Completed,Delivery,51.75,2.59,2.59,0.00,4.61,-15.52,0.30,0.00,0.00,0.00,-0.64,0.00,35.59,2026-03-14,2,Returning,18.6,31.0,4.5,
Uber Eats,UE-41022978,2026-03-08 15:48:29,Completed,Delivery,42.55,2.13,2.13,0.00,7.71,-12.76,0.30,0.00,0.00,0.00,-1.21,0.00,28.58,2026-03-14,1,Returning,25.9,26.5,4.5,
Uber Eats,UE-92476296,2026-03-08 16:27:41,Completed,Delivery,89.70,4.49,4.49,0.00,2.13,-26.91,0.30,0.00,-2.47,0.00,-1.31,0.00,59.01,2026-03-14,3,New,12.8,42.7,5.0,
DoorDash,DD-45240667,2026-03-08 16:34:15,Completed,Delivery,106.95,5.35,5.35,0.00,3.60,-26.74,0.25,0.00,0.00,0.00,-1.19,0.00,79.02,2026-03-14,3,Returning,22.6,27.9,,
Uber Eats,UE-98168783,2026-03-08 17:07:20,Completed,Delivery,58.65,2.93,2.93,0.00,0.00,-17.59,0.30,0.00,0.00,0.00,-0.63,0.00,40.43,2026-03-15,2,Returning,13.9,45.5,,
DoorDash,DD-93795838,2026-03-08 18:43:49,Completed,Delivery,116.15,5.81,5.81,0.00,3.54,-29.04,0.25,0.00,0.00,0.00,-1.14,0.00,85.97,2026-03-12,3,Returning,21.2,23.0,,
DoorDash,DD-12097035,2026-03-08 19:16:49,Completed,Delivery,29.90,1.50,1.50,0.00,3.66,-7.47,0.25,0.00,0.00,0.00,-1.47,0.00,20.96,2026-03-13,1,Returning,19.2,40.6,4.5,
DoorDash,DD-48710048,2026-03-08 20:02:59,Completed,Delivery,87.40,4.37,4.37,0.00,0.00,-21.85,0.25,0.00,0.00,0.00,-1.03,0.00,64.52,2026-03-12,3,New,13.1,35.3,,
DoorDash,DD-85899286,2026-03-08 20:10:05,Completed,Delivery,96.60,4.83,4.83,0.00,0.00,-24.15,0.25,0.00,0.00,0.00,-1.41,0.00,71.04,2026-03-14,3,Returning,20.9,34.5,5.0,
Uber Eats,UE-63976170,2026-03-09 14:01:00,Completed,Delivery,77.05,3.85,3.85,0.00,5.57,-23.11,0.30,0.00,0.00,0.00,-0.63,0.00,53.31,2026-03-14,3,New,12.1,26.5,4.0,
Uber Eats,UE-51366279,2026-03-09 14:15:51,Completed,Delivery,29.90,1.50,1.50,0.00,6.76,-8.97,0.30,0.00,0.00,0.00,-1.22,0.00,19.71,2026-03-12,1,New,19.0,35.2,4.0,
Uber Eats,UE-47300958,2026-03-09 15:46:01,Completed,Delivery,64.40,3.22,3.22,0.00,7.09,-19.32,0.30,0.00,0.00,0.00,-1.25,0.00,43.83,2026-03-15,2,New,29.4,29.4,,
Uber Eats,UE-85458871,2026-03-09 16:00:34,Completed,Delivery,152.95,7.65,7.65,0.00,7.48,-45.88,0.30,0.00,0.00,0.00,-1.19,0.00,105.88,2026-03-13,4,Returning,27.1,37.6,5.0,
Uber Eats,UE-43352234,2026-03-09 17:06:30,Completed,Delivery,151.80,7.59,7.59,0.00,3.74,-45.54,0.30,0.00,-4.00,0.00,-0.70,0.00,101.56,2026-03-14,4,Returning,14.7,45.0,,
Uber Eats,UE-63302094,2026-03-09 18:04:56,Completed,Delivery,74.75,3.74,3.74,0.00,0.00,-22.43,0.30,0.00,0.00,0.00,-0.71,0.00,51.61,2026-03-13,2,New,22.8,24.1,,
DoorDash,DD-14203574,2026-03-09 19:10:54,Completed,Delivery,51.75,2.59,2.59,0.00,5.70,-12.94,0.25,0.00,0.00,0.00,-1.10,0.00,37.71,2026-03-14,2,Returning,22.3,48.4,4.0,
Uber Eats,UE-49216335,2026-03-09 20:30:43,Completed,Delivery,129.95,6.50,6.50,0.00,7.60,-38.98,0.30,0.00,0.00,0.00,-1.10,0.00,89.87,2026-03-15,4,Returning,14.4,31.8,,
Uber Eats,UE-37072414,2026-03-09 20:40:22,Completed,Delivery,75.90,3.80,3.80,0.00,4.81,-22.77,0.30,0.00,0.00,1.17,-1.12,0.00,53.18,2026-03-14,2,Returning,20.2,29.9,,
DoorDash,DD-39054058,2026-03-10 11:48:44,Completed,Delivery,48.30,2.42,2.42,0.00,0.00,-12.07,0.25,0.00,0.00,0.00,-1.28,0.00,34.95,2026-03-15,1,Returning,20.2,29.7,5.0,
Uber Eats,UE-91394731,2026-03-10 14:47:43,Canceled,Delivery,73.60,3.68,3.68,0.00,0.00,-22.08,0.30,0.00,0.00,0.00,-0.68,0.00,0.00,2026-03-16,2,New,0.0,0.0,,
DoorDash,DD-17436349,2026-03-10 15:07:50,Completed,Delivery,149.50,7.48,7.48,0.00,5.97,-37.38,0.25,0.00,0.00,0.00,-0.98,0.00,111.14,2026-03-13,4,New,18.4,33.5,,
Uber Eats,UE-97590735,2026-03-10 15:49:08,Completed,Delivery,55.20,2.76,2.76,0.00,2.68,-16.56,0.30,0.00,0.00,0.00,-1.35,0.00,37.29,2026-03-16,2,Returning,17.7,23.5,,
DoorDash,DD-85208890,2026-03-10 16:02:58,Completed,Delivery,118.45,5.92,5.92,0.00,0.00,-29.61,0.25,0.00,0.00,0.00,-1.26,0.00,87.58,2026-03-14,4,Returning,27.9,43.9,5.0,
Uber Eats,UE-10432728,2026-03-10 16:03:59,Completed,Delivery,98.90,4.95,4.95,0.00,0.00,-29.67,0.30,0.00,0.00,0.00,-1.33,0.00,67.90,2026-03-14,3,Returning,26.9,40.7,,
Uber Eats,UE-96090588,2026-03-10 16:09:53,Completed,Delivery,133.40,6.67,6.67,0.00,0.00,-40.02,0.30,-0.82,0.00,0.00,-0.53,0.00,92.03,2026-03-16,4,Returning,24.3,29.2,,
DoorDash,DD-18674438,2026-03-10 16:22:12,Completed,Delivery,92.00,4.60,4.60,0.00,4.39,-23.00,0.25,-0.71,0.00,0.00,-0.97,0.00,67.32,2026-03-16,3,Returning,13.9,49.8,,
DoorDash,DD-18078731,2026-03-10 17:11:01,Completed,Delivery,118.45,5.92,5.92,0.00,2.96,-29.61,0.25,0.00,0.00,0.00,-1.21,0.00,87.63,2026-03-17,4,Returning,17.9,35.2,,
DoorDash,DD-24967270,2026-03-10 20:05:31,Completed,Delivery,104.65,5.23,5.23,0.00,4.38,-26.16,0.25,0.00,0.00,0.00,-0.75,0.00,77.74,2026-03-16,3,Returning,21.6,29.6,3.5,
Uber Eats,UE-58960065,2026-03-10 20:40:29,Completed,Delivery,24.15,1.21,1.21,0.00,0.00,-7.24,0.30,0.00,0.00,0.00,-0.96,0.00,15.95,2026-03-13,1,New,24.5,22.4,3.5,
Uber Eats,UE-81533615,2026-03-11 12:02:42,Completed,Delivery,41.40,2.07,2.07,0.00,7.89,-12.42,0.30,0.00,-3.20,0.00,-1.41,0.00,24.37,2026-03-15,1,Returning,22.5,39.0,,
Uber Eats,UE-14332220,2026-03-11 12:14:34,Canceled,Delivery,48.30,2.42,2.42,0.00,0.00,-14.49,0.30,0.00,0.00,2.22,-1.04,0.00,0.00,2026-03-17,1,New,0.0,0.0,,
Uber Eats,UE-95595444,2026-03-11 14:47:53,Completed,Delivery,78.20,3.91,3.91,0.00,7.75,-23.46,0.30,0.00,0.00,0.00,-1.37,0.00,53.37,2026-03-16,3,New,22.0,49.2,,
DoorDash,DD-80449736,2026-03-11 15:15:22,Completed,Delivery,93.15,4.66,4.66,0.00,7.93,-23.29,0.25,0.00,0.00,0.00,-1.18,0.00,68.68,2026-03-14,2,New,23.7,22.3,4.5,
Uber Eats,UE-62808668,2026-03-11 15:30:06,Canceled,Delivery,43.70,2.19,2.19,0.00,7.95,-13.11,0.30,0.00,0.00,0.00,-0.97,0.00,0.00,2026-03-14,2,New,0.0,0.0,,
Uber Eats,UE-71216730,2026-03-11 15:32:31,Completed,Delivery,124.20,6.21,6.21,0.00,2.73,-37.26,0.30,-0.12,0.00,0.00,-1.00,0.00,85.82,2026-03-18,4,New,25.0,41.8,,
DoorDash,DD-52209923,2026-03-11 16:16:49,Completed,Delivery,64.40,3.22,3.22,0.00,0.00,-16.10,0.25,-1.17,0.00,0.00,-1.34,0.00,45.79,2026-03-17,2,New,21.5,36.2,,
Uber Eats,UE-13248190,2026-03-11 17:08:10,Canceled,Delivery,124.20,6.21,6.21,0.00,6.84,-37.26,0.30,0.00,0.00,0.00,-0.71,0.00,0.00,2026-03-17,4,Returning,0.0,0.0,,
DoorDash,DD-94990767,2026-03-11 18:10:17,Completed,Delivery,62.10,3.11,3.11,0.00,3.99,-15.53,0.25,0.00,0.00,0.00,-1.09,0.00,45.48,2026-03-15,2,Returning,19.2,33.8,,
Uber Eats,UE-28933267,2026-03-11 18:12:49,Completed,Delivery,66.70,3.34,3.34,0.00,3.21,-20.01,0.30,0.00,0.00,0.00,-1.29,0.00,45.40,2026-03-18,2,Returning,14.5,22.4,,
DoorDash,DD-17174555,2026-03-11 19:11:48,Completed,Delivery,77.05,3.85,3.85,0.00,3.92,-19.26,0.25,0.00,0.00,1.42,-0.66,0.00,58.55,2026-03-18,2,Returning,20.1,35.6,,
DoorDash,DD-13917930,2026-03-11 19:50:58,Completed,Delivery,55.20,2.76,2.76,0.00,4.37,-13.80,0.25,0.00,0.00,0.00,-0.93,0.00,40.47,2026-03-17,2,Returning,19.5,32.6,,
Uber Eats,UE-17774499,2026-03-11 19:56:12,Completed,Delivery,67.85,3.39,3.39,0.00,3.53,-20.35,0.30,0.00,0.00,0.00,-0.74,0.00,46.76,2026-03-18,3,New,23.7,42.5,3.0,
Uber Eats,UE-64313762,2026-03-11 20:17:45,Completed,Delivery,56.35,2.82,2.82,0.00,6.63,-16.91,0.30,0.00,0.00,0.00,-0.73,0.00,38.71,2026-03-17,2,Returning,28.6,23.8,4.5,
Uber Eats,UE-94931084,2026-03-12 13:13:01,Completed,Delivery,54.05,2.70,2.70,0.00,0.00,-16.21,0.30,-0.44,0.00,0.00,-1.48,0.00,35.92,2026-03-15,2,New,24.5,48.9,,
DoorDash,DD-60819753,2026-03-12 13:57:40,Completed,Delivery,41.40,2.07,2.07,0.00,4.01,-10.35,0.25,0.00,0.00,0.00,-0.93,0.00,30.12,2026-03-17,2,Returning,12.9,38.1,,
DoorDash,DD-86893830,2026-03-12 14:00:02,Completed,Delivery,56.35,2.82,2.82,0.00,5.87,-14.09,0.25,0.00,0.00,0.00,-1.19,0.00,41.07,2026-03-17,2,Returning,18.2,23.6,,
Uber Eats,UE-89234941,2026-03-12 14:08:18,Completed,Delivery,101.20,5.06,5.06,0.00,2.72,-30.36,0.30,0.00,0.00,0.00,-0.77,0.00,70.07,2026-03-16,3,Returning,24.2,23.9,,
Uber Eats,UE-78752546,2026-03-12 15:05:09,Completed,Delivery,118.45,5.92,5.92,0.00,6.94,-35.53,0.30,0.00,0.00,0.00,-1.18,0.00,81.74,2026-03-19,3,Returning,20.3,43.3,,
Uber Eats,UE-44851188,2026-03-12 16:27:54,Completed,Delivery,66.70,3.34,3.34,0.00,2.07,-20.01,0.30,0.00,0.00,0.00,-0.98,0.00,45.71,2026-03-16,2,Returning,18.9,22.3,,
Uber Eats,UE-14452665,2026-03-12 17:11:20,Completed,Delivery,81.65,4.08,4.08,0.00,6.20,-24.50,0.30,0.00,0.00,0.00,-0.81,0.00,56.34,2026-03-16,3,Returning,28.4,30.7,5.0,
DoorDash,DD-71970673,2026-03-12 17:20:38,Completed,Delivery,110.40,5.52,5.52,0.00,4.22,-27.60,0.25,-1.33,0.00,0.00,-1.28,0.00,80.19,2026-03-18,3,Returning,16.2,44.1,,
Uber Eats,UE-80175780,2026-03-12 17:23:28,Completed,Delivery,72.45,3.62,3.62,0.00,3.77,-21.73,0.30,0.00,0.00,0.00,-0.56,0.00,50.16,2026-03-15,2,New,15.9,29.9,4.5,
Uber Eats,UE-17063059,2026-03-12 17:53:15,Completed,Delivery,87.40,4.37,4.37,0.00,0.00,-26.22,0.30,0.00,0.00,0.00,-1.16,0.00,60.02,2026-03-16,3,Returning,29.8,32.8,,
DoorDash,DD-83082960,2026-03-12 17:59:14,Completed,Delivery,119.60,5.98,5.98,0.00,2.51,-29.90,0.25,0.00,0.00,0.00,-0.74,0.00,88.96,2026-03-16,4,Returning,17.8,23.2,,
Uber Eats,UE-68682668,2026-03-12 18:11:45,Completed,Delivery,98.90,4.95,4.95,0.00,5.88,-29.67,0.30,0.00,0.00,0.00,-0.70,0.00,68.53,2026-03-15,3,Returning,13.4,44.4,,
Uber Eats,UE-36454607,2026-03-12 18:32:37,Completed,Delivery,59.80,2.99,2.99,0.00,3.18,-17.94,0.30,0.00,0.00,0.00,-1.29,0.00,40.57,2026-03-17,2,Returning,16.2,40.0,,
Uber Eats,UE-11915785,2026-03-12 18:50:10,Completed,Delivery,97.75,4.89,4.89,0.00,0.00,-29.32,0.30,0.00,0.00,0.00,-1.39,0.00,67.04,2026-03-19,3,New,18.9,27.7,,
Uber Eats,UE-37620571,2026-03-12 20:15:05,Completed,Delivery,95.45,4.77,4.77,0.00,7.50,-28.64,0.30,0.00,0.00,0.00,-0.60,0.00,66.21,2026-03-17,3,New,21.7,41.9,4.5,
DoorDash,DD-39935486,2026-03-12 20:16:05,Completed,Delivery,72.45,3.62,3.62,0.00,0.00,-18.11,0.25,0.00,0.00,0.00,-0.82,0.00,53.52,2026-03-16,2,Returning,15.9,35.5,,
DoorDash,DD-95092922,2026-03-13 12:16:30,Completed,Delivery,100.05,5.00,5.00,0.00,6.01,-25.01,0.25,-0.34,0.00,0.00,-1.08,0.00,73.62,2026-03-17,3,New,28.5,31.5,,
DoorDash,DD-90340200,2026-03-13 12:28:05,Completed,Delivery,113.85,5.69,5.69,0.00,0.00,-28.46,0.25,0.00,0.00,0.00,-1.37,0.00,84.02,2026-03-19,4,New,14.0,28.0,4.5,
Uber Eats,UE-12473952,2026-03-13 12:37:32,Completed,Delivery,57.50,2.88,2.88,0.00,2.37,-17.25,0.30,0.00,0.00,0.00,-0.74,0.00,39.51,2026-03-17,2,Returning,25.0,28.3,,
DoorDash,DD-96583904,2026-03-13 12:51:05,Completed,Delivery,78.20,3.91,3.91,0.00,0.00,-19.55,0.25,0.00,0.00,0.00,-1.06,0.00,57.59,2026-03-17,3,Returning,20.4,34.8,4.0,
Uber Eats,UE-77098790,2026-03-13 15:13:00,Completed,Delivery,106.95,5.35,5.35,0.00,5.50,-32.09,0.30,0.00,0.00,0.00,-1.48,0.00,73.38,2026-03-17,3,Returning,22.6,44.5,5.0,
DoorDash,DD-56411827,2026-03-13 15:13:03,Completed,Delivery,93.15,4.66,4.66,0.00,0.00,-23.29,0.25,-1.20,0.00,0.00,-1.19,0.00,67.47,2026-03-19,3,Returning,14.3,40.5,,
Uber Eats,UE-17310923,2026-03-13 15:13:16,Completed,Delivery,124.20,6.21,6.21,0.00,0.00,-37.26,0.30,0.00,0.00,0.00,-0.53,0.00,86.41,2026-03-20,4,New,24.0,30.1,5.0,
DoorDash,DD-54062963,2026-03-13 16:25:20,Completed,Delivery,66.70,3.34,3.34,0.00,0.00,-16.68,0.25,0.00,0.00,0.00,-1.39,0.00,48.63,2026-03-20,2,Returning,25.4,25.9,,
Uber Eats,UE-50492729,2026-03-13 16:32:05,Completed,Delivery,116.15,5.81,5.81,0.00,7.01,-34.84,0.30,0.00,0.00,0.00,-1.49,0.00,79.82,2026-03-18,4,Returning,18.6,22.2,,
Uber Eats,UE-42159669,2026-03-13 16:43:18,Completed,Delivery,116.15,5.81,5.81,0.00,7.10,-34.84,0.30,-1.09,0.00,0.00,-0.90,0.00,79.32,2026-03-17,3,Returning,17.3,35.9,4.5,
DoorDash,DD-56646402,2026-03-13 16:46:31,Completed,Delivery,119.60,5.98,5.98,0.00,4.77,-29.90,0.25,0.00,0.00,0.00,-1.17,0.00,88.53,2026-03-17,4,Returning,16.0,35.7,5.0,
Uber Eats,UE-96810323,2026-03-13 16:59:14,Completed,Delivery,120.75,6.04,6.04,0.00,0.00,-36.23,0.30,0.00,0.00,0.00,-1.13,0.00,83.39,2026-03-20,4,Returning,24.3,23.6,,
Uber Eats,UE-56706111,2026-03-13 17:28:34,Completed,Delivery,34.50,1.73,1.73,0.00,0.00,-10.35,0.30,0.00,0.00,0.00,-1.45,0.00,22.70,2026-03-16,1,New,24.9,45.9,,
Uber Eats,UE-32005372,2026-03-13 17:52:53,Completed,Delivery,92.00,4.60,4.60,0.00,0.00,-27.60,0.30,0.00,0.00,0.00,-1.20,0.00,63.20,2026-03-19,3,Returning,15.2,20.3,,
Uber Eats,UE-41870300,2026-03-13 18:07:00,Completed,Delivery,125.35,6.27,6.27,0.00,0.00,-37.60,0.30,-1.64,0.00,0.00,-1.08,0.00,85.03,2026-03-19,3,New,17.6,32.9,4.5,
Uber Eats,UE-56439261,2026-03-13 18:22:47,Completed,Delivery,89.70,4.49,4.49,0.00,4.82,-26.91,0.30,0.00,0.00,0.00,-0.73,0.00,62.06,2026-03-16,2,Returning,12.9,30.8,,
DoorDash,DD-38200558,2026-03-13 18:54:31,Completed,Delivery,125.35,6.27,6.27,0.00,4.68,-31.34,0.25,0.00,0.00,0.00,-0.76,0.00,93.25,2026-03-18,3,New,14.8,49.2,,
Uber Eats,UE-70802362,2026-03-13 19:31:34,Completed,Delivery,120.75,6.04,6.04,0.00,2.42,-36.23,0.30,0.00,0.00,0.00,-0.62,0.00,83.90,2026-03-20,3,Returning,27.7,41.9,,
DoorDash,DD-50356223,2026-03-13 19:48:05,Completed,Delivery,62.10,3.11,3.11,0.00,2.23,-15.53,0.25,0.00,0.00,0.00,-0.98,0.00,45.59,2026-03-20,2,New,22.9,38.4,5.0,
Uber Eats,UE-45126359,2026-03-13 20:03:05,Completed,Delivery,138.00,6.90,6.90,0.00,7.85,-41.40,0.30,0.00,0.00,1.57,-0.67,0.00,97.50,2026-03-17,4,New,19.9,34.9,5.0,
Uber Eats,UE-74746517,2026-03-13 20:04:51,Completed,Delivery,112.70,5.64,5.64,0.00,7.52,-33.81,0.30,0.00,0.00,0.00,-0.87,0.00,78.02,2026-03-18,3,New,22.8,47.3,,
DoorDash,DD-22527296,2026-03-13 20:09:01,Completed,Delivery,41.40,2.07,2.07,0.00,6.39,-10.35,0.25,0.00,0.00,0.00,-0.75,0.00,30.30,2026-03-17,1,Returning,22.2,28.4,,
Uber Eats,UE-94061862,2026-03-13 21:00:58,Completed,Delivery,89.70,4.49,4.49,0.00,0.00,-26.91,0.30,0.00,0.00,0.00,-1.44,0.00,61.35,2026-03-19,3,New,21.1,26.3,4.5,
DoorDash,DD-54558415,2026-03-14 11:40:07,Completed,Delivery,161.00,8.05,8.05,0.00,6.58,-40.25,0.25,-0.20,0.00,0.00,-1.21,0.00,119.34,2026-03-20,4,Returning,24.0,40.4,,
Uber Eats,UE-43336604,2026-03-14 12:03:05,Completed,Delivery,141.45,7.07,7.07,0.00,3.36,-42.43,0.30,-1.10,0.00,0.00,-0.91,0.00,97.01,2026-03-17,4,Returning,14.8,31.7,3.0,
Uber Eats,UE-21506268,2026-03-14 12:25:06,Completed,Delivery,149.50,7.48,7.48,0.00,0.00,-44.85,0.30,0.00,0.00,0.00,-1.09,0.00,103.56,2026-03-19,4,Returning,12.5,42.3,,
Uber Eats,UE-10282069,2026-03-14 12:46:50,Completed,Delivery,41.40,2.07,2.07,0.00,4.10,-12.42,0.30,0.00,0.00,0.00,-0.67,0.00,28.31,2026-03-20,1,Returning,14.0,48.7,,
Uber Eats,UE-74179868,2026-03-14 13:23:12,Completed,Delivery,66.70,3.34,3.34,0.00,7.17,-20.01,0.30,-0.53,0.00,0.00,-1.19,0.00,44.97,2026-03-18,2,New,19.8,37.1,3.5,
Uber Eats,UE-11316844,2026-03-14 13:27:39,Completed,Delivery,57.50,2.88,2.88,0.00,6.08,-17.25,0.30,0.00,0.00,0.00,-0.59,0.00,39.66,2026-03-18,2,Returning,22.8,22.5,,
DoorDash,DD-94856640,2026-03-14 13:33:51,Completed,Delivery,69.00,3.45,3.45,0.00,7.73,-17.25,0.25,0.00,0.00,1.78,-0.84,0.00,52.69,2026-03-19,2,Returning,22.9,36.2,,
Uber Eats,UE-61456750,2026-03-14 14:15:50,Completed,Delivery,64.40,3.22,3.22,0.00,2.54,-19.32,0.30,0.00,0.00,0.00,-1.10,0.00,43.98,2026-03-21,2,Returning,20.1,35.7,,
Uber Eats,UE-49544213,2026-03-14 14:31:44,Completed,Delivery,25.30,1.27,1.27,0.00,0.00,-7.59,0.30,0.00,0.00,0.00,-1.32,0.00,16.39,2026-03-21,1,New,15.0,44.1,4.5,
Uber Eats,UE-21532042,2026-03-14 14:41:50,Completed,Delivery,139.15,6.96,6.96,0.00,2.01,-41.74,0.30,0.00,0.00,0.00,-1.25,0.00,96.16,2026-03-17,4,Returning,28.1,46.7,4.0,
DoorDash,DD-73431736,2026-03-14 15:05:58,Completed,Delivery,49.45,2.47,2.47,0.00,0.00,-12.36,0.25,0.00,0.00,0.00,-1.42,0.00,35.67,2026-03-19,2,Returning,27.0,32.9,,
Uber Eats,UE-77690194,2026-03-14 15:13:52,Completed,Delivery,75.90,3.80,3.80,0.00,2.91,-22.77,0.30,-0.20,0.00,0.00,-0.68,0.00,52.25,2026-03-20,3,Returning,28.6,24.9,,
DoorDash,DD-92564759,2026-03-14 15:34:13,Completed,Delivery,57.50,2.88,2.88,0.00,3.25,-14.38,0.25,0.00,-3.24,0.00,-0.80,0.00,39.08,2026-03-17,2,Returning,25.6,46.6,4.5,
DoorDash,DD-88342332,2026-03-14 16:39:59,Completed,Delivery,43.70,2.19,2.19,0.00,0.00,-10.93,0.25,0.00,0.00,0.00,-0.93,0.00,31.84,2026-03-21,2,New,19.2,22.6,5.0,
DoorDash,DD-78128910,2026-03-14 17:13:39,Completed,Delivery,56.35,2.82,2.82,0.00,6.43,-14.09,0.25,-1.54,0.00,0.00,-1.18,0.00,39.54,2026-03-19,2,Returning,23.6,28.9,3.0,
Uber Eats,UE-26792985,2026-03-14 17:32:22,Completed,Delivery,141.45,7.07,7.07,0.00,7.19,-42.43,0.30,0.00,0.00,0.00,-1.44,0.00,97.58,2026-03-21,4,Returning,13.4,47.9,4.5,
Uber Eats,UE-24274096,2026-03-14 17:50:41,Completed,Delivery,74.75,3.74,3.74,0.00,0.00,-22.43,0.30,0.00,0.00,0.00,-0.92,0.00,51.40,2026-03-18,2,Returning,24.4,20.7,4.5,
DoorDash,DD-72869815,2026-03-14 18:00:53,Completed,Delivery,60.95,3.05,3.05,0.00,3.17,-15.24,0.25,0.00,0.00,0.00,-0.90,0.00,44.81,2026-03-21,2,Returning,14.6,40.9,5.0,
Uber Eats,UE-75154803,2026-03-14 18:28:18,Completed,Delivery,127.65,6.38,6.38,0.00,4.89,-38.30,0.30,0.00,0.00,0.00,-0.61,0.00,88.74,2026-03-21,4,Returning,19.9,38.9,3.0,
Uber Eats,UE-58789023,2026-03-14 18:35:22,Completed,Delivery,71.30,3.56,3.56,0.00,4.45,-21.39,0.30,0.00,0.00,0.00,-1.48,0.00,48.43,2026-03-17,3,New,24.3,24.2,3.0,
Uber Eats,UE-24186362,2026-03-14 19:17:38,Completed,Delivery,59.80,2.99,2.99,0.00,7.77,-17.94,0.30,0.00,-4.47,0.00,-0.93,0.00,36.46,2026-03-20,2,Returning,27.1,43.9,,
Uber Eats,UE-61252299,2026-03-14 19:19:07,Completed,Delivery,139.15,6.96,6.96,0.00,6.28,-41.74,0.30,0.00,-2.47,0.00,-1.04,0.00,93.90,2026-03-19,4,Returning,24.3,28.8,,
DoorDash,DD-37713016,2026-03-14 19:41:03,Completed,Delivery,79.35,3.97,3.97,0.00,4.93,-19.84,0.25,0.00,0.00,0.00,-1.00,0.00,58.51,2026-03-17,2,New,12.7,25.0,3.0,
Uber Eats,UE-63697444,2026-03-14 19:49:43,Completed,Delivery,25.30,1.27,1.27,0.00,5.84,-7.59,0.30,0.00,0.00,0.00,-0.83,0.00,16.88,2026-03-19,1,Returning,18.7,40.8,,
Uber Eats,UE-82641526,2026-03-14 20:13:31,Completed,Delivery,138.00,6.90,6.90,0.00,0.00,-41.40,0.30,0.00,0.00,0.00,-1.12,0.00,95.48,2026-03-19,4,Returning,25.5,34.1,4.0,
Uber Eats,UE-56114141,2026-03-15 12:22:02,Completed,Delivery,96.60,4.83,4.83,0.00,6.34,-28.98,0.30,-1.01,0.00,0.00,-0.62,0.00,65.99,2026-03-20,3,New,12.4,41.0,5.0,
Uber Eats,UE-80793373,2026-03-15 12:41:57,Canceled,Delivery,67.85,3.39,3.39,0.00,0.00,-20.35,0.30,0.00,0.00,0.00,-0.77,0.00,0.00,2026-03-20,2,Returning,0.0,0.0,,
DoorDash,DD-85050693,2026-03-15 12:54:46,Completed,Delivery,123.05,6.15,6.15,0.00,7.54,-30.76,0.25,0.00,0.00,0.00,-1.19,0.00,91.10,2026-03-22,4,New,27.7,42.1,,
Uber Eats,UE-16322062,2026-03-15 12:59:08,Completed,Delivery,54.05,2.70,2.70,0.00,0.00,-16.21,0.30,0.00,0.00,0.00,-0.63,0.00,37.21,2026-03-18,2,Returning,20.0,39.2,5.0,
Uber Eats,UE-60941759,2026-03-15 13:08:37,Completed,Delivery,98.90,4.95,4.95,0.00,0.00,-29.67,0.30,0.00,0.00,0.00,-0.94,0.00,68.29,2026-03-21,3,Returning,26.9,32.2,,
DoorDash,DD-49707848,2026-03-15 13:20:38,Completed,Delivery,18.40,0.92,0.92,0.00,3.82,-4.60,0.25,0.00,0.00,0.00,-1.50,0.00,12.30,2026-03-21,1,Returning,13.2,37.0,,
DoorDash,DD-42294861,2026-03-15 13:26:10,Completed,Delivery,155.25,7.76,7.76,0.00,5.13,-38.81,0.25,0.00,0.00,0.00,-0.55,0.00,115.89,2026-03-21,4,Returning,23.1,22.8,,
Uber Eats,UE-14714324,2026-03-15 13:57:22,Completed,Delivery,100.05,5.00,5.00,0.00,0.00,-30.01,0.30,0.00,-3.80,0.00,-1.01,0.00,65.23,2026-03-22,3,New,20.5,48.2,,
Uber Eats,UE-18070642,2026-03-15 14:00:16,Completed,Delivery,83.95,4.20,4.20,0.00,0.00,-25.18,0.30,-1.83,0.00,0.00,-1.44,0.00,55.50,2026-03-19,2,Returning,19.5,24.9,,
Uber Eats,UE-45176979,2026-03-15 14:15:29,Completed,Delivery,117.30,5.87,5.87,0.00,2.24,-35.19,0.30,0.00,0.00,0.00,-0.60,0.00,81.51,2026-03-19,4,New,19.9,36.7,4.5,
DoorDash,DD-21395064,2026-03-15 15:48:06,Completed,Delivery,77.05,3.85,3.85,0.00,7.08,-19.26,0.25,0.00,0.00,1.58,-0.68,0.00,58.69,2026-03-19,3,Returning,23.1,35.0,,
Uber Eats,UE-20262280,2026-03-15 17:03:44,Completed,Delivery,80.50,4.03,4.03,0.00,2.29,-24.15,0.30,-0.18,0.00,0.00,-1.42,-4.49,50.26,2026-03-22,2,Returning,28.9,48.0,,
DoorDash,DD-51321212,2026-03-15 17:17:59,Completed,Delivery,97.75,4.89,4.89,0.00,3.37,-24.44,0.25,0.00,0.00,0.00,-0.97,0.00,72.34,2026-03-20,3,Returning,15.3,26.9,5.0,
Uber Eats,UE-24371393,2026-03-15 17:24:06,Completed,Delivery,83.95,4.20,4.20,0.00,5.85,-25.18,0.30,0.00,0.00,0.00,-0.67,0.00,58.10,2026-03-20,3,New,20.4,25.9,4.0,
DoorDash,DD-87241350,2026-03-15 18:01:58,Completed,Delivery,18.40,0.92,0.92,0.00,0.00,-4.60,0.25,0.00,0.00,0.00,-1.00,0.00,12.80,2026-03-20,1,Returning,16.1,26.4,5.0,
Uber Eats,UE-42551423,2026-03-15 19:46:38,Canceled,Delivery,73.60,3.68,3.68,0.00,6.44,-22.08,0.30,0.00,0.00,0.00,-0.77,0.00,0.00,2026-03-18,2,Returning,0.0,0.0,,
Uber Eats,UE-49530818,2026-03-15 19:55:17,Completed,Delivery,118.45,5.92,5.92,0.00,2.78,-35.53,0.30,0.00,0.00,0.00,-0.63,-8.04,74.25,2026-03-22,3,Returning,23.3,39.4,5.0,
Uber Eats,UE-89108513,2026-03-15 20:27:19,Completed,Delivery,89.70,4.49,4.49,0.00,2.45,-26.91,0.30,0.00,0.00,0.00,-0.79,0.00,62.00,2026-03-21,2,Returning,17.4,42.4,,
Uber Eats,UE-75926889,2026-03-15 20:37:15,Completed,Delivery,65.55,3.28,3.28,0.00,2.01,-19.66,0.30,0.00,0.00,0.00,-1.32,0.00,44.57,2026-03-19,2,Returning,25.8,40.6,,
DoorDash,DD-29588893,2026-03-16 11:45:51,Completed,Delivery,65.55,3.28,3.28,0.00,0.00,-16.39,0.25,-1.78,0.00,0.00,-1.33,0.00,46.05,2026-03-20,2,Returning,14.4,28.3,3.5,
Uber Eats,UE-37619159,2026-03-16 12:05:40,Completed,Delivery,48.30,2.42,2.42,0.00,3.01,-14.49,0.30,-0.73,0.00,0.00,-0.53,0.00,32.55,2026-03-20,1,New,26.9,24.7,5.0,
DoorDash,DD-93129489,2026-03-16 13:26:53,Completed,Delivery,97.75,4.89,4.89,0.00,4.43,-24.44,0.25,-1.41,0.00,0.00,-0.84,0.00,71.06,2026-03-21,3,Returning,16.0,38.9,4.5,
Uber Eats,UE-38165279,2026-03-16 13:30:43,Completed,Delivery,57.50,2.88,2.88,0.00,5.24,-17.25,0.30,0.00,0.00,0.00,-0.87,0.00,39.38,2026-03-19,2,New,17.3,20.6,3.0,
Uber Eats,UE-53916074,2026-03-16 14:33:37,Completed,Delivery,19.55,0.98,0.98,0.00,7.53,-5.87,0.30,0.00,0.00,0.00,-1.24,0.00,12.44,2026-03-23,1,Returning,29.7,49.2,4.5,
Uber Eats,UE-32269215,2026-03-16 15:29:40,Completed,Delivery,62.10,3.11,3.11,0.00,3.56,-18.63,0.30,0.00,0.00,0.00,-0.60,0.00,42.87,2026-03-22,2,New,23.0,36.1,,
Uber Eats,UE-81724027,2026-03-16 15:37:25,Completed,Delivery,32.20,1.61,1.61,0.00,2.68,-9.66,0.30,0.00,0.00,0.00,-0.93,0.00,21.61,2026-03-21,1,Returning,24.9,33.9,,
Uber Eats,UE-43541876,2026-03-16 16:58:01,Completed,Delivery,110.40,5.52,5.52,0.00,6.13,-33.12,0.30,0.00,0.00,0.00,-1.37,0.00,75.91,2026-03-23,4,New,20.5,48.6,,
Uber Eats,UE-52939342,2026-03-16 17:56:18,Completed,Delivery,47.15,2.36,2.36,0.00,0.00,-14.14,0.30,0.00,0.00,0.00,-0.67,0.00,32.34,2026-03-23,2,Returning,14.2,32.7,,
Uber Eats,UE-62218316,2026-03-16 18:09:43,Completed,Delivery,104.65,5.23,5.23,0.00,0.00,-31.39,0.30,0.00,0.00,0.00,-0.78,0.00,72.48,2026-03-20,3,Returning,26.0,33.4,5.0,
DoorDash,DD-41762422,2026-03-16 20:55:32,Completed,Delivery,25.30,1.27,1.27,0.00,4.46,-6.33,0.25,-0.07,0.00,0.00,-1.14,0.00,17.76,2026-03-21,1,New,19.5,23.8,3.5,
Uber Eats,UE-74898669,2026-03-17 11:37:09,Completed,Delivery,55.20,2.76,2.76,0.00,0.00,-16.56,0.30,0.00,-3.20,0.00,-0.64,0.00,34.80,2026-03-24,2,Returning,12.3,27.7,,
DoorDash,DD-70547194,2026-03-17 12:02:01,Completed,Delivery,121.90,6.10,6.10,0.00,0.00,-30.48,0.25,0.00,-2.56,0.00,-1.23,0.00,87.63,2026-03-22,3,Returning,12.3,46.6,,
Uber Eats,UE-33228002,2026-03-17 12:28:41,Completed,Delivery,66.70,3.34,3.34,0.00,3.58,-20.01,0.30,0.00,0.00,0.00,-1.38,0.00,45.31,2026-03-24,2,Returning,15.1,43.2,5.0,
DoorDash,DD-93388962,2026-03-17 13:58:50,Completed,Delivery,77.05,3.85,3.85,0.00,3.27,-19.26,0.25,0.00,0.00,0.00,-1.27,0.00,56.52,2026-03-20,3,Returning,27.9,39.4,5.0,
Uber Eats,UE-10947084,2026-03-17 14:44:01,Completed,Delivery,92.00,4.60,4.60,0.00,4.03,-27.60,0.30,0.00,0.00,1.05,-0.95,-7.86,56.64,2026-03-22,3,Returning,18.4,37.8,5.0,
DoorDash,DD-75787110,2026-03-17 15:18:52,Completed,Delivery,59.80,2.99,2.99,0.00,3.69,-14.95,0.25,0.00,0.00,1.46,-0.85,0.00,45.46,2026-03-23,3,Returning,16.3,21.0,,
Uber Eats,UE-41712879,2026-03-17 16:24:55,Completed,Delivery,66.70,3.34,3.34,0.00,3.41,-20.01,0.30,0.00,0.00,0.00,-0.74,0.00,45.95,2026-03-21,2,New,26.5,43.5,4.0,
Uber Eats,UE-98620825,2026-03-17 18:18:55,Completed,Delivery,44.85,2.24,2.24,0.00,6.23,-13.46,0.30,0.00,0.00,0.00,-0.72,0.00,30.67,2026-03-20,1,Returning,28.2,43.6,4.0,
DoorDash,DD-45499642,2026-03-17 18:21:56,Completed,Delivery,90.85,4.54,4.54,0.00,4.78,-22.71,0.25,-1.21,0.00,2.43,-0.83,0.00,68.53,2026-03-21,3,New,22.2,38.2,,
Uber Eats,UE-39824226,2026-03-17 18:32:22,Completed,Delivery,57.50,2.88,2.88,0.00,7.51,-17.25,0.30,0.00,0.00,0.00,-1.11,0.00,39.14,2026-03-20,2,New,25.7,33.3,5.0,
DoorDash,DD-54353873,2026-03-17 19:13:10,Completed,Delivery,89.70,4.49,4.49,0.00,0.00,-22.43,0.25,0.00,-3.98,0.00,-0.61,0.00,62.68,2026-03-20,3,Returning,12.6,44.8,4.0,
DoorDash,DD-16160367,2026-03-17 19:42:33,Completed,Delivery,44.85,2.24,2.24,0.00,5.90,-11.21,0.25,0.00,0.00,0.00,-1.01,0.00,32.63,2026-03-20,2,New,24.2,35.2,,
Uber Eats,UE-75500816,2026-03-17 19:58:57,Canceled,Delivery,87.40,4.37,4.37,0.00,5.08,-26.22,0.30,-0.06,0.00,0.00,-1.22,0.00,0.00,2026-03-24,3,Returning,0.0,0.0,,
Uber Eats,UE-94521975,2026-03-18 11:30:28,Completed,Delivery,79.35,3.97,3.97,0.00,0.00,-23.80,0.30,0.00,0.00,0.00,-1.09,0.00,54.46,2026-03-21,3,Returning,24.2,36.4,,
DoorDash,DD-78526369,2026-03-18 12:14:10,Completed,Delivery,70.15,3.51,3.51,0.00,5.54,-17.54,0.25,0.00,0.00,0.00,-1.26,0.00,51.35,2026-03-22,2,New,17.8,34.8,,
DoorDash,DD-83348307,2026-03-18 12:33:14,Completed,Delivery,48.30,2.42,2.42,0.00,4.80,-12.07,0.25,-1.66,0.00,0.00,-1.21,0.00,33.36,2026-03-25,1,Returning,12.3,39.7,4.0,
Uber Eats,UE-17366514,2026-03-18 12:59:23,Completed,Delivery,18.40,0.92,0.92,0.00,0.00,-5.52,0.30,0.00,0.00,0.00,-0.62,0.00,12.26,2026-03-23,1,Returning,16.3,48.1,5.0,
Uber Eats,UE-90632692,2026-03-18 13:21:03,Completed,Delivery,51.75,2.59,2.59,0.00,0.00,-15.52,0.30,0.00,-4.77,0.00,-1.08,0.00,30.38,2026-03-23,2,New,22.1,36.7,5.0,
Uber Eats,UE-28336012,2026-03-18 13:44:06,Completed,Delivery,51.75,2.59,2.59,0.00,6.82,-15.52,0.30,0.00,0.00,0.00,-0.54,0.00,35.69,2026-03-24,2,Returning,28.0,39.1,,
Uber Eats,UE-76662099,2026-03-18 14:30:35,Completed,Delivery,67.85,3.39,3.39,0.00,7.00,-20.35,0.30,0.00,0.00,0.00,-0.91,0.00,46.59,2026-03-25,2,Returning,23.8,21.8,4.5,
Uber Eats,UE-58817831,2026-03-18 15:49:56,Completed,Delivery,102.35,5.12,5.12,0.00,6.13,-30.70,0.30,0.00,0.00,0.00,-1.43,0.00,70.22,2026-03-24,3,Returning,12.3,36.7,5.0,
DoorDash,DD-82247083,2026-03-18 15:53:08,Completed,Delivery,87.40,4.37,4.37,0.00,4.74,-21.85,0.25,-1.34,-2.48,0.00,-0.85,0.00,60.88,2026-03-23,3,Returning,26.3,24.5,3.5,
Uber Eats,UE-71482803,2026-03-18 17:21:46,Completed,Delivery,124.20,6.21,6.21,0.00,4.83,-37.26,0.30,0.00,0.00,0.00,-0.52,0.00,86.42,2026-03-23,4,Returning,16.0,20.9,,
DoorDash,DD-86477196,2026-03-18 17:30:49,Completed,Delivery,40.25,2.01,2.01,0.00,0.00,-10.06,0.25,0.00,0.00,1.32,-1.42,0.00,30.09,2026-03-23,2,Returning,18.2,42.6,5.0,
DoorDash,DD-84403194,2026-03-18 19:04:04,Completed,Delivery,73.60,3.68,3.68,0.00,0.00,-18.40,0.25,0.00,0.00,0.00,-0.94,0.00,54.26,2026-03-24,3,Returning,18.6,28.3,,
DoorDash,DD-74080553,2026-03-18 19:19:26,Completed,Delivery,87.40,4.37,4.37,0.00,0.00,-21.85,0.25,0.00,0.00,0.00,-1.38,0.00,64.17,2026-03-21,2,Returning,28.5,25.6,,
DoorDash,DD-12072163,2026-03-18 19:39:52,Completed,Delivery,57.50,2.88,2.88,0.00,6.32,-14.38,0.25,-0.32,0.00,0.00,-0.62,0.00,42.18,2026-03-25,2,Returning,17.9,23.7,4.5,
DoorDash,DD-45216627,2026-03-19 11:42:17,Completed,Delivery,43.70,2.19,2.19,0.00,6.88,-10.93,0.25,0.00,0.00,0.00,-1.40,0.00,31.37,2026-03-22,2,Returning,20.9,34.5,4.0,
Uber Eats,UE-85011544,2026-03-19 11:51:16,Completed,Delivery,118.45,5.92,5.92,0.00,7.72,-35.53,0.30,0.00,0.00,0.00,-1.14,0.00,81.78,2026-03-24,4,New,22.3,29.2,,
Uber Eats,UE-30822016,2026-03-19 12:33:54,Completed,Delivery,119.60,5.98,5.98,0.00,4.23,-35.88,0.30,0.00,0.00,1.60,-1.00,0.00,84.32,2026-03-26,3,Returning,12.8,39.9,,
Uber Eats,UE-14570913,2026-03-19 13:33:05,Completed,Delivery,52.90,2.65,2.65,0.00,0.00,-15.87,0.30,0.00,0.00,0.00,-0.76,0.00,36.27,2026-03-26,2,Returning,29.0,41.7,,
Uber Eats,UE-63590722,2026-03-19 14:00:14,Completed,Delivery,72.45,3.62,3.62,0.00,5.38,-21.73,0.30,0.00,0.00,0.00,-0.76,0.00,49.96,2026-03-25,2,Returning,24.1,37.4,,
DoorDash,DD-47379187,2026-03-19 14:26:37,Completed,Delivery,141.45,7.07,7.07,0.00,0.00,-35.36,0.25,0.00,-3.64,0.00,-0.94,0.00,101.51,2026-03-22,4,Returning,28.3,27.5,3.0,
DoorDash,DD-14048265,2026-03-19 15:25:47,Completed,Delivery,152.95,7.65,7.65,0.00,0.00,-38.24,0.25,0.00,0.00,0.00,-1.44,0.00,113.27,2026-03-24,4,Returning,21.2,48.4,,
DoorDash,DD-48729753,2026-03-19 15:31:18,Completed,Delivery,109.25,5.46,5.46,0.00,0.00,-27.31,0.25,0.00,0.00,0.00,-0.57,0.00,81.37,2026-03-25,4,New,15.8,23.8,4.0,
Uber Eats,UE-67915963,2026-03-19 15:35:44,Completed,Delivery,57.50,2.88,2.88,0.00,6.35,-17.25,0.30,0.00,0.00,0.00,-1.24,0.00,39.01,2026-03-22,2,New,29.3,44.7,,
Uber Eats,UE-80060927,2026-03-19 16:44:17,Completed,Delivery,103.50,5.18,5.18,0.00,2.94,-31.05,0.30,0.00,-3.63,0.00,-1.48,0.00,67.34,2026-03-26,3,Returning,13.5,31.4,3.0,
DoorDash,DD-21051446,2026-03-19 16:46:39,Completed,Delivery,65.55,3.28,3.28,0.00,3.79,-16.39,0.25,0.00,0.00,0.00,-0.82,0.00,48.34,2026-03-25,2,Returning,27.8,30.5,,
Uber Eats,UE-43728235,2026-03-19 16:59:30,Completed,Delivery,75.90,3.80,3.80,0.00,6.27,-22.77,0.30,0.00,0.00,0.00,-1.17,0.00,51.96,2026-03-22,2,Returning,23.2,21.2,5.0,
Uber Eats,UE-54739341,2026-03-19 17:11:25,Completed,Delivery,79.35,3.97,3.97,0.00,4.56,-23.80,0.30,-1.60,0.00,0.00,-0.74,0.00,53.21,2026-03-23,3,Returning,20.3,26.8,,
Uber Eats,UE-48715847,2026-03-19 18:25:11,Completed,Delivery,112.70,5.64,5.64,0.00,0.00,-33.81,0.30,-1.20,0.00,0.00,-1.43,0.00,76.26,2026-03-22,4,New,16.9,21.0,,
DoorDash,DD-68877951,2026-03-19 19:58:22,Completed,Delivery,116.15,5.81,5.81,0.00,4.60,-29.04,0.25,0.00,0.00,0.00,-1.18,0.00,85.93,2026-03-23,3,New,28.9,20.1,,
DoorDash,DD-59743000,2026-03-19 20:16:09,Completed,Delivery,42.55,2.13,2.13,0.00,6.77,-10.64,0.25,0.00,0.00,0.00,-1.34,0.00,30.57,2026-03-26,1,Returning,17.3,29.6,5.0,
Uber Eats,UE-90858992,2026-03-20 12:43:32,Completed,Delivery,25.30,1.27,1.27,0.00,2.75,-7.59,0.30,-0.12,0.00,0.00,-1.05,0.00,16.54,2026-03-25,1,Returning,17.1,38.8,,
Uber Eats,UE-69847218,2026-03-20 13:01:28,Completed,Delivery,116.15,5.81,5.81,0.00,3.80,-34.84,0.30,-1.31,0.00,0.00,-1.16,0.00,78.84,2026-03-26,4,Returning,15.2,36.8,,
Uber Eats,UE-34012949,2026-03-20 13:31:05,Completed,Delivery,109.25,5.46,5.46,0.00,5.56,-32.77,0.30,0.00,0.00,0.00,-0.95,0.00,75.53,2026-03-23,3,Returning,20.7,22.4,,
DoorDash,DD-12303826,2026-03-20 13:36:28,Completed,Delivery,69.00,3.45,3.45,0.00,4.94,-17.25,0.25,0.00,0.00,0.00,-0.72,0.00,51.03,2026-03-23,3,New,25.0,36.5,,
DoorDash,DD-22233697,2026-03-20 14:14:45,Completed,Delivery,73.60,3.68,3.68,0.00,4.63,-18.40,0.25,0.00,0.00,0.00,-0.92,0.00,54.28,2026-03-26,2,Returning,21.0,48.0,,
DoorDash,DD-63638418,2026-03-20 14:40:15,Completed,Delivery,33.35,1.67,1.67,0.00,5.34,-8.34,0.25,0.00,0.00,0.00,-1.34,0.00,23.67,2026-03-23,1,New,25.4,45.8,,
Uber Eats,UE-76607527,2026-03-20 14:53:33,Completed,Delivery,97.75,4.89,4.89,0.00,0.00,-29.32,0.30,0.00,0.00,0.00,-1.29,0.00,67.14,2026-03-23,3,Returning,25.0,35.9,,
DoorDash,DD-47532844,2026-03-20 15:54:32,Completed,Delivery,32.20,1.61,1.61,0.00,0.00,-8.05,0.25,0.00,0.00,0.00,-0.85,0.00,23.30,2026-03-27,1,Returning,15.6,36.5,,
DoorDash,DD-86877702,2026-03-20 16:02:21,Completed,Delivery,66.70,3.34,3.34,0.00,2.91,-16.68,0.25,-0.95,0.00,0.00,-1.49,0.00,47.58,2026-03-25,2,New,16.5,26.6,,
DoorDash,DD-61906379,2026-03-20 16:15:29,Completed,Delivery,66.70,3.34,3.34,0.00,6.68,-16.68,0.25,0.00,0.00,0.00,-1.05,0.00,48.97,2026-03-23,2,New,24.1,45.9,,
Uber Eats,UE-15018590,2026-03-20 16:37:20,Completed,Delivery,143.75,7.19,7.19,0.00,6.64,-43.12,0.30,-0.11,0.00,0.00,-1.10,0.00,99.42,2026-03-27,4,Returning,18.2,36.1,,
DoorDash,DD-55540475,2026-03-20 17:06:39,Completed,Delivery,79.35,3.97,3.97,0.00,4.02,-19.84,0.25,0.00,0.00,0.00,-1.28,0.00,58.23,2026-03-23,2,Returning,21.8,46.5,,
DoorDash,DD-21618170,2026-03-20 18:26:29,Completed,Delivery,146.05,7.30,7.30,0.00,5.64,-36.51,0.25,0.00,0.00,0.00,-1.44,0.00,108.10,2026-03-23,4,New,13.9,23.3,,
DoorDash,DD-29873531,2026-03-20 18:50:51,Canceled,Delivery,120.75,6.04,6.04,0.00,0.00,-30.19,0.25,-1.56,0.00,0.00,-0.73,0.00,0.00,2026-03-25,4,New,0.0,0.0,,
DoorDash,DD-45211354,2026-03-20 19:19:04,Completed,Delivery,102.35,5.12,5.12,0.00,6.25,-25.59,0.25,0.00,0.00,0.00,-1.20,0.00,75.56,2026-03-25,3,Returning,18.4,22.8,4.0,
DoorDash,DD-39269018,2026-03-20 19:38:26,Completed,Delivery,34.50,1.73,1.73,0.00,0.00,-8.62,0.25,0.00,0.00,1.53,-1.32,0.00,26.09,2026-03-25,1,Returning,13.4,35.8,5.0,
DoorDash,DD-85503427,2026-03-20 20:14:41,Canceled,Delivery,102.35,5.12,5.12,0.00,3.16,-25.59,0.25,0.00,0.00,0.00,-0.79,0.00,0.00,2026-03-27,3,New,0.0,0.0,,
DoorDash,DD-53750773,2026-03-20 20:24:27,Completed,Delivery,73.60,3.68,3.68,0.00,3.33,-18.40,0.25,0.00,0.00,2.32,-1.42,0.00,56.10,2026-03-23,2,New,29.5,37.5,5.0,
Uber Eats,UE-80957555,2026-03-20 20:37:44,Canceled,Delivery,86.25,4.31,4.31,0.00,0.00,-25.88,0.30,0.00,0.00,0.00,-1.26,0.00,0.00,2026-03-25,3,Returning,0.0,0.0,,
Uber Eats,UE-68455303,2026-03-21 11:42:11,Completed,Delivery,98.90,4.95,4.95,0.00,4.30,-29.67,0.30,0.00,0.00,0.00,-1.20,0.00,68.03,2026-03-26,3,Returning,24.8,45.9,,
DoorDash,DD-59417134,2026-03-21 11:57:43,Completed,Delivery,113.85,5.69,5.69,0.00,6.06,-28.46,0.25,0.00,0.00,0.00,-0.53,0.00,84.86,2026-03-28,4,New,12.3,28.2,4.0,
Uber Eats,UE-53051929,2026-03-21 12:20:32,Completed,Delivery,95.45,4.77,4.77,0.00,2.91,-28.64,0.30,0.00,0.00,0.00,-0.65,0.00,66.16,2026-03-26,3,Returning,19.1,22.4,,
Uber Eats,UE-85778663,2026-03-21 13:32:47,Completed,Delivery,21.85,1.09,1.09,0.00,4.19,-6.56,0.30,0.00,0.00,0.00,-1.13,0.00,14.16,2026-03-25,1,Returning,15.0,30.0,,
Uber Eats,UE-74529744,2026-03-21 14:08:10,Completed,Delivery,126.50,6.33,6.33,0.00,5.49,-37.95,0.30,0.00,0.00,0.00,-1.12,0.00,87.43,2026-03-28,4,Returning,27.4,46.1,,
DoorDash,DD-37853303,2026-03-21 14:16:47,Completed,Delivery,57.50,2.88,2.88,0.00,3.87,-14.38,0.25,0.00,0.00,0.00,-0.52,0.00,42.60,2026-03-26,2,New,19.4,45.0,,
Uber Eats,UE-40604322,2026-03-21 14:52:12,Completed,Delivery,92.00,4.60,4.60,0.00,2.29,-27.60,0.30,0.00,0.00,0.00,-1.49,0.00,62.91,2026-03-27,3,Returning,18.7,36.2,4.5,
Uber Eats,UE-80347908,2026-03-21 14:54:41,Completed,Delivery,70.15,3.51,3.51,0.00,0.00,-21.05,0.30,0.00,0.00,0.00,-1.28,0.00,47.82,2026-03-24,2,Returning,12.9,47.2,,
DoorDash,DD-55200653,2026-03-21 15:05:13,Canceled,Delivery,98.90,4.95,4.95,0.00,7.10,-24.73,0.25,-1.57,0.00,0.00,-1.25,0.00,0.00,2026-03-24,3,New,0.0,0.0,,
Uber Eats,UE-57434838,2026-03-21 15:42:10,Completed,Delivery,112.70,5.64,5.64,0.00,7.34,-33.81,0.30,0.00,0.00,0.00,-1.18,0.00,77.71,2026-03-27,3,New,21.7,27.7,4.0,
DoorDash,DD-23670169,2026-03-21 16:05:47,Completed,Delivery,108.10,5.41,5.41,0.00,0.00,-27.02,0.25,0.00,-2.76,0.00,-0.77,0.00,77.55,2026-03-28,4,New,26.5,44.9,,
DoorDash,DD-23305622,2026-03-21 16:19:47,Completed,Delivery,66.70,3.34,3.34,0.00,0.00,-16.68,0.25,0.00,0.00,0.00,-1.13,0.00,48.89,2026-03-24,2,New,13.5,38.4,,
Uber Eats,UE-92229647,2026-03-21 16:36:12,Completed,Delivery,32.20,1.61,1.61,0.00,2.50,-9.66,0.30,-1.23,0.00,0.00,-0.86,0.00,20.45,2026-03-26,1,Returning,16.0,30.2,,
Uber Eats,UE-38007814,2026-03-21 16:56:47,Completed,Delivery,43.70,2.19,2.19,0.00,5.24,-13.11,0.30,0.00,0.00,0.00,-0.67,0.00,29.92,2026-03-24,2,New,16.7,27.0,5.0,
Uber Eats,UE-95788017,2026-03-21 17:48:06,Completed,Delivery,118.45,5.92,5.92,0.00,4.78,-35.53,0.30,-0.48,0.00,2.36,-1.18,0.00,83.62,2026-03-25,3,Returning,19.6,30.6,,
DoorDash,DD-63320166,2026-03-21 17:50:28,Completed,Delivery,60.95,3.05,3.05,0.00,5.11,-15.24,0.25,0.00,0.00,0.00,-1.44,0.00,44.27,2026-03-25,2,Returning,27.5,48.9,,
Uber Eats,UE-63461070,2026-03-21 17:56:15,Completed,Delivery,98.90,4.95,4.95,0.00,2.22,-29.67,0.30,0.00,0.00,0.00,-1.03,0.00,68.20,2026-03-25,3,New,17.5,20.0,,
Uber Eats,UE-23576674,2026-03-21 18:06:52,Completed,Delivery,89.70,4.49,4.49,0.00,4.53,-26.91,0.30,0.00,0.00,0.00,-0.72,0.00,62.07,2026-03-25,2,Returning,18.9,43.6,3.0,
Uber Eats,UE-50799241,2026-03-21 18:30:40,Completed,Delivery,51.75,2.59,2.59,0.00,0.00,-15.52,0.30,0.00,-2.83,0.00,-1.44,0.00,31.96,2026-03-28,2,Returning,13.2,44.6,,
DoorDash,DD-32257007,2026-03-21 19:24:40,Completed,Delivery,44.85,2.24,2.24,0.00,3.82,-11.21,0.25,-1.63,0.00,0.00,-1.40,0.00,30.61,2026-03-27,1,Returning,12.9,39.1,,
Uber Eats,UE-83790331,2026-03-21 19:28:48,Completed,Delivery,117.30,5.87,5.87,0.00,7.43,-35.19,0.30,0.00,0.00,0.00,-0.82,0.00,81.29,2026-03-24,3,New,12.3,42.1,5.0,
DoorDash,DD-17293083,2026-03-22 11:53:04,Completed,Delivery,98.90,4.95,4.95,0.00,4.64,-24.73,0.25,0.00,0.00,0.00,-0.53,0.00,73.64,2026-03-26,3,Returning,26.6,32.1,,
Uber Eats,UE-78301316,2026-03-22 12:17:32,Completed,Delivery,73.60,3.68,3.68,0.00,0.00,-22.08,0.30,-0.07,0.00,0.00,-0.99,0.00,50.46,2026-03-29,3,Returning,25.1,24.1,,
Uber Eats,UE-19500889,2026-03-22 12:32:48,Completed,Delivery,136.85,6.84,6.84,0.00,0.00,-41.05,0.30,-1.24,0.00,0.00,-0.57,0.00,93.99,2026-03-28,4,Returning,13.8,41.5,,
DoorDash,DD-32620751,2026-03-22 12:36:10,Completed,Delivery,95.45,4.77,4.77,0.00,0.00,-23.86,0.25,0.00,0.00,0.00,-0.86,0.00,70.73,2026-03-26,3,New,25.6,24.8,5.0,
Uber Eats,UE-59936589,2026-03-22 12:48:14,Completed,Delivery,69.00,3.45,3.45,0.00,5.25,-20.70,0.30,0.00,0.00,0.00,-1.19,0.00,47.11,2026-03-25,2,New,12.0,38.2,3.0,
Uber Eats,UE-44967862,2026-03-22 12:54:49,Completed,Delivery,34.50,1.73,1.73,0.00,2.04,-10.35,0.30,0.00,0.00,0.00,-0.65,0.00,23.50,2026-03-27,1,Returning,27.0,34.9,,
DoorDash,DD-93126707,2026-03-22 13:07:09,Completed,Delivery,42.55,2.13,2.13,0.00,5.02,-10.64,0.25,0.00,0.00,0.00,-0.60,0.00,31.31,2026-03-28,1,New,29.0,43.0,3.0,
Uber Eats,UE-35240165,2026-03-22 14:15:32,Completed,Delivery,79.35,3.97,3.97,0.00,2.26,-23.80,0.30,0.00,-4.89,0.00,-0.60,0.00,50.06,2026-03-27,3,New,20.4,28.9,4.0,
Uber Eats,UE-49429902,2026-03-22 14:36:42,Completed,Delivery,101.20,5.06,5.06,0.00,5.19,-30.36,0.30,0.00,0.00,0.00,-0.74,-8.27,61.83,2026-03-28,3,Returning,16.3,33.5,5.0,
DoorDash,DD-88526576,2026-03-22 16:42:56,Completed,Delivery,86.25,4.31,4.31,0.00,5.96,-21.56,0.25,0.00,0.00,0.00,-1.04,0.00,63.65,2026-03-28,2,Returning,27.0,46.6,,
DoorDash,DD-35747085,2026-03-22 16:56:56,Completed,Delivery,117.30,5.87,5.87,0.00,3.53,-29.32,0.25,0.00,0.00,0.00,-1.33,0.00,86.65,2026-03-28,4,New,17.6,36.5,,
Uber Eats,UE-10251102,2026-03-22 17:54:10,Completed,Delivery,34.50,1.73,1.73,0.00,3.63,-10.35,0.30,0.00,0.00,0.00,-1.33,0.00,22.82,2026-03-26,1,New,28.1,45.5,,
Uber Eats,UE-13818990,2026-03-22 18:01:52,Completed,Delivery,65.55,3.28,3.28,0.00,4.86,-19.66,0.30,0.00,0.00,2.63,-0.88,0.00,47.64,2026-03-27,3,New,22.1,23.5,,
Uber Eats,UE-30906622,2026-03-22 18:05:31,Completed,Delivery,127.65,6.38,6.38,0.00,5.82,-38.30,0.30,-0.38,0.00,0.00,-0.79,0.00,88.18,2026-03-27,4,Returning,16.7,26.7,,
Uber Eats,UE-46115272,2026-03-22 18:48:11,Completed,Delivery,73.60,3.68,3.68,0.00,5.75,-22.08,0.30,0.00,0.00,0.00,-1.24,0.00,50.28,2026-03-28,2,Returning,13.4,24.3,,
DoorDash,DD-78238599,2026-03-22 19:40:13,Completed,Delivery,74.75,3.74,3.74,0.00,4.11,-18.69,0.25,0.00,0.00,0.00,-1.12,0.00,54.94,2026-03-28,2,New,22.7,39.3,4.5,
DoorDash,DD-60657699,2026-03-22 19:42:20,Completed,Delivery,134.55,6.73,6.73,0.00,0.00,-33.64,0.25,0.00,0.00,0.00,-1.49,0.00,99.42,2026-03-25,4,New,20.6,32.6,3.5,
Uber Eats,UE-19598381,2026-03-22 20:01:57,Completed,Delivery,79.35,3.97,3.97,0.00,5.90,-23.80,0.30,0.00,0.00,0.00,-0.83,0.00,54.72,2026-03-27,3,Returning,21.4,23.2,,
Uber Eats,UE-40472352,2026-03-22 20:07:37,Completed,Delivery,98.90,4.95,4.95,0.00,3.31,-29.67,0.30,-0.64,0.00,0.00,-0.62,0.00,67.97,2026-03-26,3,New,14.6,26.1,3.0,
DoorDash,DD-33338000,2026-03-23 11:36:29,Completed,Delivery,79.35,3.97,3.97,0.00,5.33,-19.84,0.25,0.00,-3.06,0.00,-0.95,0.00,55.50,2026-03-30,2,New,19.4,42.3,4.0,
Uber Eats,UE-63467341,2026-03-23 12:24:02,Completed,Delivery,92.00,4.60,4.60,0.00,4.11,-27.60,0.30,0.00,0.00,0.00,-0.56,0.00,63.84,2026-03-26,3,Returning,12.5,22.7,4.0,
DoorDash,DD-43230542,2026-03-23 14:26:52,Completed,Delivery,82.80,4.14,4.14,0.00,0.00,-20.70,0.25,0.00,-4.89,0.00,-1.13,0.00,56.08,2026-03-28,3,New,17.8,32.3,,
Uber Eats,UE-62313993,2026-03-23 14:33:34,Completed,Delivery,132.25,6.61,6.61,0.00,6.92,-39.67,0.30,-1.18,0.00,0.00,-0.92,0.00,90.48,2026-03-26,4,Returning,27.2,31.2,,
DoorDash,DD-32476480,2026-03-23 14:39:00,Completed,Delivery,77.05,3.85,3.85,0.00,0.00,-19.26,0.25,0.00,0.00,0.00,-1.33,0.00,56.46,2026-03-29,3,Returning,24.2,46.0,3.5,
Uber Eats,UE-38514942,2026-03-23 15:34:34,Completed,Delivery,136.85,6.84,6.84,0.00,0.00,-41.05,0.30,-0.57,0.00,0.00,-1.32,0.00,93.91,2026-03-26,4,Returning,28.4,43.6,,
DoorDash,DD-95173165,2026-03-23 16:20:02,Completed,Delivery,18.40,0.92,0.92,0.00,0.00,-4.60,0.25,0.00,0.00,0.00,-1.43,0.00,12.37,2026-03-28,1,New,13.0,43.1,,
Uber Eats,UE-73999911,2026-03-23 18:10:20,Completed,Delivery,96.60,4.83,4.83,0.00,5.52,-28.98,0.30,0.00,0.00,0.00,-1.29,0.00,66.33,2026-03-30,3,Returning,14.6,32.2,,
Uber Eats,UE-71242141,2026-03-23 18:10:25,Completed,Delivery,41.40,2.07,2.07,0.00,4.57,-12.42,0.30,0.00,0.00,0.00,-1.01,0.00,27.97,2026-03-30,1,New,24.7,31.6,5.0,
Uber Eats,UE-26818467,2026-03-23 20:40:15,Completed,Delivery,92.00,4.60,4.60,0.00,7.63,-27.60,0.30,-0.01,0.00,0.00,-1.36,0.00,63.03,2026-03-30,3,New,16.1,40.7,5.0,
Uber Eats,UE-36873464,2026-03-24 12:14:44,Completed,Delivery,47.15,2.36,2.36,0.00,0.00,-14.14,0.30,0.00,0.00,0.00,-0.61,0.00,32.40,2026-03-28,2,Returning,22.5,26.7,,
Uber Eats,UE-28065235,2026-03-24 12:53:19,Completed,Delivery,101.20,5.06,5.06,0.00,4.15,-30.36,0.30,0.00,0.00,0.00,-0.89,-5.13,64.82,2026-03-27,3,Returning,13.3,37.8,,
Uber Eats,UE-75142171,2026-03-24 15:07:13,Completed,Delivery,90.85,4.54,4.54,0.00,7.43,-27.25,0.30,0.00,0.00,0.00,-1.34,0.00,62.26,2026-03-31,3,Returning,25.6,46.0,4.5,
Uber Eats,UE-43190817,2026-03-24 16:07:05,Completed,Delivery,25.30,1.27,1.27,0.00,4.98,-7.59,0.30,0.00,0.00,0.00,-0.64,0.00,17.07,2026-03-30,1,New,21.8,34.4,3.5,
DoorDash,DD-61537697,2026-03-24 17:12:33,Completed,Delivery,148.35,7.42,7.42,0.00,2.55,-37.09,0.25,0.00,0.00,0.00,-1.10,0.00,110.16,2026-03-28,4,Returning,27.2,30.8,,
DoorDash,DD-10633747,2026-03-24 17:36:35,Completed,Delivery,140.30,7.02,7.02,0.00,6.93,-35.08,0.25,0.00,0.00,0.00,-0.83,0.00,104.39,2026-03-30,4,Returning,16.5,45.7,,
Uber Eats,UE-79038580,2026-03-24 17:43:11,Completed,Delivery,112.70,5.64,5.64,0.00,3.32,-33.81,0.30,-0.17,0.00,0.00,-0.51,0.00,78.21,2026-03-29,4,Returning,28.9,31.9,3.0,
DoorDash,DD-16692726,2026-03-24 18:09:09,Completed,Delivery,43.70,2.19,2.19,0.00,6.94,-10.93,0.25,0.00,0.00,0.00,-1.42,0.00,31.35,2026-03-27,2,New,25.8,33.2,,
DoorDash,DD-49493630,2026-03-24 19:41:32,Completed,Delivery,57.50,2.88,2.88,0.00,5.04,-14.38,0.25,0.00,0.00,0.00,-0.71,0.00,42.41,2026-03-27,2,New,28.5,24.4,4.5,
Uber Eats,UE-25304915,2026-03-24 20:25:28,Completed,Delivery,40.25,2.01,2.01,0.00,7.25,-12.07,0.30,0.00,0.00,0.00,-0.77,0.00,27.41,2026-03-27,2,New,25.3,44.4,,
Uber Eats,UE-25640042,2026-03-24 20:47:25,Completed,Delivery,58.65,2.93,2.93,0.00,6.04,-17.59,0.30,0.00,0.00,0.00,-0.64,0.00,40.42,2026-03-27,2,Returning,14.9,35.6,,
DoorDash,DD-10094101,2026-03-25 12:11:10,Completed,Delivery,54.05,2.70,2.70,0.00,0.00,-13.51,0.25,0.00,-4.62,0.00,-0.69,0.00,35.23,2026-03-28,2,New,20.9,25.2,,
Uber Eats,UE-42705612,2026-03-25 13:12:06,Completed,Delivery,52.90,2.65,2.65,0.00,0.00,-15.87,0.30,0.00,0.00,0.00,-0.88,0.00,36.15,2026-04-01,2,Returning,24.1,28.0,3.5,
DoorDash,DD-59566282,2026-03-25 15:00:22,Completed,Delivery,51.75,2.59,2.59,0.00,4.67,-12.94,0.25,0.00,0.00,0.00,-0.73,0.00,38.08,2026-03-31,2,New,28.7,22.8,,
Uber Eats,UE-12790983,2026-03-25 15:16:08,Completed,Delivery,86.25,4.31,4.31,0.00,5.30,-25.88,0.30,0.00,0.00,0.00,-1.05,0.00,59.32,2026-04-01,2,Returning,25.2,45.0,5.0,
DoorDash,DD-24972591,2026-03-25 15:17:55,Completed,Delivery,56.35,2.82,2.82,0.00,4.75,-14.09,0.25,0.00,0.00,0.00,-0.60,0.00,41.66,2026-03-29,2,Returning,15.2,44.4,4.0,
DoorDash,DD-21441017,2026-03-25 15:45:49,Completed,Delivery,106.95,5.35,5.35,0.00,2.14,-26.74,0.25,0.00,0.00,2.09,-0.62,0.00,81.68,2026-03-31,3,Returning,28.0,40.2,,
DoorDash,DD-10368034,2026-03-25 17:19:00,Completed,Delivery,90.85,4.54,4.54,0.00,4.75,-22.71,0.25,0.00,0.00,0.00,-1.47,0.00,66.67,2026-04-01,3,New,29.8,45.3,,
Uber Eats,UE-73237422,2026-03-25 19:46:30,Completed,Delivery,86.25,4.31,4.31,0.00,4.66,-25.88,0.30,0.00,0.00,0.00,-1.20,0.00,59.17,2026-03-31,3,New,19.7,34.3,4.0,
Uber Eats,UE-62825935,2026-03-25 19:56:59,Completed,Delivery,97.75,4.89,4.89,0.00,7.46,-29.32,0.30,0.00,0.00,0.00,-1.01,0.00,67.42,2026-03-29,3,Returning,19.6,48.1,4.5,
DoorDash,DD-85713814,2026-03-25 20:21:29,Completed,Delivery,33.35,1.67,1.67,0.00,2.73,-8.34,0.25,0.00,0.00,0.00,-0.99,0.00,24.02,2026-03-30,1,New,22.6,31.3,,
Uber Eats,UE-81773386,2026-03-25 20:57:23,Completed,Delivery,44.85,2.24,2.24,0.00,0.00,-13.46,0.30,0.00,0.00,0.00,-0.80,0.00,30.59,2026-03-30,1,New,25.5,36.8,,
Uber Eats,UE-48131003,2026-03-26 12:20:19,Completed,Delivery,77.05,3.85,3.85,0.00,0.00,-23.11,0.30,0.00,0.00,0.00,-1.14,0.00,52.80,2026-03-29,2,Returning,18.0,35.5,3.5,
DoorDash,DD-91778204,2026-03-26 12:48:48,Completed,Delivery,116.15,5.81,5.81,0.00,5.20,-29.04,0.25,0.00,0.00,0.00,-0.66,0.00,86.45,2026-04-02,4,Returning,13.0,20.7,,
Uber Eats,UE-38428825,2026-03-26 13:43:07,Completed,Delivery,32.20,1.61,1.61,0.00,0.00,-9.66,0.30,0.00,-2.38,0.00,-0.60,0.00,19.56,2026-03-29,1,Returning,13.6,40.9,,
Uber Eats,UE-50276360,2026-03-26 13:54:58,Completed,Delivery,34.50,1.73,1.73,0.00,0.00,-10.35,0.30,-0.51,0.00,0.00,-1.48,0.00,22.16,2026-03-30,1,Returning,30.0,41.7,5.0,
Uber Eats,UE-89704641,2026-03-26 14:06:11,Completed,Delivery,63.25,3.16,3.16,0.00,5.57,-18.97,0.30,0.00,0.00,0.00,-0.90,0.00,43.38,2026-03-30,2,Returning,14.8,22.7,4.5,
DoorDash,DD-41959808,2026-03-26 14:35:56,Completed,Delivery,102.35,5.12,5.12,0.00,2.98,-25.59,0.25,0.00,0.00,0.00,-1.08,0.00,75.68,2026-03-30,3,Returning,28.9,43.5,3.5,
DoorDash,DD-51076039,2026-03-26 14:46:08,Completed,Delivery,19.55,0.98,0.98,0.00,2.06,-4.89,0.25,-1.79,0.00,0.00,-0.69,0.00,12.18,2026-03-30,1,Returning,30.0,28.5,,
DoorDash,DD-39553691,2026-03-26 14:47:26,Completed,Delivery,40.25,2.01,2.01,0.00,0.00,-10.06,0.25,-0.92,0.00,0.00,-1.23,0.00,28.04,2026-03-30,2,New,19.3,44.4,,
DoorDash,DD-79004571,2026-03-26 14:48:12,Completed,Delivery,109.25,5.46,5.46,0.00,2.72,-27.31,0.25,-0.40,0.00,0.00,-1.17,0.00,80.37,2026-03-31,3,Returning,14.1,43.2,3.0,
DoorDash,DD-81642294,2026-03-26 15:02:07,Completed,Delivery,112.70,5.64,5.64,0.00,7.21,-28.18,0.25,0.00,0.00,0.00,-1.12,0.00,83.40,2026-03-31,4,Returning,24.7,33.3,3.0,
DoorDash,DD-89017009,2026-03-26 16:15:36,Completed,Delivery,21.85,1.09,1.09,0.00,3.12,-5.46,0.25,0.00,0.00,0.00,-1.12,0.00,15.27,2026-03-30,1,New,18.6,42.7,5.0,
DoorDash,DD-98618089,2026-03-26 16:39:31,Completed,Delivery,95.45,4.77,4.77,0.00,7.39,-23.86,0.25,0.00,0.00,0.00,-0.61,0.00,70.98,2026-04-01,3,Returning,16.9,23.1,,
Uber Eats,UE-88819878,2026-03-26 17:52:38,Completed,Delivery,94.30,4.71,4.71,0.00,4.75,-28.29,0.30,0.00,0.00,0.00,-0.90,0.00,65.11,2026-03-30,3,New,25.8,22.0,4.0,
DoorDash,DD-50749557,2026-03-26 18:20:36,Completed,Delivery,63.25,3.16,3.16,0.00,4.61,-15.81,0.25,0.00,0.00,0.00,-0.78,0.00,46.66,2026-03-31,2,New,16.8,37.0,4.0,
Uber Eats,UE-87886185,2026-03-26 19:25:56,Completed,Delivery,42.55,2.13,2.13,0.00,2.03,-12.76,0.30,-1.66,0.00,0.00,-1.10,0.00,27.03,2026-03-31,1,Returning,13.9,32.4,,
Uber Eats,UE-23734280,2026-03-26 20:48:32,Canceled,Delivery,87.40,4.37,4.37,0.00,0.00,-26.22,0.30,-1.91,0.00,0.00,-0.68,0.00,0.00,2026-04-01,3,Returning,0.0,0.0,,
Uber Eats,UE-17743008,2026-03-26 20:55:22,Completed,Delivery,98.90,4.95,4.95,0.00,2.23,-29.67,0.30,0.00,0.00,0.00,-1.46,0.00,67.77,2026-04-01,4,Returning,20.5,34.1,,
Uber Eats,UE-20000135,2026-03-26 21:00:21,Completed,Delivery,21.85,1.09,1.09,0.00,4.66,-6.56,0.30,0.00,0.00,0.00,-1.19,0.00,14.10,2026-04-01,1,Returning,14.2,42.7,,
Uber Eats,UE-73525581,2026-03-27 12:20:44,Completed,Delivery,97.75,4.89,4.89,0.00,5.88,-29.32,0.30,0.00,0.00,0.00,-1.02,0.00,67.41,2026-04-03,3,New,20.7,45.7,,
DoorDash,DD-17032501,2026-03-27 12:26:11,Completed,Delivery,49.45,2.47,2.47,0.00,5.45,-12.36,0.25,0.00,0.00,0.00,-0.75,0.00,36.34,2026-04-03,2,Returning,19.3,42.2,,
DoorDash,DD-27409998,2026-03-27 12:33:00,Completed,Delivery,19.55,0.98,0.98,0.00,4.17,-4.89,0.25,-1.67,0.00,0.00,-0.79,0.00,12.20,2026-03-30,1,New,20.0,21.9,,
DoorDash,DD-83638978,2026-03-27 12:51:27,Completed,Delivery,133.40,6.67,6.67,0.00,7.93,-33.35,0.25,0.00,0.00,0.00,-1.39,0.00,98.66,2026-04-03,4,Returning,22.9,47.2,3.0,
DoorDash,DD-81271326,2026-03-27 13:02:29,Completed,Delivery,73.60,3.68,3.68,0.00,5.80,-18.40,0.25,0.00,0.00,0.00,-1.09,0.00,54.11,2026-04-02,2,Returning,21.2,25.0,,
Uber Eats,UE-21015664,2026-03-27 13:03:41,Completed,Delivery,51.75,2.59,2.59,0.00,4.41,-15.52,0.30,0.00,0.00,0.00,-1.41,0.00,34.82,2026-03-31,2,Returning,23.6,36.9,,
DoorDash,DD-10953477,2026-03-27 13:22:12,Canceled,Delivery,79.35,3.97,3.97,0.00,0.00,-19.84,0.25,0.00,0.00,0.00,-1.38,0.00,0.00,2026-03-30,3,Returning,0.0,0.0,,
DoorDash,DD-49077097,2026-03-27 13:53:40,Completed,Delivery,66.70,3.34,3.34,0.00,5.52,-16.68,0.25,0.00,0.00,0.00,-1.46,0.00,48.56,2026-04-01,2,Returning,27.2,22.0,,
Uber Eats,UE-21124466,2026-03-27 14:21:08,Completed,Delivery,93.15,4.66,4.66,0.00,5.13,-27.95,0.30,0.00,0.00,2.81,-1.38,0.00,66.63,2026-04-02,3,Returning,29.2,24.6,3.0,
DoorDash,DD-78860039,2026-03-27 14:29:31,Completed,Delivery,51.75,2.59,2.59,0.00,0.00,-12.94,0.25,0.00,0.00,0.00,-1.22,0.00,37.59,2026-04-02,2,Returning,24.7,37.6,5.0,
DoorDash,DD-99997571,2026-03-27 14:31:24,Canceled,Delivery,62.10,3.11,3.11,0.00,6.16,-15.53,0.25,0.00,0.00,0.00,-1.21,0.00,0.00,2026-03-31,3,Returning,0.0,0.0,,
DoorDash,DD-22198865,2026-03-27 15:09:05,Completed,Delivery,51.75,2.59,2.59,0.00,0.00,-12.94,0.25,0.00,-4.62,0.00,-1.10,0.00,33.09,2026-03-30,2,Returning,17.7,37.9,4.5,
Uber Eats,UE-30981720,2026-03-27 17:58:12,Completed,Delivery,66.70,3.34,3.34,0.00,6.44,-20.01,0.30,0.00,0.00,0.00,-0.79,0.00,45.90,2026-04-03,2,Returning,29.6,33.3,5.0,
Uber Eats,UE-40962672,2026-03-27 18:02:06,Completed,Delivery,89.70,4.49,4.49,0.00,7.31,-26.91,0.30,0.00,0.00,0.00,-0.72,0.00,62.07,2026-04-03,3,New,24.9,40.6,,
Uber Eats,UE-93379031,2026-03-27 18:15:41,Completed,Delivery,163.30,8.17,8.17,0.00,0.00,-48.99,0.30,0.00,0.00,0.00,-1.42,0.00,112.89,2026-04-03,4,Returning,22.8,48.4,5.0,
Uber Eats,UE-36111992,2026-03-27 19:00:00,Completed,Delivery,66.70,3.34,3.34,0.00,7.31,-20.01,0.30,0.00,0.00,0.00,-0.69,0.00,46.00,2026-04-01,2,New,19.8,43.3,5.0,
Uber Eats,UE-39769266,2026-03-27 19:12:20,Completed,Delivery,83.95,4.20,4.20,0.00,7.85,-25.18,0.30,0.00,0.00,0.00,-0.89,0.00,57.88,2026-03-31,2,Returning,12.4,39.9,,
Uber Eats,UE-74987035,2026-03-27 19:19:17,Canceled,Delivery,52.90,2.65,2.65,0.00,2.13,-15.87,0.30,0.00,0.00,0.00,-1.07,0.00,0.00,2026-04-02,2,Returning,0.0,0.0,,
DoorDash,DD-53591519,2026-03-27 19:22:29,Completed,Delivery,25.30,1.27,1.27,0.00,3.88,-6.33,0.25,0.00,0.00,0.00,-0.93,0.00,18.04,2026-04-01,1,Returning,18.5,21.1,5.0,
DoorDash,DD-21375784,2026-03-27 19:38:53,Completed,Delivery,62.10,3.11,3.11,0.00,0.00,-15.53,0.25,0.00,0.00,0.00,-1.36,0.00,45.21,2026-04-01,2,Returning,15.6,27.0,,
Uber Eats,UE-29330733,2026-03-27 19:43:29,Completed,Delivery,120.75,6.04,6.04,0.00,0.00,-36.23,0.30,0.00,0.00,0.00,-1.41,0.00,83.11,2026-04-02,3,Returning,20.8,32.2,4.0,
Uber Eats,UE-70108078,2026-03-27 20:21:31,Completed,Delivery,25.30,1.27,1.27,0.00,6.04,-7.59,0.30,-1.15,0.00,0.00,-0.99,0.00,15.57,2026-04-03,1,Returning,23.4,31.3,,
DoorDash,DD-89510855,2026-03-28 11:33:14,Completed,Delivery,51.75,2.59,2.59,0.00,0.00,-12.94,0.25,0.00,0.00,0.00,-1.18,0.00,37.63,2026-03-31,2,Returning,27.6,40.4,5.0,
Uber Eats,UE-64223134,2026-03-28 11:55:07,Completed,Delivery,128.80,6.44,6.44,0.00,0.00,-38.64,0.30,0.00,0.00,0.00,-0.54,0.00,89.62,2026-03-31,4,New,28.2,40.4,,
DoorDash,DD-14474281,2026-03-28 11:56:17,Completed,Delivery,64.40,3.22,3.22,0.00,7.23,-16.10,0.25,0.00,0.00,0.00,-0.86,0.00,47.44,2026-04-01,3,New,12.3,43.9,5.0,
Uber Eats,UE-20299949,2026-03-28 12:29:00,Completed,Delivery,94.30,4.71,4.71,0.00,2.87,-28.29,0.30,0.00,0.00,0.00,-1.29,0.00,64.72,2026-03-31,3,Returning,26.9,21.3,5.0,
DoorDash,DD-14416799,2026-03-28 12:59:00,Completed,Delivery,102.35,5.12,5.12,0.00,0.00,-25.59,0.25,0.00,0.00,0.00,-0.72,0.00,76.04,2026-04-01,3,Returning,19.0,41.1,,
Uber Eats,UE-98378041,2026-03-28 13:03:13,Completed,Delivery,78.20,3.91,3.91,0.00,0.00,-23.46,0.30,0.00,0.00,0.00,-0.52,0.00,54.22,2026-03-31,2,New,28.3,38.3,5.0,
Uber Eats,UE-95663626,2026-03-28 13:05:51,Completed,Delivery,83.95,4.20,4.20,0.00,4.50,-25.18,0.30,0.00,0.00,0.00,-0.86,0.00,57.91,2026-04-02,3,Returning,29.2,47.2,,
Uber Eats,UE-84236760,2026-03-28 13:52:26,Completed,Delivery,93.15,4.66,4.66,0.00,2.07,-27.95,0.30,0.00,-2.11,0.00,-1.23,0.00,61.86,2026-03-31,3,Returning,23.6,35.1,,
Uber Eats,UE-61305908,2026-03-28 14:03:11,Completed,Delivery,77.05,3.85,3.85,0.00,7.06,-23.11,0.30,0.00,0.00,0.00,-0.80,0.00,53.14,2026-04-02,3,Returning,29.3,30.6,,
DoorDash,DD-21819055,2026-03-28 14:07:17,Completed,Delivery,118.45,5.92,5.92,0.00,6.51,-29.61,0.25,-1.33,0.00,0.00,-0.96,0.00,86.55,2026-03-31,3,Returning,12.1,49.7,4.5,
DoorDash,DD-16108523,2026-03-28 14:51:35,Completed,Delivery,83.95,4.20,4.20,0.00,0.00,-20.99,0.25,0.00,0.00,0.00,-0.94,0.00,62.02,2026-04-02,3,Returning,26.7,26.4,,
DoorDash,DD-66729348,2026-03-28 15:48:47,Completed,Delivery,125.35,6.27,6.27,0.00,4.94,-31.34,0.25,0.00,0.00,0.00,-0.60,0.00,93.41,2026-04-01,4,New,26.9,30.0,,
DoorDash,DD-67038518,2026-03-28 16:33:25,Completed,Delivery,32.20,1.61,1.61,0.00,0.00,-8.05,0.25,0.00,0.00,0.00,-0.77,0.00,23.38,2026-03-31,1,New,25.6,42.2,5.0,
Uber Eats,UE-10594163,2026-03-28 16:38:24,Completed,Delivery,88.55,4.43,4.43,0.00,6.74,-26.56,0.30,0.00,0.00,0.00,-0.98,0.00,61.01,2026-04-02,3,Returning,27.5,22.3,5.0,
Uber Eats,UE-60978753,2026-03-28 17:00:59,Completed,Delivery,55.20,2.76,2.76,0.00,0.00,-16.56,0.30,0.00,0.00,0.00,-0.79,0.00,37.85,2026-04-02,2,Returning,28.7,30.8,,
Uber Eats,UE-56682289,2026-03-28 17:14:35,Completed,Delivery,101.20,5.06,5.06,0.00,4.33,-30.36,0.30,0.00,0.00,0.00,-0.70,0.00,70.14,2026-04-02,3,Returning,29.6,49.3,,
DoorDash,DD-52133997,2026-03-28 17:36:50,Completed,Delivery,57.50,2.88,2.88,0.00,5.76,-14.38,0.25,0.00,0.00,0.00,-1.06,0.00,42.06,2026-04-01,2,Returning,23.8,32.0,,
Uber Eats,UE-57765088,2026-03-28 17:37:48,Completed,Delivery,54.05,2.70,2.70,0.00,4.27,-16.21,0.30,0.00,0.00,0.00,-0.75,0.00,37.09,2026-04-04,2,Returning,27.6,32.8,4.0,
Uber Eats,UE-27517234,2026-03-28 17:49:42,Completed,Delivery,94.30,4.71,4.71,0.00,2.54,-28.29,0.30,0.00,0.00,0.00,-0.99,0.00,65.02,2026-04-01,3,New,25.4,20.2,3.5,
Uber Eats,UE-68102461,2026-03-28 17:54:23,Completed,Delivery,113.85,5.69,5.69,0.00,5.67,-34.15,0.30,0.00,0.00,0.00,-1.35,0.00,78.35,2026-04-04,3,Returning,19.9,24.9,,
Uber Eats,UE-80506597,2026-03-28 17:59:07,Completed,Delivery,80.50,4.03,4.03,0.00,2.85,-24.15,0.30,0.00,0.00,1.66,-1.05,0.00,56.96,2026-04-04,3,New,16.3,30.8,,
Uber Eats,UE-76650447,2026-03-28 19:15:36,Completed,Delivery,77.05,3.85,3.85,0.00,0.00,-23.11,0.30,0.00,0.00,1.71,-0.94,0.00,54.71,2026-04-04,2,Returning,28.5,43.2,5.0,
Uber Eats,UE-95009485,2026-03-28 19:51:25,Completed,Delivery,100.05,5.00,5.00,0.00,2.89,-30.01,0.30,0.00,0.00,0.00,-0.96,0.00,69.08,2026-04-03,4,Returning,18.0,24.6,,
Uber Eats,UE-35073787,2026-03-28 20:02:08,Completed,Delivery,80.50,4.03,4.03,0.00,2.54,-24.15,0.30,0.00,0.00,0.00,-1.48,0.00,54.87,2026-04-03,3,Returning,14.4,39.8,5.0,
DoorDash,DD-23532542,2026-03-28 20:09:42,Completed,Delivery,126.50,6.33,6.33,0.00,0.00,-31.62,0.25,0.00,0.00,0.00,-1.09,0.00,93.79,2026-04-04,4,Returning,15.9,29.7,,
Uber Eats,UE-44328545,2026-03-29 11:32:34,Canceled,Delivery,19.55,0.98,0.98,0.00,7.00,-5.87,0.30,0.00,0.00,0.00,-1.00,0.00,0.00,2026-04-04,1,Returning,0.0,0.0,,
DoorDash,DD-13137612,2026-03-29 13:08:34,Completed,Delivery,75.90,3.80,3.80,0.00,7.49,-18.98,0.25,0.00,0.00,0.00,-0.83,0.00,56.09,2026-04-02,2,Returning,12.4,20.3,,
DoorDash,DD-18628325,2026-03-29 13:19:26,Completed,Delivery,66.70,3.34,3.34,0.00,3.43,-16.68,0.25,-0.95,0.00,0.00,-1.21,0.00,47.86,2026-04-03,2,Returning,29.9,32.2,,
Uber Eats,UE-61168471,2026-03-29 13:35:16,Completed,Delivery,86.25,4.31,4.31,0.00,7.20,-25.88,0.30,0.00,0.00,0.00,-1.30,0.00,59.07,2026-04-05,3,Returning,29.5,40.0,,
Uber Eats,UE-30688535,2026-03-29 13:42:32,Completed,Delivery,58.65,2.93,2.93,0.00,3.82,-17.59,0.30,0.00,0.00,0.00,-1.23,0.00,39.83,2026-04-05,2,Returning,25.9,35.9,5.0,
Uber Eats,UE-28849202,2026-03-29 13:53:53,Completed,Delivery,71.30,3.56,3.56,0.00,2.29,-21.39,0.30,0.00,0.00,0.00,-0.71,-6.08,43.12,2026-04-04,3,New,18.5,34.5,5.0,
DoorDash,DD-60647827,2026-03-29 14:02:00,Completed,Delivery,77.05,3.85,3.85,0.00,0.00,-19.26,0.25,0.00,0.00,0.00,-1.41,0.00,56.38,2026-04-03,2,New,18.5,34.4,,
Uber Eats,UE-49627139,2026-03-29 14:41:39,Completed,Delivery,83.95,4.20,4.20,0.00,2.58,-25.18,0.30,0.00,0.00,0.00,-0.81,0.00,57.96,2026-04-01,3,Returning,14.0,28.3,5.0,
Uber Eats,UE-52855237,2026-03-29 15:21:40,Completed,Delivery,42.55,2.13,2.13,0.00,7.97,-12.76,0.30,-0.14,0.00,1.57,-1.02,0.00,30.20,2026-04-01,1,Returning,17.2,28.1,,
DoorDash,DD-71303514,2026-03-29 16:53:04,Completed,Delivery,67.85,3.39,3.39,0.00,7.54,-16.96,0.25,0.00,0.00,0.00,-0.64,0.00,50.25,2026-04-01,2,Returning,21.6,42.7,,
DoorDash,DD-14999065,2026-03-29 17:28:30,Completed,Delivery,86.25,4.31,4.31,0.00,3.77,-21.56,0.25,0.00,0.00,0.00,-0.86,0.00,63.83,2026-04-02,3,Returning,19.3,28.8,,
Uber Eats,UE-39184589,2026-03-29 17:44:17,Completed,Delivery,79.35,3.97,3.97,0.00,7.47,-23.80,0.30,0.00,0.00,0.00,-1.11,0.00,54.44,2026-04-04,3,New,14.6,25.6,,
DoorDash,DD-79526419,2026-03-29 18:04:16,Completed,Delivery,131.10,6.55,6.55,0.00,5.45,-32.77,0.25,0.00,0.00,0.00,-0.71,0.00,97.62,2026-04-03,4,Returning,13.9,29.6,3.5,
Uber Eats,UE-45833089,2026-03-29 18:06:30,Completed,Delivery,139.15,6.96,6.96,0.00,6.77,-41.74,0.30,-1.06,0.00,0.00,-1.06,0.00,95.29,2026-04-03,4,New,23.3,23.1,,
Uber Eats,UE-78781803,2026-03-29 19:23:52,Completed,Delivery,102.35,5.12,5.12,0.00,0.00,-30.70,0.30,0.00,0.00,0.00,-0.72,0.00,70.93,2026-04-03,3,New,12.7,32.2,,
DoorDash,DD-83287482,2026-03-29 19:44:41,Completed,Delivery,66.70,3.34,3.34,0.00,2.80,-16.68,0.25,-0.14,0.00,1.33,-0.79,0.00,50.42,2026-04-01,2,New,19.6,38.6,,
Uber Eats,UE-16811413,2026-03-29 20:10:24,Completed,Delivery,109.25,5.46,5.46,0.00,0.00,-32.77,0.30,0.00,0.00,0.00,-0.58,0.00,75.90,2026-04-05,3,Returning,12.5,40.7,,
Uber Eats,UE-66329211,2026-03-29 20:46:28,Completed,Delivery,70.15,3.51,3.51,0.00,0.00,-21.05,0.30,0.00,0.00,0.00,-0.89,0.00,48.21,2026-04-03,2,New,27.2,23.6,,
DoorDash,DD-30148425,2026-03-30 11:41:09,Completed,Delivery,139.15,6.96,6.96,0.00,6.86,-34.79,0.25,0.00,0.00,0.00,-1.21,-6.88,96.27,2026-04-05,4,New,16.4,23.1,,
Uber Eats,UE-49761825,2026-03-30 12:41:53,Completed,Delivery,83.95,4.20,4.20,0.00,0.00,-25.18,0.30,0.00,0.00,0.00,-1.24,0.00,57.53,2026-04-05,3,New,12.9,47.2,5.0,
DoorDash,DD-38250243,2026-03-30 12:47:21,Completed,Delivery,94.30,4.71,4.71,0.00,0.00,-23.57,0.25,0.00,0.00,0.00,-0.66,0.00,70.07,2026-04-05,3,Returning,23.3,47.1,,
DoorDash,DD-74516267,2026-03-30 14:02:32,Completed,Delivery,124.20,6.21,6.21,0.00,3.45,-31.05,0.25,0.00,0.00,0.00,-0.56,0.00,92.59,2026-04-05,3,New,24.8,44.4,,
Uber Eats,UE-73019721,2026-03-30 14:38:44,Completed,Delivery,109.25,5.46,5.46,0.00,5.72,-32.77,0.30,0.00,0.00,0.00,-0.81,0.00,75.67,2026-04-04,3,Returning,29.9,34.3,,
Uber Eats,UE-92076937,2026-03-30 14:46:27,Completed,Delivery,74.75,3.74,3.74,0.00,4.69,-22.43,0.30,0.00,0.00,0.00,-1.34,0.00,50.98,2026-04-05,2,Returning,12.1,29.1,4.0,
Uber Eats,UE-80372793,2026-03-30 17:35:26,Completed,Delivery,121.90,6.10,6.10,0.00,3.68,-36.57,0.30,-1.21,0.00,0.00,-0.66,0.00,83.46,2026-04-06,4,Returning,23.0,38.9,,
Uber Eats,UE-87542165,2026-03-30 18:33:22,Completed,Delivery,103.50,5.18,5.18,0.00,3.75,-31.05,0.30,0.00,0.00,0.00,-1.03,0.00,71.42,2026-04-04,3,New,29.3,33.8,,
DoorDash,DD-85349825,2026-03-30 19:14:56,Completed,Delivery,74.75,3.74,3.74,0.00,5.65,-18.69,0.25,0.00,0.00,0.00,-1.32,0.00,54.74,2026-04-06,3,Returning,14.4,25.1,5.0,
Uber Eats,UE-92028570,2026-03-30 20:46:09,Completed,Delivery,44.85,2.24,2.24,0.00,6.35,-13.46,0.30,0.00,0.00,1.02,-1.33,0.00,31.08,2026-04-04,2,New,24.4,33.5,4.0,
