Staff_Member,Staff_Type,Job_Title,Date,Clock_In,Clock_Out,Hours_Worked,Hourly_Rate,Pay,Cash_Tips,Credit_Card_Tips,Break_Start,Break_End
Chef Daniel,BOH,Head Chef,2026-03-01,2026-03-01 09:47:52,2026-03-01 19:28:52,9:11,32.00,312.83,0.00,0.00,2026-03-01 14:37:52,2026-03-01 15:07:52
Sam W.,BOH,Prep Cook,2026-03-01,2026-03-01 10:09:49,2026-03-01 17:21:49,6:42,18.50,124.20,0.00,0.00,2026-03-01 13:45:49,2026-03-01 14:15:49
Omar H.,BOH,Line Cook,2026-03-01,2026-03-01 10:12:15,2026-03-01 18:40:15,7:58,20.00,159.42,0.00,0.00,2026-03-01 14:26:15,2026-03-01 14:56:15
Amy L.,BOH,Prep Cook,2026-03-01,2026-03-01 10:42:31,2026-03-01 18:55:31,7:43,18.00,139.10,0.00,0.00,2026-03-01 14:48:31,2026-03-01 15:18:31
Sofia N.,FOH,Host,2026-03-01,2026-03-01 11:14:57,2026-03-01 17:04:57,5:20,17.40,93.06,5.68,19.50,2026-03-01 14:09:57,2026-03-01 14:39:57
Maya C.,FOH,Server,2026-03-01,2026-03-01 11:30:52,2026-03-01 17:03:52,5:03,17.40,87.92,27.78,85.78,2026-03-01 14:16:52,2026-03-01 14:46:52
Carlos M.,BOH,Line Cook,2026-03-01,2026-03-01 14:22:30,2026-03-01 20:59:30,6:07,22.00,134.81,0.00,0.00,2026-03-01 17:40:30,2026-03-01 18:10:30
Yuki T.,BOH,Line Cook,2026-03-01,2026-03-01 14:23:47,2026-03-01 21:44:47,6:51,21.00,144.19,0.00,0.00,2026-03-01 18:03:47,2026-03-01 18:33:47
Lisa P.,BOH,Line Cook,2026-03-01,2026-03-01 14:26:14,2026-03-01 20:50:14,5:54,20.50,121.06,0.00,0.00,2026-03-01 17:38:14,2026-03-01 18:08:14
David L.,FOH,Server,2026-03-01,2026-03-01 16:04:58,2026-03-01 21:47:58,5:13,17.40,90.92,53.19,84.90,2026-03-01 18:55:58,2026-03-01 19:25:58
Sarah M.,FOH,Server,2026-03-01,2026-03-01 16:14:39,2026-03-01 23:00:39,6:16,18.50,116.23,20.01,39.45,2026-03-01 19:37:39,2026-03-01 20:07:39
Marcus D.,FOH,Bartender,2026-03-01,2026-03-01 16:14:43,2026-03-01 23:38:43,6:54,19.50,134.60,27.37,40.89,2026-03-01 19:56:43,2026-03-01 20:26:43
Jake T.,FOH,Server,2026-03-01,2026-03-01 16:16:11,2026-03-01 22:47:11,6:01,17.40,104.71,22.90,47.66,2026-03-01 19:31:11,2026-03-01 20:01:11
Priya K.,FOH,Bartender,2026-03-01,2026-03-01 16:34:00,2026-03-01 23:58:00,6:54,19.00,131.13,23.62,42.95,2026-03-01 20:16:00,2026-03-01 20:46:00
Emma W.,FOH,Server,2026-03-01,2026-03-01 16:49:25,2026-03-01 23:11:25,5:52,18.00,105.89,43.44,61.06,2026-03-01 20:00:25,2026-03-01 20:30:25
Aisha R.,FOH,Server,2026-03-01,2026-03-01 16:51:32,2026-03-02 00:44:32,7:23,18.00,133.05,52.53,64.49,2026-03-01 20:47:32,2026-03-01 21:17:32
Liam P.,FOH,Host,2026-03-01,2026-03-01 17:00:24,2026-03-01 23:07:24,5:37,17.40,97.90,12.57,24.42,2026-03-01 20:03:24,2026-03-01 20:33:24
Chef Daniel,BOH,Head Chef,2026-03-02,2026-03-02 09:53:40,2026-03-02 20:35:40,10:12,32.00,362.39,0.00,0.00,2026-03-02 15:14:40,2026-03-02 15:44:40
Sam W.,BOH,Prep Cook,2026-03-02,2026-03-02 10:05:19,2026-03-02 18:37:19,8:02,18.50,149.09,0.00,0.00,2026-03-02 14:21:19,2026-03-02 14:51:19
Chris R.,BOH,Dishwasher,2026-03-02,2026-03-02 10:12:18,2026-03-02 18:20:18,7:38,17.40,132.92,0.00,0.00,2026-03-02 14:16:18,2026-03-02 14:46:18
Omar H.,BOH,Line Cook,2026-03-02,2026-03-02 10:27:01,2026-03-02 17:40:01,6:43,20.00,134.66,0.00,0.00,2026-03-02 14:03:01,2026-03-02 14:33:01
Ben K.,BOH,Dishwasher,2026-03-02,2026-03-02 10:28:31,2026-03-02 18:24:31,7:26,17.40,129.51,0.00,0.00,2026-03-02 14:26:31,2026-03-02 14:56:31
Liam P.,FOH,Host,2026-03-02,2026-03-02 11:05:41,2026-03-02 16:02:41,4:57,17.40,86.20,13.69,24.49,,
Sofia N.,FOH,Host,2026-03-02,2026-03-02 11:06:54,2026-03-02 15:09:54,4:03,17.40,70.53,6.45,13.63,,
Tyler B.,FOH,Busser,2026-03-02,2026-03-02 11:19:16,2026-03-02 16:37:16,4:48,17.40,83.65,10.34,10.09,2026-03-02 13:58:16,2026-03-02 14:28:16
Sarah M.,FOH,Server,2026-03-02,2026-03-02 11:23:42,2026-03-02 17:18:42,5:25,18.50,100.38,53.72,32.72,2026-03-02 14:20:42,2026-03-02 14:50:42
Emma W.,FOH,Server,2026-03-02,2026-03-02 11:25:16,2026-03-02 17:05:16,5:10,18.00,93.29,52.40,42.66,2026-03-02 14:15:16,2026-03-02 14:45:16
Carlos M.,BOH,Line Cook,2026-03-02,2026-03-02 14:06:21,2026-03-02 20:06:21,5:30,22.00,121.35,0.00,0.00,2026-03-02 17:06:21,2026-03-02 17:36:21
Marcus D.,FOH,Bartender,2026-03-02,2026-03-02 16:26:56,2026-03-02 23:50:56,6:54,19.50,134.72,36.72,59.08,2026-03-02 20:08:56,2026-03-02 20:38:56
Maya C.,FOH,Server,2026-03-02,2026-03-02 16:31:19,2026-03-02 23:33:19,6:32,17.40,113.90,34.43,70.43,2026-03-02 20:02:19,2026-03-02 20:32:19
Zoe F.,FOH,Busser,2026-03-02,2026-03-02 16:55:51,2026-03-02 22:31:51,5:06,17.40,88.83,5.14,11.68,2026-03-02 19:43:51,2026-03-02 20:13:51
Amy L.,BOH,Prep Cook,2026-03-03,2026-03-03 08:04:04,2026-03-03 14:34:04,6:00,18.00,108.01,0.00,0.00,2026-03-03 11:19:04,2026-03-03 11:49:04
Sam W.,BOH,Prep Cook,2026-03-03,2026-03-03 08:18:08,2026-03-03 15:30:08,6:42,18.50,124.18,0.00,0.00,2026-03-03 11:54:08,2026-03-03 12:24:08
Chef Daniel,BOH,Head Chef,2026-03-03,2026-03-03 09:05:37,2026-03-03 18:06:37,8:31,32.00,280.96,0.00,0.00,2026-03-03 13:35:37,2026-03-03 14:05:37
Lisa P.,BOH,Line Cook,2026-03-03,2026-03-03 10:22:38,2026-03-03 18:40:38,7:48,20.50,160.11,0.00,0.00,2026-03-03 14:31:38,2026-03-03 15:01:38
Carlos M.,BOH,Line Cook,2026-03-03,2026-03-03 10:48:56,2026-03-03 19:24:56,8:06,22.00,179.81,0.00,0.00,2026-03-03 15:06:56,2026-03-03 15:36:56
Liam P.,FOH,Host,2026-03-03,2026-03-03 11:13:16,2026-03-03 15:37:16,4:24,17.40,76.58,5.59,13.06,,
Jake T.,FOH,Server,2026-03-03,2026-03-03 11:27:56,2026-03-03 18:58:56,7:01,17.40,122.25,50.94,78.68,2026-03-03 15:12:56,2026-03-03 15:42:56
Yuki T.,BOH,Line Cook,2026-03-03,2026-03-03 14:05:51,2026-03-03 20:06:51,5:31,21.00,116.13,0.00,0.00,2026-03-03 17:05:51,2026-03-03 17:35:51
Omar H.,BOH,Line Cook,2026-03-03,2026-03-03 14:09:03,2026-03-03 20:24:03,5:45,20.00,115.07,0.00,0.00,2026-03-03 17:16:03,2026-03-03 17:46:03
Marcus D.,FOH,Bartender,2026-03-03,2026-03-03 16:04:26,2026-03-03 23:15:26,6:41,19.50,130.58,17.42,49.81,2026-03-03 19:39:26,2026-03-03 20:09:26
Emma W.,FOH,Server,2026-03-03,2026-03-03 16:17:46,2026-03-03 23:08:46,6:21,18.00,114.58,46.01,55.89,2026-03-03 19:42:46,2026-03-03 20:12:46
David L.,FOH,Server,2026-03-03,2026-03-03 16:44:08,2026-03-03 23:18:08,6:04,17.40,105.69,25.51,56.28,2026-03-03 20:01:08,2026-03-03 20:31:08
Sarah M.,FOH,Server,2026-03-03,2026-03-03 16:51:36,2026-03-04 00:36:36,7:15,18.50,134.32,50.62,32.12,2026-03-03 20:43:36,2026-03-03 21:13:36
Priya K.,FOH,Bartender,2026-03-03,2026-03-03 16:52:46,2026-03-03 23:31:46,6:09,19.00,117.03,42.37,27.80,2026-03-03 20:11:46,2026-03-03 20:41:46
Maya C.,FOH,Server,2026-03-03,2026-03-03 16:55:24,2026-03-04 00:07:24,6:42,17.40,116.66,42.10,33.13,2026-03-03 20:31:24,2026-03-03 21:01:24
Tyler B.,FOH,Busser,2026-03-03,2026-03-03 17:27:23,2026-03-03 23:09:23,5:12,17.40,90.54,14.18,13.57,2026-03-03 20:18:23,2026-03-03 20:48:23
Sam W.,BOH,Prep Cook,2026-03-04,2026-03-04 08:23:48,2026-03-04 15:59:48,7:06,18.50,131.40,0.00,0.00,2026-03-04 12:11:48,2026-03-04 12:41:48
Chef Daniel,BOH,Head Chef,2026-03-04,2026-03-04 09:04:12,2026-03-04 19:41:12,10:07,32.00,357.95,0.00,0.00,2026-03-04 14:22:12,2026-03-04 14:52:12
Amy L.,BOH,Prep Cook,2026-03-04,2026-03-04 10:17:06,2026-03-04 18:22:06,7:35,18.00,136.75,0.00,0.00,2026-03-04 14:19:06,2026-03-04 14:49:06
Omar H.,BOH,Line Cook,2026-03-04,2026-03-04 10:27:40,2026-03-04 19:24:40,8:27,20.00,173.90,0.00,0.00,2026-03-04 14:55:40,2026-03-04 15:25:40
Carlos M.,BOH,Line Cook,2026-03-04,2026-03-04 10:31:29,2026-03-04 19:23:29,8:22,22.00,188.19,0.00,0.00,2026-03-04 14:57:29,2026-03-04 15:27:29
Sofia N.,FOH,Host,2026-03-04,2026-03-04 11:09:38,2026-03-04 16:10:38,4:31,17.40,78.77,14.06,23.61,2026-03-04 13:39:38,2026-03-04 14:09:38
Sarah M.,FOH,Server,2026-03-04,2026-03-04 11:22:17,2026-03-04 18:13:17,6:21,18.50,117.75,33.66,45.28,2026-03-04 14:47:17,2026-03-04 15:17:17
Yuki T.,BOH,Line Cook,2026-03-04,2026-03-04 14:35:32,2026-03-04 21:43:32,6:38,21.00,139.33,0.00,0.00,2026-03-04 18:09:32,2026-03-04 18:39:32
Lisa P.,BOH,Line Cook,2026-03-04,2026-03-04 15:00:27,2026-03-04 21:46:27,6:16,20.50,128.61,0.00,0.00,2026-03-04 18:23:27,2026-03-04 18:53:27
Priya K.,FOH,Bartender,2026-03-04,2026-03-04 16:04:16,2026-03-04 22:18:16,5:44,19.00,109.23,31.52,42.69,2026-03-04 19:11:16,2026-03-04 19:41:16
David L.,FOH,Server,2026-03-04,2026-03-04 16:12:43,2026-03-04 23:24:43,6:42,17.40,116.84,42.12,42.27,2026-03-04 19:48:43,2026-03-04 20:18:43
Marcus D.,FOH,Bartender,2026-03-04,2026-03-04 16:21:34,2026-03-04 23:23:34,6:32,19.50,127.41,22.55,37.07,2026-03-04 19:52:34,2026-03-04 20:22:34
Maya C.,FOH,Server,2026-03-04,2026-03-04 16:33:11,2026-03-04 22:20:11,5:17,17.40,92.10,31.66,44.82,2026-03-04 19:26:11,2026-03-04 19:56:11
Liam P.,FOH,Host,2026-03-04,2026-03-04 16:41:19,2026-03-04 22:04:19,4:53,17.40,84.98,11.76,14.18,2026-03-04 19:22:19,2026-03-04 19:52:19
Tyler B.,FOH,Busser,2026-03-04,2026-03-04 17:10:53,2026-03-04 22:50:53,5:10,17.40,90.04,13.10,15.62,2026-03-04 20:00:53,2026-03-04 20:30:53
Zoe F.,FOH,Busser,2026-03-04,2026-03-04 17:12:42,2026-03-04 22:34:42,4:52,17.40,84.85,12.87,22.03,2026-03-04 19:53:42,2026-03-04 20:23:42
Chef Daniel,BOH,Head Chef,2026-03-05,2026-03-05 09:08:21,2026-03-05 18:56:21,9:18,32.00,318.52,0.00,0.00,2026-03-05 14:02:21,2026-03-05 14:32:21
Ben K.,BOH,Dishwasher,2026-03-05,2026-03-05 10:03:05,2026-03-05 18:55:05,8:22,17.40,149.20,0.00,0.00,2026-03-05 14:29:05,2026-03-05 14:59:05
Yuki T.,BOH,Line Cook,2026-03-05,2026-03-05 10:16:26,2026-03-05 18:12:26,7:26,21.00,156.17,0.00,0.00,2026-03-05 14:14:26,2026-03-05 14:44:26
Sam W.,BOH,Prep Cook,2026-03-05,2026-03-05 10:39:22,2026-03-05 19:09:22,8:00,18.50,148.05,0.00,0.00,2026-03-05 14:54:22,2026-03-05 15:24:22
Amy L.,BOH,Prep Cook,2026-03-05,2026-03-05 10:57:47,2026-03-05 18:03:47,6:36,18.00,119.04,0.00,0.00,2026-03-05 14:30:47,2026-03-05 15:00:47
Sarah M.,FOH,Server,2026-03-05,2026-03-05 11:07:12,2026-03-05 16:44:12,5:07,18.50,94.72,30.60,42.47,2026-03-05 13:55:12,2026-03-05 14:25:12
Emma W.,FOH,Server,2026-03-05,2026-03-05 11:09:14,2026-03-05 17:28:14,5:49,18.00,104.88,36.63,74.49,2026-03-05 14:18:14,2026-03-05 14:48:14
Jake T.,FOH,Server,2026-03-05,2026-03-05 11:18:03,2026-03-05 16:36:03,4:48,17.40,83.62,23.59,69.76,2026-03-05 13:57:03,2026-03-05 14:27:03
Sofia N.,FOH,Host,2026-03-05,2026-03-05 11:26:35,2026-03-05 16:39:35,4:43,17.40,82.11,8.91,12.72,2026-03-05 14:02:35,2026-03-05 14:32:35
Lisa P.,BOH,Line Cook,2026-03-05,2026-03-05 14:01:28,2026-03-05 21:43:28,7:12,20.50,147.84,0.00,0.00,2026-03-05 17:52:28,2026-03-05 18:22:28
Carlos M.,BOH,Line Cook,2026-03-05,2026-03-05 14:27:13,2026-03-05 22:12:13,7:15,22.00,159.62,0.00,0.00,2026-03-05 18:19:13,2026-03-05 18:49:13
Omar H.,BOH,Line Cook,2026-03-05,2026-03-05 15:25:57,2026-03-05 22:16:57,6:21,20.00,127.11,0.00,0.00,2026-03-05 18:50:57,2026-03-05 19:20:57
Priya K.,FOH,Bartender,2026-03-05,2026-03-05 16:08:33,2026-03-06 00:07:33,7:29,19.00,142.27,22.01,31.13,2026-03-05 20:07:33,2026-03-05 20:37:33
Liam P.,FOH,Host,2026-03-05,2026-03-05 16:31:09,2026-03-05 21:58:09,4:57,17.40,86.25,13.35,24.21,2026-03-05 19:14:09,2026-03-05 19:44:09
David L.,FOH,Server,2026-03-05,2026-03-05 16:42:25,2026-03-06 00:09:25,6:57,17.40,120.99,21.12,63.13,2026-03-05 20:25:25,2026-03-05 20:55:25
Marcus D.,FOH,Bartender,2026-03-05,2026-03-05 16:48:21,2026-03-06 00:15:21,6:57,19.50,135.71,37.76,33.95,2026-03-05 20:31:21,2026-03-05 21:01:21
Aisha R.,FOH,Server,2026-03-05,2026-03-05 16:56:18,2026-03-05 22:35:18,5:09,18.00,92.90,59.74,48.13,2026-03-05 19:45:18,2026-03-05 20:15:18
Maya C.,FOH,Server,2026-03-05,2026-03-05 17:00:41,2026-03-05 23:17:41,5:47,17.40,100.65,25.63,81.62,2026-03-05 20:08:41,2026-03-05 20:38:41
Chef Daniel,BOH,Head Chef,2026-03-06,2026-03-06 09:04:08,2026-03-06 18:07:08,8:33,32.00,282.54,0.00,0.00,2026-03-06 13:35:08,2026-03-06 14:05:08
Yuki T.,BOH,Line Cook,2026-03-06,2026-03-06 10:03:26,2026-03-06 18:22:26,7:49,21.00,164.31,0.00,0.00,2026-03-06 14:12:26,2026-03-06 14:42:26
Ben K.,BOH,Dishwasher,2026-03-06,2026-03-06 10:07:34,2026-03-06 17:49:34,7:12,17.40,125.48,0.00,0.00,2026-03-06 13:58:34,2026-03-06 14:28:34
Amy L.,BOH,Prep Cook,2026-03-06,2026-03-06 10:13:21,2026-03-06 17:42:21,6:59,18.00,125.86,0.00,0.00,2026-03-06 13:57:21,2026-03-06 14:27:21
Sam W.,BOH,Prep Cook,2026-03-06,2026-03-06 10:24:40,2026-03-06 19:03:40,8:09,18.50,152.21,0.00,0.00,2026-03-06 14:43:40,2026-03-06 15:13:40
Chris R.,BOH,Dishwasher,2026-03-06,2026-03-06 10:24:52,2026-03-06 18:40:52,7:46,17.40,135.22,0.00,0.00,2026-03-06 14:32:52,2026-03-06 15:02:52
Aisha R.,FOH,Server,2026-03-06,2026-03-06 11:14:37,2026-03-06 18:13:37,6:29,18.00,116.91,33.42,42.04,2026-03-06 14:43:37,2026-03-06 15:13:37
Sofia N.,FOH,Host,2026-03-06,2026-03-06 11:20:29,2026-03-06 16:15:29,4:55,17.40,85.80,12.68,14.27,,
Lisa P.,BOH,Line Cook,2026-03-06,2026-03-06 14:50:30,2026-03-06 22:05:30,6:45,20.50,138.42,0.00,0.00,2026-03-06 18:27:30,2026-03-06 18:57:30
Carlos M.,BOH,Line Cook,2026-03-06,2026-03-06 15:10:05,2026-03-06 22:48:05,7:08,22.00,157.14,0.00,0.00,2026-03-06 18:59:05,2026-03-06 19:29:05
Omar H.,BOH,Line Cook,2026-03-06,2026-03-06 15:19:03,2026-03-06 21:37:03,5:48,20.00,116.24,0.00,0.00,2026-03-06 18:28:03,2026-03-06 18:58:03
David L.,FOH,Server,2026-03-06,2026-03-06 16:05:38,2026-03-06 21:44:38,5:09,17.40,89.69,27.13,101.53,2026-03-06 18:54:38,2026-03-06 19:24:38
Emma W.,FOH,Server,2026-03-06,2026-03-06 16:06:36,2026-03-06 22:11:36,5:35,18.00,100.77,45.44,60.96,2026-03-06 19:08:36,2026-03-06 19:38:36
Marcus D.,FOH,Bartender,2026-03-06,2026-03-06 16:24:18,2026-03-06 23:16:18,6:22,19.50,124.45,27.94,33.25,2026-03-06 19:50:18,2026-03-06 20:20:18
Maya C.,FOH,Server,2026-03-06,2026-03-06 16:27:06,2026-03-06 22:53:06,5:56,17.40,103.39,43.71,102.10,2026-03-06 19:40:06,2026-03-06 20:10:06
Tyler B.,FOH,Busser,2026-03-06,2026-03-06 16:36:58,2026-03-06 21:45:58,4:39,17.40,81.09,9.99,24.54,2026-03-06 19:10:58,2026-03-06 19:40:58
Liam P.,FOH,Host,2026-03-06,2026-03-06 16:41:46,2026-03-06 23:17:46,6:06,17.40,106.27,12.43,11.24,2026-03-06 19:59:46,2026-03-06 20:29:46
Jake T.,FOH,Server,2026-03-06,2026-03-06 16:44:31,2026-03-06 22:23:31,5:09,17.40,89.78,44.41,92.37,2026-03-06 19:33:31,2026-03-06 20:03:31
Priya K.,FOH,Bartender,2026-03-06,2026-03-06 16:47:07,2026-03-07 00:00:07,6:43,19.00,127.87,31.97,72.15,2026-03-06 20:23:07,2026-03-06 20:53:07
Zoe F.,FOH,Busser,2026-03-06,2026-03-06 16:51:03,2026-03-06 22:32:03,5:11,17.40,90.29,11.48,21.39,2026-03-06 19:41:03,2026-03-06 20:11:03
Sarah M.,FOH,Server,2026-03-06,2026-03-06 17:00:52,2026-03-06 23:23:52,5:53,18.50,109.07,28.34,49.99,2026-03-06 20:11:52,2026-03-06 20:41:52
Chef Daniel,BOH,Head Chef,2026-03-07,2026-03-07 09:56:16,2026-03-07 19:51:16,9:25,32.00,324.47,0.00,0.00,2026-03-07 14:53:16,2026-03-07 15:23:16
Amy L.,BOH,Prep Cook,2026-03-07,2026-03-07 10:01:36,2026-03-07 17:31:36,7:00,18.00,126.02,0.00,0.00,2026-03-07 13:46:36,2026-03-07 14:16:36
Yuki T.,BOH,Line Cook,2026-03-07,2026-03-07 10:03:12,2026-03-07 18:41:12,8:08,21.00,172.57,0.00,0.00,2026-03-07 14:22:12,2026-03-07 14:52:12
Carlos M.,BOH,Line Cook,2026-03-07,2026-03-07 10:46:49,2026-03-07 18:51:49,7:35,22.00,167.06,0.00,0.00,2026-03-07 14:48:49,2026-03-07 15:18:49
Sam W.,BOH,Prep Cook,2026-03-07,2026-03-07 10:49:27,2026-03-07 18:17:27,6:58,18.50,128.89,0.00,0.00,2026-03-07 14:33:27,2026-03-07 15:03:27
Ben K.,BOH,Dishwasher,2026-03-07,2026-03-07 10:52:35,2026-03-07 19:40:35,8:18,17.40,147.09,0.00,0.00,2026-03-07 15:16:35,2026-03-07 15:46:35
Chris R.,BOH,Dishwasher,2026-03-07,2026-03-07 10:53:42,2026-03-07 18:12:42,6:49,17.40,118.83,0.00,0.00,2026-03-07 14:32:42,2026-03-07 15:02:42
Omar H.,BOH,Line Cook,2026-03-07,2026-03-07 10:54:15,2026-03-07 18:14:15,6:50,20.00,136.89,0.00,0.00,2026-03-07 14:34:15,2026-03-07 15:04:15
Liam P.,FOH,Host,2026-03-07,2026-03-07 11:02:35,2026-03-07 15:28:35,4:26,17.40,77.40,6.60,14.69,,
Sarah M.,FOH,Server,2026-03-07,2026-03-07 11:08:53,2026-03-07 17:44:53,6:06,18.50,113.15,49.84,52.86,2026-03-07 14:26:53,2026-03-07 14:56:53
Jake T.,FOH,Server,2026-03-07,2026-03-07 11:10:20,2026-03-07 17:57:20,6:17,17.40,109.50,58.72,53.26,2026-03-07 14:33:20,2026-03-07 15:03:20
David L.,FOH,Server,2026-03-07,2026-03-07 11:13:42,2026-03-07 17:27:42,5:44,17.40,99.91,73.66,98.10,2026-03-07 14:20:42,2026-03-07 14:50:42
Tyler B.,FOH,Busser,2026-03-07,2026-03-07 11:26:58,2026-03-07 15:59:58,4:33,17.40,79.37,7.96,12.23,,
Maya C.,FOH,Server,2026-03-07,2026-03-07 11:30:31,2026-03-07 17:10:31,5:10,17.40,90.15,55.64,124.01,2026-03-07 14:20:31,2026-03-07 14:50:31
Lisa P.,BOH,Line Cook,2026-03-07,2026-03-07 14:36:56,2026-03-08 00:08:56,9:02,20.50,195.85,0.00,0.00,2026-03-07 19:22:56,2026-03-07 19:52:56
Aisha R.,FOH,Server,2026-03-07,2026-03-07 16:05:28,2026-03-07 21:52:28,5:17,18.00,95.16,71.51,122.39,2026-03-07 18:58:28,2026-03-07 19:28:28
Priya K.,FOH,Bartender,2026-03-07,2026-03-07 16:25:41,2026-03-07 23:02:41,6:07,19.00,116.41,41.64,74.02,2026-03-07 19:43:41,2026-03-07 20:13:41
Emma W.,FOH,Server,2026-03-07,2026-03-07 16:31:10,2026-03-07 23:17:10,6:16,18.00,113.02,77.90,119.78,2026-03-07 19:54:10,2026-03-07 20:24:10
Zoe F.,FOH,Busser,2026-03-07,2026-03-07 16:32:50,2026-03-07 23:08:50,6:06,17.40,106.38,11.31,21.48,2026-03-07 19:50:50,2026-03-07 20:20:50
Marcus D.,FOH,Bartender,2026-03-07,2026-03-07 16:42:49,2026-03-07 23:45:49,6:33,19.50,127.90,24.90,76.92,2026-03-07 20:13:49,2026-03-07 20:43:49
Sofia N.,FOH,Host,2026-03-07,2026-03-07 16:51:57,2026-03-07 22:35:57,5:14,17.40,91.07,5.62,16.80,2026-03-07 19:43:57,2026-03-07 20:13:57
Chef Daniel,BOH,Head Chef,2026-03-08,2026-03-08 09:45:25,2026-03-08 20:27:25,10:12,32.00,362.21,0.00,0.00,2026-03-08 15:06:25,2026-03-08 15:36:25
Amy L.,BOH,Prep Cook,2026-03-08,2026-03-08 10:10:58,2026-03-08 18:56:58,8:16,18.00,151.52,0.00,0.00,2026-03-08 14:33:58,2026-03-08 15:03:58
Omar H.,BOH,Line Cook,2026-03-08,2026-03-08 10:18:16,2026-03-08 17:43:16,6:55,20.00,138.41,0.00,0.00,2026-03-08 14:00:16,2026-03-08 14:30:16
Yuki T.,BOH,Line Cook,2026-03-08,2026-03-08 10:25:16,2026-03-08 19:10:16,8:15,21.00,175.97,0.00,0.00,2026-03-08 14:47:16,2026-03-08 15:17:16
Sam W.,BOH,Prep Cook,2026-03-08,2026-03-08 10:59:45,2026-03-08 17:59:45,6:30,18.50,120.53,0.00,0.00,2026-03-08 14:29:45,2026-03-08 14:59:45
Emma W.,FOH,Server,2026-03-08,2026-03-08 11:06:51,2026-03-08 17:38:51,6:02,18.00,108.79,25.10,45.98,2026-03-08 14:22:51,2026-03-08 14:52:51
Maya C.,FOH,Server,2026-03-08,2026-03-08 11:08:53,2026-03-08 17:50:53,6:12,17.40,108.02,42.78,56.20,2026-03-08 14:29:53,2026-03-08 14:59:53
Sofia N.,FOH,Host,2026-03-08,2026-03-08 11:14:22,2026-03-08 16:25:22,4:41,17.40,81.76,12.88,14.73,2026-03-08 13:49:22,2026-03-08 14:19:22
Carlos M.,BOH,Line Cook,2026-03-08,2026-03-08 14:41:38,2026-03-08 21:46:38,6:35,22.00,145.02,0.00,0.00,2026-03-08 18:13:38,2026-03-08 18:43:38
Lisa P.,BOH,Line Cook,2026-03-08,2026-03-08 14:53:37,2026-03-08 21:04:37,5:41,20.50,116.56,0.00,0.00,2026-03-08 17:58:37,2026-03-08 18:28:37
David L.,FOH,Server,2026-03-08,2026-03-08 16:03:53,2026-03-08 21:53:53,5:20,17.40,93.04,22.35,68.50,2026-03-08 18:58:53,2026-03-08 19:28:53
Priya K.,FOH,Bartender,2026-03-08,2026-03-08 16:05:26,2026-03-08 23:57:26,7:22,19.00,140.24,20.32,62.50,2026-03-08 20:01:26,2026-03-08 20:31:26
Sarah M.,FOH,Server,2026-03-08,2026-03-08 16:06:11,2026-03-08 23:52:11,7:16,18.50,134.55,24.23,83.48,2026-03-08 19:59:11,2026-03-08 20:29:11
Marcus D.,FOH,Bartender,2026-03-08,2026-03-08 16:42:58,2026-03-08 22:52:58,5:40,19.50,110.66,20.42,60.54,2026-03-08 19:47:58,2026-03-08 20:17:58
Liam P.,FOH,Host,2026-03-08,2026-03-08 16:49:55,2026-03-09 00:11:55,6:52,17.40,119.75,6.12,19.01,2026-03-08 20:30:55,2026-03-08 21:00:55
Aisha R.,FOH,Server,2026-03-08,2026-03-08 16:51:28,2026-03-08 23:31:28,6:10,18.00,111.29,55.38,63.90,2026-03-08 20:11:28,2026-03-08 20:41:28
Jake T.,FOH,Server,2026-03-08,2026-03-08 16:54:47,2026-03-08 23:44:47,6:20,17.40,110.47,55.41,60.25,2026-03-08 20:19:47,2026-03-08 20:49:47
Ben K.,BOH,Dishwasher,2026-03-09,2026-03-09 08:52:51,2026-03-09 15:24:51,6:02,17.40,105.01,0.00,0.00,2026-03-09 12:08:51,2026-03-09 12:38:51
Chef Daniel,BOH,Head Chef,2026-03-09,2026-03-09 09:45:43,2026-03-09 20:11:43,9:56,32.00,349.51,0.00,0.00,2026-03-09 14:58:43,2026-03-09 15:28:43
Chris R.,BOH,Dishwasher,2026-03-09,2026-03-09 10:33:55,2026-03-09 17:55:55,6:52,17.40,119.72,0.00,0.00,2026-03-09 14:14:55,2026-03-09 14:44:55
Carlos M.,BOH,Line Cook,2026-03-09,2026-03-09 10:37:09,2026-03-09 17:37:09,6:30,22.00,143.02,0.00,0.00,2026-03-09 14:07:09,2026-03-09 14:37:09
Sam W.,BOH,Prep Cook,2026-03-09,2026-03-09 10:53:16,2026-03-09 19:03:16,7:40,18.50,141.89,0.00,0.00,2026-03-09 14:58:16,2026-03-09 15:28:16
Tyler B.,FOH,Busser,2026-03-09,2026-03-09 11:00:56,2026-03-09 15:12:56,4:12,17.40,73.18,6.61,24.34,,
Maya C.,FOH,Server,2026-03-09,2026-03-09 11:03:49,2026-03-09 16:31:49,4:58,17.40,86.51,36.44,54.89,2026-03-09 13:47:49,2026-03-09 14:17:49
Sarah M.,FOH,Server,2026-03-09,2026-03-09 11:13:28,2026-03-09 17:52:28,6:09,18.50,113.94,25.77,36.89,2026-03-09 14:32:28,2026-03-09 15:02:28
Yuki T.,BOH,Line Cook,2026-03-09,2026-03-09 14:41:38,2026-03-09 20:49:38,5:38,21.00,118.64,0.00,0.00,2026-03-09 17:45:38,2026-03-09 18:15:38
Sofia N.,FOH,Host,2026-03-09,2026-03-09 16:30:20,2026-03-09 22:31:20,5:31,17.40,96.22,11.08,10.18,2026-03-09 19:30:20,2026-03-09 20:00:20
Marcus D.,FOH,Bartender,2026-03-09,2026-03-09 16:45:53,2026-03-09 22:48:53,5:33,19.50,108.23,31.59,58.35,2026-03-09 19:46:53,2026-03-09 20:16:53
David L.,FOH,Server,2026-03-09,2026-03-09 16:46:52,2026-03-09 23:54:52,6:38,17.40,115.59,43.65,32.28,2026-03-09 20:20:52,2026-03-09 20:50:52
Emma W.,FOH,Server,2026-03-09,2026-03-09 16:57:03,2026-03-09 23:17:03,5:50,18.00,105.26,48.41,50.48,2026-03-09 20:07:03,2026-03-09 20:37:03
Jake T.,FOH,Server,2026-03-09,2026-03-09 16:58:32,2026-03-09 22:34:32,5:06,17.40,88.82,20.64,43.00,2026-03-09 19:46:32,2026-03-09 20:16:32
Chef Daniel,BOH,Head Chef,2026-03-10,2026-03-10 09:31:12,2026-03-10 20:22:12,10:21,32.00,368.91,0.00,0.00,2026-03-10 14:56:12,2026-03-10 15:26:12
Amy L.,BOH,Prep Cook,2026-03-10,2026-03-10 10:34:58,2026-03-10 17:58:58,6:54,18.00,124.20,0.00,0.00,2026-03-10 14:16:58,2026-03-10 14:46:58
Sam W.,BOH,Prep Cook,2026-03-10,2026-03-10 10:35:31,2026-03-10 19:24:31,8:19,18.50,156.96,0.00,0.00,2026-03-10 14:59:31,2026-03-10 15:29:31
Yuki T.,BOH,Line Cook,2026-03-10,2026-03-10 10:51:35,2026-03-10 19:50:35,8:29,21.00,183.38,0.00,0.00,2026-03-10 15:20:35,2026-03-10 15:50:35
Aisha R.,FOH,Server,2026-03-10,2026-03-10 11:11:59,2026-03-10 16:51:59,5:10,18.00,93.13,55.32,36.34,2026-03-10 14:01:59,2026-03-10 14:31:59
Sarah M.,FOH,Server,2026-03-10,2026-03-10 11:14:57,2026-03-10 16:59:57,5:15,18.50,97.27,48.21,39.10,2026-03-10 14:06:57,2026-03-10 14:36:57
Jake T.,FOH,Server,2026-03-10,2026-03-10 11:27:03,2026-03-10 16:42:03,4:45,17.40,82.92,59.23,52.54,2026-03-10 14:04:03,2026-03-10 14:34:03
Omar H.,BOH,Line Cook,2026-03-10,2026-03-10 14:49:39,2026-03-10 21:21:39,6:02,20.00,120.73,0.00,0.00,2026-03-10 18:05:39,2026-03-10 18:35:39
Lisa P.,BOH,Line Cook,2026-03-10,2026-03-10 14:59:52,2026-03-10 21:23:52,5:54,20.50,121.13,0.00,0.00,2026-03-10 18:11:52,2026-03-10 18:41:52
Carlos M.,BOH,Line Cook,2026-03-10,2026-03-10 15:19:09,2026-03-10 21:40:09,5:51,22.00,128.82,0.00,0.00,2026-03-10 18:29:09,2026-03-10 18:59:09
Priya K.,FOH,Bartender,2026-03-10,2026-03-10 16:25:51,2026-03-10 22:40:51,5:45,19.00,109.40,27.45,58.43,2026-03-10 19:32:51,2026-03-10 20:02:51
Emma W.,FOH,Server,2026-03-10,2026-03-10 16:34:02,2026-03-10 22:26:02,5:22,18.00,96.69,46.33,77.53,2026-03-10 19:30:02,2026-03-10 20:00:02
Marcus D.,FOH,Bartender,2026-03-10,2026-03-10 16:51:18,2026-03-11 00:13:18,6:52,19.50,134.08,38.20,51.59,2026-03-10 20:32:18,2026-03-10 21:02:18
David L.,FOH,Server,2026-03-10,2026-03-10 16:55:41,2026-03-11 00:19:41,6:54,17.40,120.09,48.73,57.46,2026-03-10 20:37:41,2026-03-10 21:07:41
Sofia N.,FOH,Host,2026-03-10,2026-03-10 16:58:51,2026-03-10 23:54:51,6:26,17.40,112.00,8.97,23.10,2026-03-10 20:26:51,2026-03-10 20:56:51
Tyler B.,FOH,Busser,2026-03-10,2026-03-10 17:25:34,2026-03-10 22:28:34,4:33,17.40,79.32,12.74,15.13,2026-03-10 19:56:34,2026-03-10 20:26:34
Chef Daniel,BOH,Head Chef,2026-03-11,2026-03-11 09:02:00,2026-03-11 18:18:00,8:46,32.00,293.00,0.00,0.00,2026-03-11 13:40:00,2026-03-11 14:10:00
Sam W.,BOH,Prep Cook,2026-03-11,2026-03-11 10:18:29,2026-03-11 18:04:29,7:16,18.50,134.54,0.00,0.00,2026-03-11 14:11:29,2026-03-11 14:41:29
Lisa P.,BOH,Line Cook,2026-03-11,2026-03-11 10:31:57,2026-03-11 17:50:57,6:49,20.50,139.78,0.00,0.00,2026-03-11 14:10:57,2026-03-11 14:40:57
Omar H.,BOH,Line Cook,2026-03-11,2026-03-11 11:00:23,2026-03-11 19:37:23,8:07,20.00,163.53,0.00,0.00,2026-03-11 15:18:23,2026-03-11 15:48:23
Amy L.,BOH,Prep Cook,2026-03-11,2026-03-11 11:00:43,2026-03-11 19:03:43,7:33,18.00,136.13,0.00,0.00,2026-03-11 15:01:43,2026-03-11 15:31:43
Maya C.,FOH,Server,2026-03-11,2026-03-11 11:05:18,2026-03-11 17:19:18,5:44,17.40,99.90,31.42,59.01,2026-03-11 14:12:18,2026-03-11 14:42:18
Tyler B.,FOH,Busser,2026-03-11,2026-03-11 11:08:02,2026-03-11 16:23:02,4:45,17.40,82.87,6.74,12.76,2026-03-11 13:45:02,2026-03-11 14:15:02
Zoe F.,FOH,Busser,2026-03-11,2026-03-11 11:22:41,2026-03-11 16:12:41,4:50,17.40,84.27,7.11,22.86,,
Jake T.,FOH,Server,2026-03-11,2026-03-11 11:25:01,2026-03-11 16:34:01,4:39,17.40,81.10,31.41,42.62,2026-03-11 13:59:01,2026-03-11 14:29:01
Liam P.,FOH,Host,2026-03-11,2026-03-11 11:26:57,2026-03-11 16:49:57,4:53,17.40,85.17,11.36,17.50,2026-03-11 14:07:57,2026-03-11 14:37:57
Carlos M.,BOH,Line Cook,2026-03-11,2026-03-11 14:14:36,2026-03-11 21:37:36,6:53,22.00,151.48,0.00,0.00,2026-03-11 17:55:36,2026-03-11 18:25:36
Yuki T.,BOH,Line Cook,2026-03-11,2026-03-11 14:17:19,2026-03-11 21:40:19,6:53,21.00,144.67,0.00,0.00,2026-03-11 17:58:19,2026-03-11 18:28:19
David L.,FOH,Server,2026-03-11,2026-03-11 16:33:25,2026-03-11 22:54:25,5:51,17.40,102.08,20.88,83.12,2026-03-11 19:43:25,2026-03-11 20:13:25
Marcus D.,FOH,Bartender,2026-03-11,2026-03-11 16:42:11,2026-03-12 00:40:11,7:28,19.50,145.75,31.72,54.79,2026-03-11 20:41:11,2026-03-11 21:11:11
Aisha R.,FOH,Server,2026-03-11,2026-03-11 16:42:20,2026-03-11 23:18:20,6:06,18.00,110.09,46.30,67.01,2026-03-11 20:00:20,2026-03-11 20:30:20
Priya K.,FOH,Bartender,2026-03-11,2026-03-11 16:44:44,2026-03-11 23:49:44,6:35,19.00,125.30,32.99,25.60,2026-03-11 20:16:44,2026-03-11 20:46:44
Chef Daniel,BOH,Head Chef,2026-03-12,2026-03-12 09:18:47,2026-03-12 18:56:47,9:08,32.00,310.55,0.00,0.00,2026-03-12 14:07:47,2026-03-12 14:37:47
Sam W.,BOH,Prep Cook,2026-03-12,2026-03-12 10:06:14,2026-03-12 18:39:14,8:03,18.50,149.49,0.00,0.00,2026-03-12 14:22:14,2026-03-12 14:52:14
Ben K.,BOH,Dishwasher,2026-03-12,2026-03-12 10:31:31,2026-03-12 18:29:31,7:28,17.40,129.93,0.00,0.00,2026-03-12 14:30:31,2026-03-12 15:00:31
Amy L.,BOH,Prep Cook,2026-03-12,2026-03-12 10:39:31,2026-03-12 18:19:31,7:10,18.00,129.25,0.00,0.00,2026-03-12 14:29:31,2026-03-12 14:59:31
Carlos M.,BOH,Line Cook,2026-03-12,2026-03-12 10:45:56,2026-03-12 18:46:56,7:31,22.00,165.51,0.00,0.00,2026-03-12 14:45:56,2026-03-12 15:15:56
Lisa P.,BOH,Line Cook,2026-03-12,2026-03-12 10:59:35,2026-03-12 18:34:35,7:05,20.50,145.29,0.00,0.00,2026-03-12 14:46:35,2026-03-12 15:16:35
Sofia N.,FOH,Host,2026-03-12,2026-03-12 11:03:28,2026-03-12 16:43:28,5:10,17.40,90.01,10.69,18.80,2026-03-12 13:53:28,2026-03-12 14:23:28
David L.,FOH,Server,2026-03-12,2026-03-12 11:07:17,2026-03-12 16:37:17,5:00,17.40,87.22,41.67,71.32,2026-03-12 13:52:17,2026-03-12 14:22:17
Sarah M.,FOH,Server,2026-03-12,2026-03-12 11:23:40,2026-03-12 17:39:40,5:46,18.50,106.79,28.52,39.14,2026-03-12 14:31:40,2026-03-12 15:01:40
Liam P.,FOH,Host,2026-03-12,2026-03-12 11:28:48,2026-03-12 15:34:48,4:06,17.40,71.52,12.87,14.60,,
Omar H.,BOH,Line Cook,2026-03-12,2026-03-12 15:11:39,2026-03-12 22:29:39,6:48,20.00,136.32,0.00,0.00,2026-03-12 18:50:39,2026-03-12 19:20:39
Yuki T.,BOH,Line Cook,2026-03-12,2026-03-12 15:25:51,2026-03-12 22:12:51,6:17,21.00,132.04,0.00,0.00,2026-03-12 18:48:51,2026-03-12 19:18:51
Emma W.,FOH,Server,2026-03-12,2026-03-12 16:07:48,2026-03-12 23:21:48,6:44,18.00,121.33,33.31,67.98,2026-03-12 19:44:48,2026-03-12 20:14:48
Jake T.,FOH,Server,2026-03-12,2026-03-12 16:18:32,2026-03-13 00:09:32,7:21,17.40,127.91,30.26,46.29,2026-03-12 20:13:32,2026-03-12 20:43:32
Priya K.,FOH,Bartender,2026-03-12,2026-03-12 16:19:26,2026-03-12 23:42:26,6:53,19.00,130.86,24.28,28.07,2026-03-12 20:00:26,2026-03-12 20:30:26
Aisha R.,FOH,Server,2026-03-12,2026-03-12 16:37:17,2026-03-12 23:57:17,6:50,18.00,123.09,34.07,57.97,2026-03-12 20:17:17,2026-03-12 20:47:17
Maya C.,FOH,Server,2026-03-12,2026-03-12 16:52:37,2026-03-12 23:10:37,5:48,17.40,101.19,52.79,34.96,2026-03-12 20:01:37,2026-03-12 20:31:37
Marcus D.,FOH,Bartender,2026-03-12,2026-03-12 17:00:16,2026-03-13 00:37:16,7:07,19.50,138.97,41.19,38.55,2026-03-12 20:48:16,2026-03-12 21:18:16
Amy L.,BOH,Prep Cook,2026-03-13,2026-03-13 08:15:48,2026-03-13 14:23:48,5:38,18.00,101.63,0.00,0.00,2026-03-13 11:19:48,2026-03-13 11:49:48
Chef Daniel,BOH,Head Chef,2026-03-13,2026-03-13 09:00:10,2026-03-13 18:40:10,9:10,32.00,312.69,0.00,0.00,2026-03-13 13:50:10,2026-03-13 14:20:10
Sam W.,BOH,Prep Cook,2026-03-13,2026-03-13 10:10:35,2026-03-13 18:18:35,7:38,18.50,141.22,0.00,0.00,2026-03-13 14:14:35,2026-03-13 14:44:35
Lisa P.,BOH,Line Cook,2026-03-13,2026-03-13 10:19:13,2026-03-13 18:27:13,7:38,20.50,156.69,0.00,0.00,2026-03-13 14:23:13,2026-03-13 14:53:13
Carlos M.,BOH,Line Cook,2026-03-13,2026-03-13 10:19:17,2026-03-13 18:22:17,7:33,22.00,166.27,0.00,0.00,2026-03-13 14:20:17,2026-03-13 14:50:17
Ben K.,BOH,Dishwasher,2026-03-13,2026-03-13 10:21:43,2026-03-13 17:49:43,6:58,17.40,121.33,0.00,0.00,2026-03-13 14:05:43,2026-03-13 14:35:43
Chris R.,BOH,Dishwasher,2026-03-13,2026-03-13 10:43:55,2026-03-13 19:27:55,8:14,17.40,145.31,0.00,0.00,2026-03-13 15:05:55,2026-03-13 15:35:55
Sarah M.,FOH,Server,2026-03-13,2026-03-13 11:05:08,2026-03-13 16:32:08,4:57,18.50,91.80,30.76,125.27,2026-03-13 13:48:08,2026-03-13 14:18:08
Emma W.,FOH,Server,2026-03-13,2026-03-13 11:06:42,2026-03-13 17:33:42,5:57,18.00,107.29,70.33,100.28,2026-03-13 14:19:42,2026-03-13 14:49:42
Aisha R.,FOH,Server,2026-03-13,2026-03-13 11:08:08,2026-03-13 16:13:08,4:35,18.00,82.71,62.32,51.80,2026-03-13 13:40:08,2026-03-13 14:10:08
Maya C.,FOH,Server,2026-03-13,2026-03-13 11:10:08,2026-03-13 18:05:08,6:25,17.40,111.66,48.98,112.95,2026-03-13 14:37:08,2026-03-13 15:07:08
Tyler B.,FOH,Busser,2026-03-13,2026-03-13 11:17:53,2026-03-13 16:10:53,4:53,17.40,85.19,11.86,12.72,,
Sofia N.,FOH,Host,2026-03-13,2026-03-13 11:19:55,2026-03-13 15:32:55,4:13,17.40,73.59,12.66,15.89,,
Yuki T.,BOH,Line Cook,2026-03-13,2026-03-13 14:02:31,2026-03-13 21:34:31,7:02,21.00,147.96,0.00,0.00,2026-03-13 17:48:31,2026-03-13 18:18:31
Omar H.,BOH,Line Cook,2026-03-13,2026-03-13 15:30:27,2026-03-13 22:12:27,6:12,20.00,124.28,0.00,0.00,2026-03-13 18:51:27,2026-03-13 19:21:27
Marcus D.,FOH,Bartender,2026-03-13,2026-03-13 16:03:52,2026-03-13 22:42:52,6:09,19.50,120.18,20.50,66.74,2026-03-13 19:22:52,2026-03-13 19:52:52
Jake T.,FOH,Server,2026-03-13,2026-03-13 16:39:59,2026-03-13 23:51:59,6:42,17.40,116.65,28.89,110.19,2026-03-13 20:15:59,2026-03-13 20:45:59
Liam P.,FOH,Host,2026-03-13,2026-03-13 16:45:58,2026-03-13 23:16:58,6:01,17.40,104.73,14.99,11.13,2026-03-13 20:00:58,2026-03-13 20:30:58
David L.,FOH,Server,2026-03-13,2026-03-13 16:51:38,2026-03-13 23:54:38,6:33,17.40,114.08,64.67,119.10,2026-03-13 20:22:38,2026-03-13 20:52:38
Priya K.,FOH,Bartender,2026-03-13,2026-03-13 16:52:24,2026-03-14 00:39:24,7:17,19.00,138.64,33.77,52.77,2026-03-13 20:45:24,2026-03-13 21:15:24
Zoe F.,FOH,Busser,2026-03-13,2026-03-13 17:15:49,2026-03-13 23:18:49,5:33,17.40,96.72,14.06,21.07,2026-03-13 20:16:49,2026-03-13 20:46:49
Amy L.,BOH,Prep Cook,2026-03-14,2026-03-14 08:23:01,2026-03-14 15:10:01,6:17,18.00,113.36,0.00,0.00,2026-03-14 11:46:01,2026-03-14 12:16:01
Chef Daniel,BOH,Head Chef,2026-03-14,2026-03-14 09:57:27,2026-03-14 19:48:27,9:21,32.00,321.32,0.00,0.00,2026-03-14 14:52:27,2026-03-14 15:22:27
Lisa P.,BOH,Line Cook,2026-03-14,2026-03-14 10:03:04,2026-03-14 18:47:04,8:14,20.50,171.37,0.00,0.00,2026-03-14 14:25:04,2026-03-14 14:55:04
Ben K.,BOH,Dishwasher,2026-03-14,2026-03-14 10:05:06,2026-03-14 18:10:06,7:35,17.40,132.00,0.00,0.00,2026-03-14 14:07:06,2026-03-14 14:37:06
Chris R.,BOH,Dishwasher,2026-03-14,2026-03-14 10:05:24,2026-03-14 18:26:24,7:51,17.40,136.71,0.00,0.00,2026-03-14 14:15:24,2026-03-14 14:45:24
Sam W.,BOH,Prep Cook,2026-03-14,2026-03-14 10:58:18,2026-03-14 19:50:18,8:22,18.50,158.19,0.00,0.00,2026-03-14 15:24:18,2026-03-14 15:54:18
Maya C.,FOH,Server,2026-03-14,2026-03-14 11:03:36,2026-03-14 16:51:36,5:18,17.40,92.41,30.23,65.69,2026-03-14 13:57:36,2026-03-14 14:27:36
Aisha R.,FOH,Server,2026-03-14,2026-03-14 11:07:33,2026-03-14 17:35:33,5:58,18.00,107.49,60.57,92.85,2026-03-14 14:21:33,2026-03-14 14:51:33
Sarah M.,FOH,Server,2026-03-14,2026-03-14 11:17:24,2026-03-14 16:47:24,5:00,18.50,92.52,37.27,46.45,2026-03-14 14:02:24,2026-03-14 14:32:24
David L.,FOH,Server,2026-03-14,2026-03-14 11:21:08,2026-03-14 17:33:08,5:42,17.40,99.44,61.93,65.86,2026-03-14 14:27:08,2026-03-14 14:57:08
Jake T.,FOH,Server,2026-03-14,2026-03-14 11:26:06,2026-03-14 18:31:06,6:35,17.40,114.75,70.50,44.34,2026-03-14 14:58:06,2026-03-14 15:28:06
Emma W.,FOH,Server,2026-03-14,2026-03-14 11:27:05,2026-03-14 17:03:05,5:06,18.00,91.94,69.72,115.92,2026-03-14 14:15:05,2026-03-14 14:45:05
Yuki T.,BOH,Line Cook,2026-03-14,2026-03-14 14:02:12,2026-03-14 21:57:12,7:25,21.00,156.04,0.00,0.00,2026-03-14 17:59:12,2026-03-14 18:29:12
Omar H.,BOH,Line Cook,2026-03-14,2026-03-14 14:18:41,2026-03-14 21:19:41,6:31,20.00,130.64,0.00,0.00,2026-03-14 17:48:41,2026-03-14 18:18:41
Carlos M.,BOH,Line Cook,2026-03-14,2026-03-14 15:09:34,2026-03-14 21:48:34,6:09,22.00,135.51,0.00,0.00,2026-03-14 18:28:34,2026-03-14 18:58:34
Marcus D.,FOH,Bartender,2026-03-14,2026-03-14 16:27:21,2026-03-14 23:55:21,6:58,19.50,136.05,27.23,38.66,2026-03-14 20:11:21,2026-03-14 20:41:21
Liam P.,FOH,Host,2026-03-14,2026-03-14 16:30:49,2026-03-14 23:27:49,6:27,17.40,112.51,11.16,20.40,2026-03-14 19:58:49,2026-03-14 20:28:49
Zoe F.,FOH,Busser,2026-03-14,2026-03-14 16:34:27,2026-03-14 23:19:27,6:15,17.40,108.97,5.49,18.63,2026-03-14 19:56:27,2026-03-14 20:26:27
Sofia N.,FOH,Host,2026-03-14,2026-03-14 16:48:02,2026-03-14 23:31:02,6:13,17.40,108.25,10.91,21.90,2026-03-14 20:09:02,2026-03-14 20:39:02
Tyler B.,FOH,Busser,2026-03-14,2026-03-14 16:51:28,2026-03-14 23:39:28,6:18,17.40,109.91,14.31,11.81,2026-03-14 20:15:28,2026-03-14 20:45:28
Priya K.,FOH,Bartender,2026-03-14,2026-03-14 16:56:31,2026-03-14 22:58:31,5:32,19.00,105.34,53.38,59.37,2026-03-14 19:57:31,2026-03-14 20:27:31
Sam W.,BOH,Prep Cook,2026-03-15,2026-03-15 08:42:08,2026-03-15 14:44:08,5:32,18.50,102.62,0.00,0.00,2026-03-15 11:43:08,2026-03-15 12:13:08
Chef Daniel,BOH,Head Chef,2026-03-15,2026-03-15 09:14:58,2026-03-15 18:41:58,8:57,32.00,302.08,0.00,0.00,2026-03-15 13:57:58,2026-03-15 14:27:58
Amy L.,BOH,Prep Cook,2026-03-15,2026-03-15 10:08:02,2026-03-15 17:17:02,6:39,18.00,119.99,0.00,0.00,2026-03-15 13:42:02,2026-03-15 14:12:02
Emma W.,FOH,Server,2026-03-15,2026-03-15 11:11:53,2026-03-15 16:20:53,4:39,18.00,83.99,33.75,76.21,2026-03-15 13:45:53,2026-03-15 14:15:53
Aisha R.,FOH,Server,2026-03-15,2026-03-15 11:20:54,2026-03-15 17:58:54,6:08,18.00,110.59,41.65,35.54,2026-03-15 14:39:54,2026-03-15 15:09:54
Sofia N.,FOH,Host,2026-03-15,2026-03-15 11:27:58,2026-03-15 16:17:58,4:50,17.40,84.22,8.81,21.14,,
Carlos M.,BOH,Line Cook,2026-03-15,2026-03-15 14:29:23,2026-03-15 21:16:23,6:17,22.00,138.40,0.00,0.00,2026-03-15 17:52:23,2026-03-15 18:22:23
Lisa P.,BOH,Line Cook,2026-03-15,2026-03-15 14:33:05,2026-03-15 20:42:05,5:39,20.50,115.95,0.00,0.00,2026-03-15 17:37:05,2026-03-15 18:07:05
Omar H.,BOH,Line Cook,2026-03-15,2026-03-15 14:39:07,2026-03-15 22:10:07,7:01,20.00,140.43,0.00,0.00,2026-03-15 18:24:07,2026-03-15 18:54:07
Yuki T.,BOH,Line Cook,2026-03-15,2026-03-15 14:47:21,2026-03-15 20:49:21,5:32,21.00,116.22,0.00,0.00,2026-03-15 17:48:21,2026-03-15 18:18:21
Maya C.,FOH,Server,2026-03-15,2026-03-15 16:14:31,2026-03-15 22:06:31,5:22,17.40,93.39,26.54,43.87,2026-03-15 19:10:31,2026-03-15 19:40:31
Jake T.,FOH,Server,2026-03-15,2026-03-15 16:16:34,2026-03-15 22:17:34,5:31,17.40,96.27,34.12,89.34,2026-03-15 19:16:34,2026-03-15 19:46:34
David L.,FOH,Server,2026-03-15,2026-03-15 16:18:17,2026-03-15 23:37:17,6:49,17.40,118.89,59.83,84.23,2026-03-15 19:57:17,2026-03-15 20:27:17
Marcus D.,FOH,Bartender,2026-03-15,2026-03-15 16:24:28,2026-03-16 00:13:28,7:19,19.50,142.76,16.05,46.50,2026-03-15 20:18:28,2026-03-15 20:48:28
Liam P.,FOH,Host,2026-03-15,2026-03-15 16:36:57,2026-03-15 21:45:57,4:39,17.40,80.96,14.75,14.95,2026-03-15 19:10:57,2026-03-15 19:40:57
Sarah M.,FOH,Server,2026-03-15,2026-03-15 16:52:01,2026-03-16 00:25:01,7:03,18.50,130.49,44.44,54.45,2026-03-15 20:38:01,2026-03-15 21:08:01
Priya K.,FOH,Bartender,2026-03-15,2026-03-15 16:52:55,2026-03-15 23:49:55,6:27,19.00,122.70,34.37,54.35,2026-03-15 20:20:55,2026-03-15 20:50:55
Amy L.,BOH,Prep Cook,2026-03-16,2026-03-16 10:03:20,2026-03-16 18:42:20,8:09,18.00,148.46,0.00,0.00,2026-03-16 14:22:20,2026-03-16 14:52:20
Chris R.,BOH,Dishwasher,2026-03-16,2026-03-16 10:04:22,2026-03-16 17:45:22,7:11,17.40,125.01,0.00,0.00,2026-03-16 13:54:22,2026-03-16 14:24:22
Ben K.,BOH,Dishwasher,2026-03-16,2026-03-16 10:39:40,2026-03-16 19:18:40,8:09,17.40,143.44,0.00,0.00,2026-03-16 14:58:40,2026-03-16 15:28:40
Jake T.,FOH,Server,2026-03-16,2026-03-16 11:00:43,2026-03-16 16:43:43,5:13,17.40,90.96,49.13,75.62,2026-03-16 13:51:43,2026-03-16 14:21:43
Maya C.,FOH,Server,2026-03-16,2026-03-16 11:03:35,2026-03-16 17:21:35,5:48,17.40,100.98,29.33,41.53,2026-03-16 14:12:35,2026-03-16 14:42:35
Sarah M.,FOH,Server,2026-03-16,2026-03-16 11:06:48,2026-03-16 17:06:48,5:30,18.50,102.02,54.74,63.16,2026-03-16 14:06:48,2026-03-16 14:36:48
Sofia N.,FOH,Host,2026-03-16,2026-03-16 11:29:21,2026-03-16 15:35:21,4:06,17.40,71.40,6.40,22.62,,
Yuki T.,BOH,Line Cook,2026-03-16,2026-03-16 14:36:33,2026-03-16 21:40:33,6:34,21.00,138.02,0.00,0.00,2026-03-16 18:08:33,2026-03-16 18:38:33
Omar H.,BOH,Line Cook,2026-03-16,2026-03-16 15:07:38,2026-03-16 22:29:38,6:52,20.00,137.63,0.00,0.00,2026-03-16 18:48:38,2026-03-16 19:18:38
Aisha R.,FOH,Server,2026-03-16,2026-03-16 16:13:28,2026-03-16 23:24:28,6:41,18.00,120.58,46.74,43.79,2026-03-16 19:48:28,2026-03-16 20:18:28
Liam P.,FOH,Host,2026-03-16,2026-03-16 16:55:00,2026-03-16 22:25:00,5:00,17.40,87.06,14.61,11.39,2026-03-16 19:40:00,2026-03-16 20:10:00
Emma W.,FOH,Server,2026-03-16,2026-03-16 17:00:49,2026-03-16 23:44:49,6:14,18.00,112.46,25.35,63.52,2026-03-16 20:22:49,2026-03-16 20:52:49
Tyler B.,FOH,Busser,2026-03-16,2026-03-16 17:12:15,2026-03-17 00:05:15,6:23,17.40,111.14,11.15,13.52,2026-03-16 20:38:15,2026-03-16 21:08:15
Chef Daniel,BOH,Head Chef,2026-03-17,2026-03-17 09:02:46,2026-03-17 18:27:46,8:55,32.00,300.13,0.00,0.00,2026-03-17 13:44:46,2026-03-17 14:14:46
Sam W.,BOH,Prep Cook,2026-03-17,2026-03-17 10:05:18,2026-03-17 19:00:18,8:25,18.50,159.78,0.00,0.00,2026-03-17 14:32:18,2026-03-17 15:02:18
Omar H.,BOH,Line Cook,2026-03-17,2026-03-17 10:27:16,2026-03-17 18:49:16,7:52,20.00,157.60,0.00,0.00,2026-03-17 14:38:16,2026-03-17 15:08:16
Amy L.,BOH,Prep Cook,2026-03-17,2026-03-17 10:47:09,2026-03-17 19:29:09,8:12,18.00,149.67,0.00,0.00,2026-03-17 15:08:09,2026-03-17 15:38:09
Lisa P.,BOH,Line Cook,2026-03-17,2026-03-17 10:48:20,2026-03-17 18:45:20,7:27,20.50,152.98,0.00,0.00,2026-03-17 14:46:20,2026-03-17 15:16:20
Liam P.,FOH,Host,2026-03-17,2026-03-17 11:12:00,2026-03-17 16:43:00,5:01,17.40,87.55,14.51,17.77,2026-03-17 13:57:00,2026-03-17 14:27:00
Tyler B.,FOH,Busser,2026-03-17,2026-03-17 11:21:24,2026-03-17 16:18:24,4:57,17.40,86.19,5.18,21.39,,
Emma W.,FOH,Server,2026-03-17,2026-03-17 11:26:48,2026-03-17 17:41:48,5:45,18.00,103.74,52.80,66.28,2026-03-17 14:33:48,2026-03-17 15:03:48
Yuki T.,BOH,Line Cook,2026-03-17,2026-03-17 14:00:10,2026-03-17 21:13:10,6:43,21.00,141.38,0.00,0.00,2026-03-17 17:36:10,2026-03-17 18:06:10
Carlos M.,BOH,Line Cook,2026-03-17,2026-03-17 15:15:38,2026-03-17 21:28:38,5:43,22.00,126.09,0.00,0.00,2026-03-17 18:21:38,2026-03-17 18:51:38
Marcus D.,FOH,Bartender,2026-03-17,2026-03-17 16:01:17,2026-03-17 23:42:17,7:11,19.50,140.34,36.41,25.81,2026-03-17 19:51:17,2026-03-17 20:21:17
Priya K.,FOH,Bartender,2026-03-17,2026-03-17 16:12:07,2026-03-17 22:39:07,5:57,19.00,113.33,17.77,31.36,2026-03-17 19:25:07,2026-03-17 19:55:07
Maya C.,FOH,Server,2026-03-17,2026-03-17 16:47:03,2026-03-17 23:22:03,6:05,17.40,106.00,32.80,58.81,2026-03-17 20:04:03,2026-03-17 20:34:03
Jake T.,FOH,Server,2026-03-17,2026-03-17 16:50:59,2026-03-17 22:50:59,5:30,17.40,95.91,49.82,64.01,2026-03-17 19:50:59,2026-03-17 20:20:59
Aisha R.,FOH,Server,2026-03-17,2026-03-17 16:51:04,2026-03-17 23:40:04,6:19,18.00,113.79,38.80,34.58,2026-03-17 20:15:04,2026-03-17 20:45:04
Zoe F.,FOH,Busser,2026-03-17,2026-03-17 17:22:44,2026-03-17 22:46:44,4:54,17.40,85.32,7.33,21.55,2026-03-17 20:04:44,2026-03-17 20:34:44
Chef Daniel,BOH,Head Chef,2026-03-18,2026-03-18 09:42:59,2026-03-18 20:41:59,10:29,32.00,375.94,0.00,0.00,2026-03-18 15:11:59,2026-03-18 15:41:59
Lisa P.,BOH,Line Cook,2026-03-18,2026-03-18 10:08:51,2026-03-18 17:14:51,6:36,20.50,135.43,0.00,0.00,2026-03-18 13:41:51,2026-03-18 14:11:51
Omar H.,BOH,Line Cook,2026-03-18,2026-03-18 10:17:55,2026-03-18 19:26:55,8:39,20.00,179.98,0.00,0.00,2026-03-18 14:51:55,2026-03-18 15:21:55
Sam W.,BOH,Prep Cook,2026-03-18,2026-03-18 10:24:03,2026-03-18 17:45:03,6:51,18.50,126.90,0.00,0.00,2026-03-18 14:04:03,2026-03-18 14:34:03
Amy L.,BOH,Prep Cook,2026-03-18,2026-03-18 10:30:53,2026-03-18 18:31:53,7:31,18.00,135.30,0.00,0.00,2026-03-18 14:30:53,2026-03-18 15:00:53
Carlos M.,BOH,Line Cook,2026-03-18,2026-03-18 10:39:01,2026-03-18 18:42:01,7:33,22.00,166.41,0.00,0.00,2026-03-18 14:40:01,2026-03-18 15:10:01
Yuki T.,BOH,Line Cook,2026-03-18,2026-03-18 10:57:54,2026-03-18 19:03:54,7:36,21.00,159.85,0.00,0.00,2026-03-18 15:00:54,2026-03-18 15:30:54
Liam P.,FOH,Host,2026-03-18,2026-03-18 11:03:08,2026-03-18 16:51:08,5:18,17.40,92.32,10.12,19.76,2026-03-18 13:57:08,2026-03-18 14:27:08
Maya C.,FOH,Server,2026-03-18,2026-03-18 11:04:26,2026-03-18 17:33:26,5:59,17.40,104.23,34.72,84.77,2026-03-18 14:18:26,2026-03-18 14:48:26
Tyler B.,FOH,Busser,2026-03-18,2026-03-18 11:12:13,2026-03-18 16:39:13,4:57,17.40,86.27,8.72,18.99,2026-03-18 13:55:13,2026-03-18 14:25:13
David L.,FOH,Server,2026-03-18,2026-03-18 11:13:42,2026-03-18 17:02:42,5:19,17.40,92.69,43.02,64.27,2026-03-18 14:07:42,2026-03-18 14:37:42
Emma W.,FOH,Server,2026-03-18,2026-03-18 11:16:28,2026-03-18 17:32:28,5:46,18.00,103.96,47.96,56.34,2026-03-18 14:24:28,2026-03-18 14:54:28
Sarah M.,FOH,Server,2026-03-18,2026-03-18 16:07:01,2026-03-18 23:11:01,6:34,18.50,121.63,32.46,40.51,2026-03-18 19:39:01,2026-03-18 20:09:01
Jake T.,FOH,Server,2026-03-18,2026-03-18 16:09:56,2026-03-19 00:08:56,7:29,17.40,130.46,38.48,46.34,2026-03-18 20:08:56,2026-03-18 20:38:56
Aisha R.,FOH,Server,2026-03-18,2026-03-18 16:37:14,2026-03-19 00:12:14,7:05,18.00,127.70,48.97,32.53,2026-03-18 20:24:14,2026-03-18 20:54:14
Priya K.,FOH,Bartender,2026-03-18,2026-03-18 16:45:26,2026-03-19 00:20:26,7:05,19.00,134.63,30.19,70.00,2026-03-18 20:32:26,2026-03-18 21:02:26
Amy L.,BOH,Prep Cook,2026-03-19,2026-03-19 08:27:36,2026-03-19 14:54:36,5:57,18.00,107.23,0.00,0.00,2026-03-19 11:40:36,2026-03-19 12:10:36
Chef Daniel,BOH,Head Chef,2026-03-19,2026-03-19 09:53:58,2026-03-19 20:25:58,10:02,32.00,353.92,0.00,0.00,2026-03-19 15:09:58,2026-03-19 15:39:58
Ben K.,BOH,Dishwasher,2026-03-19,2026-03-19 10:06:45,2026-03-19 18:24:45,7:48,17.40,135.89,0.00,0.00,2026-03-19 14:15:45,2026-03-19 14:45:45
Sam W.,BOH,Prep Cook,2026-03-19,2026-03-19 10:28:47,2026-03-19 19:26:47,8:28,18.50,161.33,0.00,0.00,2026-03-19 14:57:47,2026-03-19 15:27:47
Jake T.,FOH,Server,2026-03-19,2026-03-19 11:13:14,2026-03-19 17:06:14,5:23,17.40,93.80,20.75,60.13,2026-03-19 14:09:14,2026-03-19 14:39:14
Emma W.,FOH,Server,2026-03-19,2026-03-19 11:18:01,2026-03-19 17:41:01,5:53,18.00,106.17,33.88,46.99,2026-03-19 14:29:01,2026-03-19 14:59:01
Liam P.,FOH,Host,2026-03-19,2026-03-19 11:27:30,2026-03-19 17:12:30,5:15,17.40,91.52,11.12,15.71,2026-03-19 14:19:30,2026-03-19 14:49:30
Sofia N.,FOH,Host,2026-03-19,2026-03-19 11:30:17,2026-03-19 16:20:17,4:50,17.40,84.29,14.07,23.63,,
Omar H.,BOH,Line Cook,2026-03-19,2026-03-19 14:02:21,2026-03-19 20:21:21,5:49,20.00,116.44,0.00,0.00,2026-03-19 17:11:21,2026-03-19 17:41:21
Yuki T.,BOH,Line Cook,2026-03-19,2026-03-19 14:17:51,2026-03-19 20:53:51,6:06,21.00,128.11,0.00,0.00,2026-03-19 17:35:51,2026-03-19 18:05:51
Lisa P.,BOH,Line Cook,2026-03-19,2026-03-19 15:12:04,2026-03-19 22:26:04,6:44,20.50,138.16,0.00,0.00,2026-03-19 18:49:04,2026-03-19 19:19:04
Carlos M.,BOH,Line Cook,2026-03-19,2026-03-19 15:27:10,2026-03-19 21:43:10,5:46,22.00,126.87,0.00,0.00,2026-03-19 18:35:10,2026-03-19 19:05:10
Priya K.,FOH,Bartender,2026-03-19,2026-03-19 16:00:55,2026-03-19 22:00:55,5:30,19.00,104.53,27.52,57.36,2026-03-19 19:00:55,2026-03-19 19:30:55
Maya C.,FOH,Server,2026-03-19,2026-03-19 16:08:59,2026-03-19 22:13:59,5:35,17.40,97.39,37.67,55.01,2026-03-19 19:10:59,2026-03-19 19:40:59
David L.,FOH,Server,2026-03-19,2026-03-19 16:16:36,2026-03-19 23:54:36,7:08,17.40,124.15,34.92,71.04,2026-03-19 20:05:36,2026-03-19 20:35:36
Aisha R.,FOH,Server,2026-03-19,2026-03-19 16:20:36,2026-03-19 22:55:36,6:05,18.00,109.67,51.96,78.73,2026-03-19 19:37:36,2026-03-19 20:07:36
Marcus D.,FOH,Bartender,2026-03-19,2026-03-19 16:36:37,2026-03-19 23:32:37,6:26,19.50,125.54,15.12,44.86,2026-03-19 20:04:37,2026-03-19 20:34:37
Sarah M.,FOH,Server,2026-03-19,2026-03-19 16:54:06,2026-03-19 23:53:06,6:29,18.50,120.06,44.74,51.92,2026-03-19 20:23:06,2026-03-19 20:53:06
Chris R.,BOH,Dishwasher,2026-03-20,2026-03-20 08:35:29,2026-03-20 15:53:29,6:48,17.40,118.42,0.00,0.00,2026-03-20 12:14:29,2026-03-20 12:44:29
Chef Daniel,BOH,Head Chef,2026-03-20,2026-03-20 09:36:10,2026-03-20 19:52:10,9:46,32.00,341.13,0.00,0.00,2026-03-20 14:44:10,2026-03-20 15:14:10
Amy L.,BOH,Prep Cook,2026-03-20,2026-03-20 10:09:56,2026-03-20 19:00:56,8:21,18.00,153.87,0.00,0.00,2026-03-20 14:34:56,2026-03-20 15:04:56
Yuki T.,BOH,Line Cook,2026-03-20,2026-03-20 10:27:19,2026-03-20 17:46:19,6:49,21.00,143.49,0.00,0.00,2026-03-20 14:06:19,2026-03-20 14:36:19
Sam W.,BOH,Prep Cook,2026-03-20,2026-03-20 10:42:58,2026-03-20 18:19:58,7:07,18.50,131.94,0.00,0.00,2026-03-20 14:30:58,2026-03-20 15:00:58
Ben K.,BOH,Dishwasher,2026-03-20,2026-03-20 10:48:26,2026-03-20 18:59:26,7:41,17.40,133.88,0.00,0.00,2026-03-20 14:53:26,2026-03-20 15:23:26
David L.,FOH,Server,2026-03-20,2026-03-20 11:02:51,2026-03-20 17:55:51,6:23,17.40,111.34,43.86,55.06,2026-03-20 14:28:51,2026-03-20 14:58:51
Jake T.,FOH,Server,2026-03-20,2026-03-20 11:22:24,2026-03-20 18:14:24,6:22,17.40,110.80,52.43,63.29,2026-03-20 14:48:24,2026-03-20 15:18:24
Liam P.,FOH,Host,2026-03-20,2026-03-20 11:24:47,2026-03-20 16:14:47,4:50,17.40,84.11,8.27,18.45,,
Emma W.,FOH,Server,2026-03-20,2026-03-20 11:28:02,2026-03-20 17:30:02,5:32,18.00,99.69,77.70,81.12,2026-03-20 14:29:02,2026-03-20 14:59:02
Omar H.,BOH,Line Cook,2026-03-20,2026-03-20 14:23:30,2026-03-20 20:51:30,5:58,20.00,119.59,0.00,0.00,2026-03-20 17:37:30,2026-03-20 18:07:30
Carlos M.,BOH,Line Cook,2026-03-20,2026-03-20 14:34:18,2026-03-20 21:43:18,6:39,22.00,146.35,0.00,0.00,2026-03-20 18:08:18,2026-03-20 18:38:18
Lisa P.,BOH,Line Cook,2026-03-20,2026-03-20 15:09:51,2026-03-20 22:05:51,6:26,20.50,132.20,0.00,0.00,2026-03-20 18:37:51,2026-03-20 19:07:51
Sarah M.,FOH,Server,2026-03-20,2026-03-20 16:04:55,2026-03-20 23:06:55,6:32,18.50,121.03,29.89,89.17,2026-03-20 19:35:55,2026-03-20 20:05:55
Aisha R.,FOH,Server,2026-03-20,2026-03-20 16:08:27,2026-03-20 22:11:27,5:33,18.00,100.13,59.66,57.27,2026-03-20 19:09:27,2026-03-20 19:39:27
Priya K.,FOH,Bartender,2026-03-20,2026-03-20 16:10:29,2026-03-20 23:34:29,6:54,19.00,131.21,38.50,34.68,2026-03-20 19:52:29,2026-03-20 20:22:29
Maya C.,FOH,Server,2026-03-20,2026-03-20 16:12:46,2026-03-20 22:46:46,6:04,17.40,105.64,57.59,58.00,2026-03-20 19:29:46,2026-03-20 19:59:46
Zoe F.,FOH,Busser,2026-03-20,2026-03-20 16:56:20,2026-03-20 23:41:20,6:15,17.40,108.79,12.32,23.80,2026-03-20 20:18:20,2026-03-20 20:48:20
Marcus D.,FOH,Bartender,2026-03-20,2026-03-20 16:56:43,2026-03-20 23:20:43,5:54,19.50,115.33,45.10,71.36,2026-03-20 20:08:43,2026-03-20 20:38:43
Tyler B.,FOH,Busser,2026-03-20,2026-03-20 16:56:58,2026-03-20 23:27:58,6:01,17.40,104.98,14.27,21.54,2026-03-20 20:11:58,2026-03-20 20:41:58
Sofia N.,FOH,Host,2026-03-20,2026-03-20 16:56:59,2026-03-20 22:48:59,5:22,17.40,93.38,13.52,20.63,2026-03-20 19:52:59,2026-03-20 20:22:59
Ben K.,BOH,Dishwasher,2026-03-21,2026-03-21 08:51:36,2026-03-21 16:09:36,6:48,17.40,118.58,0.00,0.00,2026-03-21 12:30:36,2026-03-21 13:00:36
Chef Daniel,BOH,Head Chef,2026-03-21,2026-03-21 09:00:22,2026-03-21 19:15:22,9:45,32.00,340.40,0.00,0.00,2026-03-21 14:07:22,2026-03-21 14:37:22
Chris R.,BOH,Dishwasher,2026-03-21,2026-03-21 10:06:35,2026-03-21 18:34:35,7:58,17.40,138.83,0.00,0.00,2026-03-21 14:20:35,2026-03-21 14:50:35
Amy L.,BOH,Prep Cook,2026-03-21,2026-03-21 10:43:25,2026-03-21 19:42:25,8:29,18.00,157.10,0.00,0.00,2026-03-21 15:12:25,2026-03-21 15:42:25
Sam W.,BOH,Prep Cook,2026-03-21,2026-03-21 10:55:14,2026-03-21 18:50:14,7:25,18.50,137.33,0.00,0.00,2026-03-21 14:52:14,2026-03-21 15:22:14
Liam P.,FOH,Host,2026-03-21,2026-03-21 11:05:13,2026-03-21 15:58:13,4:53,17.40,85.25,8.68,22.79,,
Aisha R.,FOH,Server,2026-03-21,2026-03-21 11:05:18,2026-03-21 18:17:18,6:42,18.00,120.83,41.20,107.07,2026-03-21 14:41:18,2026-03-21 15:11:18
Emma W.,FOH,Server,2026-03-21,2026-03-21 11:11:24,2026-03-21 16:47:24,5:06,18.00,91.82,66.00,115.58,2026-03-21 13:59:24,2026-03-21 14:29:24
David L.,FOH,Server,2026-03-21,2026-03-21 11:14:10,2026-03-21 17:58:10,6:14,17.40,108.57,31.30,54.24,2026-03-21 14:36:10,2026-03-21 15:06:10
Zoe F.,FOH,Busser,2026-03-21,2026-03-21 11:21:00,2026-03-21 15:42:00,4:21,17.40,75.85,9.06,12.13,,
Maya C.,FOH,Server,2026-03-21,2026-03-21 11:24:08,2026-03-21 17:41:08,5:47,17.40,100.77,31.27,78.79,2026-03-21 14:32:08,2026-03-21 15:02:08
Jake T.,FOH,Server,2026-03-21,2026-03-21 11:24:26,2026-03-21 16:29:26,4:35,17.40,79.82,65.91,91.14,2026-03-21 13:56:26,2026-03-21 14:26:26
Omar H.,BOH,Line Cook,2026-03-21,2026-03-21 14:03:03,2026-03-21 20:15:03,5:42,20.00,114.07,0.00,0.00,2026-03-21 17:09:03,2026-03-21 17:39:03
Yuki T.,BOH,Line Cook,2026-03-21,2026-03-21 14:17:10,2026-03-21 21:01:10,6:14,21.00,131.01,0.00,0.00,2026-03-21 17:39:10,2026-03-21 18:09:10
Lisa P.,BOH,Line Cook,2026-03-21,2026-03-21 14:39:30,2026-03-21 21:45:30,6:36,20.50,135.63,0.00,0.00,2026-03-21 18:12:30,2026-03-21 18:42:30
Carlos M.,BOH,Line Cook,2026-03-21,2026-03-21 15:13:45,2026-03-21 21:25:45,5:42,22.00,125.42,0.00,0.00,2026-03-21 18:19:45,2026-03-21 18:49:45
Sarah M.,FOH,Server,2026-03-21,2026-03-21 16:15:09,2026-03-21 23:48:09,7:03,18.50,130.61,58.84,43.27,2026-03-21 20:01:09,2026-03-21 20:31:09
Sofia N.,FOH,Host,2026-03-21,2026-03-21 16:37:38,2026-03-21 23:00:38,5:53,17.40,102.53,8.37,24.73,2026-03-21 19:48:38,2026-03-21 20:18:38
Marcus D.,FOH,Bartender,2026-03-21,2026-03-21 16:38:51,2026-03-21 22:53:51,5:45,19.50,112.18,45.71,73.20,2026-03-21 19:45:51,2026-03-21 20:15:51
Tyler B.,FOH,Busser,2026-03-21,2026-03-21 16:54:57,2026-03-21 22:37:57,5:13,17.40,91.04,7.37,16.03,2026-03-21 19:45:57,2026-03-21 20:15:57
Priya K.,FOH,Bartender,2026-03-21,2026-03-21 17:00:47,2026-03-22 00:37:47,7:07,19.00,135.40,55.20,60.11,2026-03-21 20:48:47,2026-03-21 21:18:47
Chef Daniel,BOH,Head Chef,2026-03-22,2026-03-22 09:25:18,2026-03-22 19:01:18,9:06,32.00,309.44,0.00,0.00,2026-03-22 14:13:18,2026-03-22 14:43:18
Amy L.,BOH,Prep Cook,2026-03-22,2026-03-22 10:27:32,2026-03-22 18:04:32,7:07,18.00,128.25,0.00,0.00,2026-03-22 14:15:32,2026-03-22 14:45:32
Sam W.,BOH,Prep Cook,2026-03-22,2026-03-22 10:28:50,2026-03-22 18:03:50,7:05,18.50,131.15,0.00,0.00,2026-03-22 14:15:50,2026-03-22 14:45:50
Yuki T.,BOH,Line Cook,2026-03-22,2026-03-22 10:30:09,2026-03-22 18:04:09,7:04,21.00,148.55,0.00,0.00,2026-03-22 14:17:09,2026-03-22 14:47:09
Omar H.,BOH,Line Cook,2026-03-22,2026-03-22 10:44:42,2026-03-22 19:02:42,7:48,20.00,156.00,0.00,0.00,2026-03-22 14:53:42,2026-03-22 15:23:42
Lisa P.,BOH,Line Cook,2026-03-22,2026-03-22 10:56:35,2026-03-22 19:15:35,7:49,20.50,160.42,0.00,0.00,2026-03-22 15:05:35,2026-03-22 15:35:35
Sofia N.,FOH,Host,2026-03-22,2026-03-22 11:03:28,2026-03-22 15:57:28,4:54,17.40,85.33,9.15,16.88,,
Emma W.,FOH,Server,2026-03-22,2026-03-22 11:23:46,2026-03-22 17:10:46,5:17,18.00,95.37,23.09,67.21,2026-03-22 14:16:46,2026-03-22 14:46:46
Jake T.,FOH,Server,2026-03-22,2026-03-22 11:27:47,2026-03-22 17:24:47,5:27,17.40,95.10,45.29,88.90,2026-03-22 14:25:47,2026-03-22 14:55:47
Maya C.,FOH,Server,2026-03-22,2026-03-22 11:28:28,2026-03-22 16:36:28,4:38,17.40,80.79,22.73,56.21,2026-03-22 14:02:28,2026-03-22 14:32:28
Sarah M.,FOH,Server,2026-03-22,2026-03-22 11:30:02,2026-03-22 17:00:02,5:00,18.50,92.75,52.06,62.67,2026-03-22 14:15:02,2026-03-22 14:45:02
Carlos M.,BOH,Line Cook,2026-03-22,2026-03-22 14:32:06,2026-03-22 20:34:06,5:32,22.00,121.80,0.00,0.00,2026-03-22 17:33:06,2026-03-22 18:03:06
Aisha R.,FOH,Server,2026-03-22,2026-03-22 16:00:04,2026-03-22 22:03:04,5:33,18.00,100.12,49.90,73.49,2026-03-22 19:01:04,2026-03-22 19:31:04
David L.,FOH,Server,2026-03-22,2026-03-22 16:19:15,2026-03-22 22:27:15,5:38,17.40,98.15,24.20,87.59,2026-03-22 19:23:15,2026-03-22 19:53:15
Marcus D.,FOH,Bartender,2026-03-22,2026-03-22 16:23:08,2026-03-23 01:06:08,8:13,19.50,162.52,33.08,36.91,2026-03-22 20:44:08,2026-03-22 21:14:08
Priya K.,FOH,Bartender,2026-03-22,2026-03-22 16:43:56,2026-03-22 22:50:56,5:37,19.00,107.00,18.83,50.74,2026-03-22 19:46:56,2026-03-22 20:16:56
Liam P.,FOH,Host,2026-03-22,2026-03-22 16:58:24,2026-03-22 22:32:24,5:04,17.40,88.35,7.57,10.78,2026-03-22 19:45:24,2026-03-22 20:15:24
Omar H.,BOH,Line Cook,2026-03-23,2026-03-23 10:12:49,2026-03-23 17:27:49,6:45,20.00,135.03,0.00,0.00,2026-03-23 13:49:49,2026-03-23 14:19:49
Sam W.,BOH,Prep Cook,2026-03-23,2026-03-23 10:38:26,2026-03-23 19:04:26,7:56,18.50,147.04,0.00,0.00,2026-03-23 14:51:26,2026-03-23 15:21:26
Amy L.,BOH,Prep Cook,2026-03-23,2026-03-23 10:58:51,2026-03-23 18:50:51,7:22,18.00,132.66,0.00,0.00,2026-03-23 14:54:51,2026-03-23 15:24:51
Sarah M.,FOH,Server,2026-03-23,2026-03-23 11:04:18,2026-03-23 16:44:18,5:10,18.50,95.67,38.21,76.69,2026-03-23 13:54:18,2026-03-23 14:24:18
Zoe F.,FOH,Busser,2026-03-23,2026-03-23 11:21:50,2026-03-23 15:22:50,4:01,17.40,70.16,8.17,10.10,,
Tyler B.,FOH,Busser,2026-03-23,2026-03-23 11:29:06,2026-03-23 15:44:06,4:15,17.40,74.03,11.94,15.39,,
Lisa P.,BOH,Line Cook,2026-03-23,2026-03-23 14:09:51,2026-03-23 21:46:51,7:07,20.50,145.95,0.00,0.00,2026-03-23 17:57:51,2026-03-23 18:27:51
Yuki T.,BOH,Line Cook,2026-03-23,2026-03-23 14:32:56,2026-03-23 21:59:56,6:57,21.00,146.24,0.00,0.00,2026-03-23 18:15:56,2026-03-23 18:45:56
Aisha R.,FOH,Server,2026-03-23,2026-03-23 16:00:41,2026-03-23 22:22:41,5:52,18.00,105.78,38.81,36.53,2026-03-23 19:11:41,2026-03-23 19:41:41
Maya C.,FOH,Server,2026-03-23,2026-03-23 16:21:33,2026-03-23 22:49:33,5:58,17.40,104.01,50.03,61.44,2026-03-23 19:35:33,2026-03-23 20:05:33
Marcus D.,FOH,Bartender,2026-03-23,2026-03-23 16:43:53,2026-03-23 23:07:53,5:54,19.50,115.35,34.22,46.77,2026-03-23 19:55:53,2026-03-23 20:25:53
Emma W.,FOH,Server,2026-03-23,2026-03-23 16:48:30,2026-03-23 23:02:30,5:44,18.00,103.47,31.29,89.55,2026-03-23 19:55:30,2026-03-23 20:25:30
Sofia N.,FOH,Host,2026-03-23,2026-03-23 16:53:02,2026-03-23 22:06:02,4:43,17.40,82.30,6.24,13.14,2026-03-23 19:29:02,2026-03-23 19:59:02
Chef Daniel,BOH,Head Chef,2026-03-24,2026-03-24 09:01:21,2026-03-24 18:14:21,8:43,32.00,290.98,0.00,0.00,2026-03-24 13:37:21,2026-03-24 14:07:21
Amy L.,BOH,Prep Cook,2026-03-24,2026-03-24 10:46:39,2026-03-24 19:21:39,8:05,18.00,146.61,0.00,0.00,2026-03-24 15:03:39,2026-03-24 15:33:39
Sam W.,BOH,Prep Cook,2026-03-24,2026-03-24 10:49:58,2026-03-24 19:39:58,8:20,18.50,157.57,0.00,0.00,2026-03-24 15:14:58,2026-03-24 15:44:58
Emma W.,FOH,Server,2026-03-24,2026-03-24 11:02:51,2026-03-24 16:28:51,4:56,18.00,88.81,29.30,55.82,2026-03-24 13:45:51,2026-03-24 14:15:51
Sofia N.,FOH,Host,2026-03-24,2026-03-24 11:06:52,2026-03-24 18:43:52,7:07,17.40,123.97,11.82,21.08,2026-03-24 14:54:52,2026-03-24 15:24:52
Zoe F.,FOH,Busser,2026-03-24,2026-03-24 11:07:10,2026-03-24 16:27:10,4:50,17.40,84.12,7.72,11.60,2026-03-24 13:47:10,2026-03-24 14:17:10
Maya C.,FOH,Server,2026-03-24,2026-03-24 11:11:20,2026-03-24 16:17:20,4:36,17.40,80.16,51.25,80.08,2026-03-24 13:44:20,2026-03-24 14:14:20
Lisa P.,BOH,Line Cook,2026-03-24,2026-03-24 14:05:46,2026-03-24 21:43:46,7:08,20.50,146.45,0.00,0.00,2026-03-24 17:54:46,2026-03-24 18:24:46
Yuki T.,BOH,Line Cook,2026-03-24,2026-03-24 14:07:58,2026-03-24 21:02:58,6:25,21.00,134.75,0.00,0.00,2026-03-24 17:34:58,2026-03-24 18:04:58
Omar H.,BOH,Line Cook,2026-03-24,2026-03-24 14:45:21,2026-03-24 22:06:21,6:51,20.00,137.10,0.00,0.00,2026-03-24 18:25:21,2026-03-24 18:55:21
Carlos M.,BOH,Line Cook,2026-03-24,2026-03-24 14:47:05,2026-03-24 22:14:05,6:57,22.00,153.01,0.00,0.00,2026-03-24 18:30:05,2026-03-24 19:00:05
Sarah M.,FOH,Server,2026-03-24,2026-03-24 16:07:45,2026-03-24 22:48:45,6:11,18.50,114.69,43.43,62.11,2026-03-24 19:27:45,2026-03-24 19:57:45
Priya K.,FOH,Bartender,2026-03-24,2026-03-24 16:09:34,2026-03-24 23:03:34,6:24,19.00,121.73,26.69,35.59,2026-03-24 19:36:34,2026-03-24 20:06:34
Aisha R.,FOH,Server,2026-03-24,2026-03-24 16:17:38,2026-03-25 01:20:38,8:33,18.00,159.20,21.73,52.74,2026-03-24 20:48:38,2026-03-24 21:18:38
Liam P.,FOH,Host,2026-03-24,2026-03-24 16:49:15,2026-03-24 22:09:15,4:50,17.40,84.37,9.11,10.30,2026-03-24 19:29:15,2026-03-24 19:59:15
Marcus D.,FOH,Bartender,2026-03-24,2026-03-24 17:00:15,2026-03-25 00:54:15,7:24,19.50,144.36,18.25,68.84,2026-03-24 20:57:15,2026-03-24 21:27:15
Sam W.,BOH,Prep Cook,2026-03-25,2026-03-25 08:32:24,2026-03-25 15:02:24,6:00,18.50,111.19,0.00,0.00,2026-03-25 11:47:24,2026-03-25 12:17:24
Chef Daniel,BOH,Head Chef,2026-03-25,2026-03-25 09:38:05,2026-03-25 20:37:05,10:29,32.00,375.74,0.00,0.00,2026-03-25 15:07:05,2026-03-25 15:37:05
Amy L.,BOH,Prep Cook,2026-03-25,2026-03-25 10:16:58,2026-03-25 17:27:58,6:41,18.00,120.58,0.00,0.00,2026-03-25 13:51:58,2026-03-25 14:21:58
Lisa P.,BOH,Line Cook,2026-03-25,2026-03-25 10:34:43,2026-03-25 19:12:43,8:08,20.50,168.36,0.00,0.00,2026-03-25 14:53:43,2026-03-25 15:23:43
Yuki T.,BOH,Line Cook,2026-03-25,2026-03-25 11:00:02,2026-03-25 19:39:02,8:09,21.00,172.93,0.00,0.00,2026-03-25 15:19:02,2026-03-25 15:49:02
Sofia N.,FOH,Host,2026-03-25,2026-03-25 11:02:54,2026-03-25 16:18:54,4:46,17.40,83.19,5.61,15.82,2026-03-25 13:40:54,2026-03-25 14:10:54
Jake T.,FOH,Server,2026-03-25,2026-03-25 11:06:03,2026-03-25 16:39:03,5:03,17.40,87.93,51.58,38.32,2026-03-25 13:52:03,2026-03-25 14:22:03
Sarah M.,FOH,Server,2026-03-25,2026-03-25 11:16:40,2026-03-25 18:10:40,6:24,18.50,118.55,23.69,64.44,2026-03-25 14:43:40,2026-03-25 15:13:40
Aisha R.,FOH,Server,2026-03-25,2026-03-25 11:21:28,2026-03-25 16:48:28,4:57,18.00,89.32,51.41,63.85,2026-03-25 14:04:28,2026-03-25 14:34:28
David L.,FOH,Server,2026-03-25,2026-03-25 11:26:56,2026-03-25 17:11:56,5:15,17.40,91.61,48.99,31.06,2026-03-25 14:18:56,2026-03-25 14:48:56
Carlos M.,BOH,Line Cook,2026-03-25,2026-03-25 14:10:21,2026-03-25 21:19:21,6:39,22.00,146.34,0.00,0.00,2026-03-25 17:44:21,2026-03-25 18:14:21
Omar H.,BOH,Line Cook,2026-03-25,2026-03-25 14:18:15,2026-03-25 21:21:15,6:33,20.00,131.17,0.00,0.00,2026-03-25 17:49:15,2026-03-25 18:19:15
Maya C.,FOH,Server,2026-03-25,2026-03-25 16:24:25,2026-03-26 00:18:25,7:24,17.40,128.98,22.98,35.72,2026-03-25 20:21:25,2026-03-25 20:51:25
Marcus D.,FOH,Bartender,2026-03-25,2026-03-25 16:40:30,2026-03-26 00:18:30,7:08,19.50,139.27,25.61,44.69,2026-03-25 20:29:30,2026-03-25 20:59:30
Liam P.,FOH,Host,2026-03-25,2026-03-25 16:41:48,2026-03-25 21:52:48,4:41,17.40,81.78,6.47,12.56,2026-03-25 19:16:48,2026-03-25 19:46:48
Priya K.,FOH,Bartender,2026-03-25,2026-03-25 16:51:23,2026-03-25 22:59:23,5:38,19.00,107.06,33.61,42.99,2026-03-25 19:55:23,2026-03-25 20:25:23
Ben K.,BOH,Dishwasher,2026-03-26,2026-03-26 08:01:51,2026-03-26 14:13:51,5:42,17.40,99.24,0.00,0.00,2026-03-26 11:07:51,2026-03-26 11:37:51
Chef Daniel,BOH,Head Chef,2026-03-26,2026-03-26 09:43:32,2026-03-26 20:17:32,10:04,32.00,355.27,0.00,0.00,2026-03-26 15:00:32,2026-03-26 15:30:32
Amy L.,BOH,Prep Cook,2026-03-26,2026-03-26 10:11:35,2026-03-26 17:15:35,6:34,18.00,118.38,0.00,0.00,2026-03-26 13:43:35,2026-03-26 14:13:35
Omar H.,BOH,Line Cook,2026-03-26,2026-03-26 10:32:18,2026-03-26 18:35:18,7:33,20.00,151.26,0.00,0.00,2026-03-26 14:33:18,2026-03-26 15:03:18
Carlos M.,BOH,Line Cook,2026-03-26,2026-03-26 10:52:10,2026-03-26 19:45:10,8:23,22.00,188.96,0.00,0.00,2026-03-26 15:18:10,2026-03-26 15:48:10
Yuki T.,BOH,Line Cook,2026-03-26,2026-03-26 10:53:56,2026-03-26 18:53:56,7:30,21.00,157.52,0.00,0.00,2026-03-26 14:53:56,2026-03-26 15:23:56
Sam W.,BOH,Prep Cook,2026-03-26,2026-03-26 10:55:46,2026-03-26 18:43:46,7:18,18.50,135.10,0.00,0.00,2026-03-26 14:49:46,2026-03-26 15:19:46
Jake T.,FOH,Server,2026-03-26,2026-03-26 11:17:59,2026-03-26 18:56:59,7:09,17.40,124.61,52.63,57.99,2026-03-26 15:06:59,2026-03-26 15:36:59
Liam P.,FOH,Host,2026-03-26,2026-03-26 11:25:19,2026-03-26 17:18:19,5:23,17.40,93.67,12.46,19.96,2026-03-26 14:21:19,2026-03-26 14:51:19
Lisa P.,BOH,Line Cook,2026-03-26,2026-03-26 15:28:38,2026-03-26 21:34:38,5:36,20.50,114.95,0.00,0.00,2026-03-26 18:31:38,2026-03-26 19:01:38
Marcus D.,FOH,Bartender,2026-03-26,2026-03-26 16:02:58,2026-03-26 22:58:58,6:26,19.50,125.49,41.53,41.92,2026-03-26 19:30:58,2026-03-26 20:00:58
Aisha R.,FOH,Server,2026-03-26,2026-03-26 16:06:59,2026-03-27 00:03:59,7:27,18.00,134.18,41.25,56.28,2026-03-26 20:04:59,2026-03-26 20:34:59
Sarah M.,FOH,Server,2026-03-26,2026-03-26 16:14:58,2026-03-26 22:33:58,5:49,18.50,107.71,56.31,51.94,2026-03-26 19:23:58,2026-03-26 19:53:58
Emma W.,FOH,Server,2026-03-26,2026-03-26 16:21:14,2026-03-26 23:34:14,6:43,18.00,121.03,49.52,81.80,2026-03-26 19:57:14,2026-03-26 20:27:14
Sofia N.,FOH,Host,2026-03-26,2026-03-26 16:36:59,2026-03-26 22:26:59,5:20,17.40,92.88,11.44,12.87,2026-03-26 19:31:59,2026-03-26 20:01:59
Maya C.,FOH,Server,2026-03-26,2026-03-26 16:37:38,2026-03-27 00:17:38,7:10,17.40,124.94,59.26,86.08,2026-03-26 20:27:38,2026-03-26 20:57:38
Priya K.,FOH,Bartender,2026-03-26,2026-03-26 16:42:51,2026-03-26 22:43:51,5:31,19.00,104.97,17.89,37.86,2026-03-26 19:42:51,2026-03-26 20:12:51
David L.,FOH,Server,2026-03-26,2026-03-26 16:43:31,2026-03-26 23:45:31,6:32,17.40,113.83,52.19,48.93,2026-03-26 20:14:31,2026-03-26 20:44:31
Ben K.,BOH,Dishwasher,2026-03-27,2026-03-27 08:30:42,2026-03-27 15:42:42,6:42,17.40,116.79,0.00,0.00,2026-03-27 12:06:42,2026-03-27 12:36:42
Chef Daniel,BOH,Head Chef,2026-03-27,2026-03-27 09:16:32,2026-03-27 19:03:32,9:17,32.00,318.07,0.00,0.00,2026-03-27 14:09:32,2026-03-27 14:39:32
Omar H.,BOH,Line Cook,2026-03-27,2026-03-27 10:01:44,2026-03-27 17:19:44,6:48,20.00,136.33,0.00,0.00,2026-03-27 13:40:44,2026-03-27 14:10:44
Sam W.,BOH,Prep Cook,2026-03-27,2026-03-27 10:43:27,2026-03-27 18:56:27,7:43,18.50,142.82,0.00,0.00,2026-03-27 14:49:27,2026-03-27 15:19:27
Carlos M.,BOH,Line Cook,2026-03-27,2026-03-27 10:43:34,2026-03-27 18:45:34,7:32,22.00,166.01,0.00,0.00,2026-03-27 14:44:34,2026-03-27 15:14:34
Chris R.,BOH,Dishwasher,2026-03-27,2026-03-27 10:48:24,2026-03-27 18:15:24,6:57,17.40,121.21,0.00,0.00,2026-03-27 14:31:24,2026-03-27 15:01:24
Amy L.,BOH,Prep Cook,2026-03-27,2026-03-27 10:58:17,2026-03-27 19:25:17,7:57,18.00,143.39,0.00,0.00,2026-03-27 15:11:17,2026-03-27 15:41:17
Liam P.,FOH,Host,2026-03-27,2026-03-27 11:02:49,2026-03-27 16:23:49,4:51,17.40,84.52,14.85,16.01,2026-03-27 13:42:49,2026-03-27 14:12:49
Tyler B.,FOH,Busser,2026-03-27,2026-03-27 11:06:47,2026-03-27 16:06:47,4:30,17.40,78.36,5.81,11.24,2026-03-27 13:36:47,2026-03-27 14:06:47
Aisha R.,FOH,Server,2026-03-27,2026-03-27 11:08:41,2026-03-27 16:18:41,4:40,18.00,84.01,41.89,115.67,2026-03-27 13:43:41,2026-03-27 14:13:41
David L.,FOH,Server,2026-03-27,2026-03-27 11:10:14,2026-03-27 17:33:14,5:53,17.40,102.65,37.01,124.89,2026-03-27 14:21:14,2026-03-27 14:51:14
Maya C.,FOH,Server,2026-03-27,2026-03-27 11:13:11,2026-03-27 17:18:11,5:35,17.40,97.37,43.30,64.33,2026-03-27 14:15:11,2026-03-27 14:45:11
Sofia N.,FOH,Host,2026-03-27,2026-03-27 11:21:13,2026-03-27 15:57:13,4:36,17.40,80.30,11.55,11.85,,
Yuki T.,BOH,Line Cook,2026-03-27,2026-03-27 15:03:54,2026-03-27 21:08:54,5:35,21.00,117.32,0.00,0.00,2026-03-27 18:05:54,2026-03-27 18:35:54
Lisa P.,BOH,Line Cook,2026-03-27,2026-03-27 15:09:11,2026-03-27 22:50:11,7:11,20.50,147.49,0.00,0.00,2026-03-27 18:59:11,2026-03-27 19:29:11
Emma W.,FOH,Server,2026-03-27,2026-03-27 16:02:50,2026-03-27 23:37:50,7:05,18.00,127.55,44.43,61.29,2026-03-27 19:49:50,2026-03-27 20:19:50
Marcus D.,FOH,Bartender,2026-03-27,2026-03-27 16:46:57,2026-03-27 23:22:57,6:06,19.50,119.09,55.10,85.75,2026-03-27 20:04:57,2026-03-27 20:34:57
Sarah M.,FOH,Server,2026-03-27,2026-03-27 16:51:19,2026-03-28 00:48:19,7:27,18.50,138.10,71.93,115.40,2026-03-27 20:49:19,2026-03-27 21:19:19
Jake T.,FOH,Server,2026-03-27,2026-03-27 16:54:32,2026-03-28 00:19:32,6:55,17.40,120.52,36.14,54.33,2026-03-27 20:36:32,2026-03-27 21:06:32
Priya K.,FOH,Bartender,2026-03-27,2026-03-27 16:57:39,2026-03-27 23:22:39,5:55,19.00,112.67,35.29,64.25,2026-03-27 20:09:39,2026-03-27 20:39:39
Zoe F.,FOH,Busser,2026-03-27,2026-03-27 17:25:46,2026-03-27 23:24:46,5:29,17.40,95.61,10.00,22.00,2026-03-27 20:24:46,2026-03-27 20:54:46
Ben K.,BOH,Dishwasher,2026-03-28,2026-03-28 08:11:13,2026-03-28 15:57:13,7:16,17.40,126.53,0.00,0.00,2026-03-28 12:04:13,2026-03-28 12:34:13
Chris R.,BOH,Dishwasher,2026-03-28,2026-03-28 08:48:33,2026-03-28 16:20:33,7:02,17.40,122.64,0.00,0.00,2026-03-28 12:34:33,2026-03-28 13:04:33
Chef Daniel,BOH,Head Chef,2026-03-28,2026-03-28 09:21:42,2026-03-28 19:29:42,9:38,32.00,334.68,0.00,0.00,2026-03-28 14:25:42,2026-03-28 14:55:42
Amy L.,BOH,Prep Cook,2026-03-28,2026-03-28 10:00:59,2026-03-28 17:17:59,6:47,18.00,122.16,0.00,0.00,2026-03-28 13:38:59,2026-03-28 14:08:59
Lisa P.,BOH,Line Cook,2026-03-28,2026-03-28 10:28:11,2026-03-28 17:37:11,6:39,20.50,136.61,0.00,0.00,2026-03-28 14:02:11,2026-03-28 14:32:11
Sam W.,BOH,Prep Cook,2026-03-28,2026-03-28 10:29:55,2026-03-28 18:05:55,7:06,18.50,131.41,0.00,0.00,2026-03-28 14:17:55,2026-03-28 14:47:55
Maya C.,FOH,Server,2026-03-28,2026-03-28 11:10:25,2026-03-28 16:39:25,4:59,17.40,86.77,62.86,85.85,2026-03-28 13:54:25,2026-03-28 14:24:25
Sofia N.,FOH,Host,2026-03-28,2026-03-28 11:24:25,2026-03-28 17:20:25,5:26,17.40,94.68,5.17,19.43,2026-03-28 14:22:25,2026-03-28 14:52:25
Tyler B.,FOH,Busser,2026-03-28,2026-03-28 11:27:22,2026-03-28 16:05:22,4:38,17.40,80.73,11.23,11.62,,
Yuki T.,BOH,Line Cook,2026-03-28,2026-03-28 14:17:37,2026-03-28 20:34:37,5:47,21.00,121.75,0.00,0.00,2026-03-28 17:25:37,2026-03-28 17:55:37
Omar H.,BOH,Line Cook,2026-03-28,2026-03-28 14:29:26,2026-03-28 22:01:26,7:02,20.00,140.89,0.00,0.00,2026-03-28 18:15:26,2026-03-28 18:45:26
Carlos M.,BOH,Line Cook,2026-03-28,2026-03-28 15:00:43,2026-03-28 21:46:43,6:16,22.00,138.08,0.00,0.00,2026-03-28 18:23:43,2026-03-28 18:53:43
Emma W.,FOH,Server,2026-03-28,2026-03-28 16:07:28,2026-03-28 23:13:28,6:36,18.00,118.87,32.08,101.05,2026-03-28 19:40:28,2026-03-28 20:10:28
David L.,FOH,Server,2026-03-28,2026-03-28 16:16:58,2026-03-28 22:51:58,6:05,17.40,106.02,28.85,51.46,2026-03-28 19:33:58,2026-03-28 20:03:58
Sarah M.,FOH,Server,2026-03-28,2026-03-28 16:22:09,2026-03-28 23:20:09,6:28,18.50,119.80,49.41,117.74,2026-03-28 19:51:09,2026-03-28 20:21:09
Jake T.,FOH,Server,2026-03-28,2026-03-28 16:25:17,2026-03-28 22:52:17,5:57,17.40,103.67,73.85,66.65,2026-03-28 19:38:17,2026-03-28 20:08:17
Priya K.,FOH,Bartender,2026-03-28,2026-03-28 16:36:26,2026-03-28 23:47:26,6:41,19.00,127.02,46.75,64.97,2026-03-28 20:11:26,2026-03-28 20:41:26
Aisha R.,FOH,Server,2026-03-28,2026-03-28 16:41:43,2026-03-28 23:25:43,6:14,18.00,112.39,27.22,60.62,2026-03-28 20:03:43,2026-03-28 20:33:43
Liam P.,FOH,Host,2026-03-28,2026-03-28 16:50:55,2026-03-28 21:59:55,4:39,17.40,80.93,5.34,20.03,2026-03-28 19:24:55,2026-03-28 19:54:55
Marcus D.,FOH,Bartender,2026-03-28,2026-03-28 16:57:27,2026-03-29 01:33:27,8:06,19.50,159.07,45.25,90.26,2026-03-28 21:15:27,2026-03-28 21:45:27
Zoe F.,FOH,Busser,2026-03-28,2026-03-28 16:59:26,2026-03-28 23:35:26,6:06,17.40,106.35,10.88,14.37,2026-03-28 20:17:26,2026-03-28 20:47:26
Chef Daniel,BOH,Head Chef,2026-03-29,2026-03-29 09:02:21,2026-03-29 18:41:21,9:09,32.00,311.38,0.00,0.00,2026-03-29 13:51:21,2026-03-29 14:21:21
Sam W.,BOH,Prep Cook,2026-03-29,2026-03-29 10:07:04,2026-03-29 17:10:04,6:33,18.50,121.38,0.00,0.00,2026-03-29 13:38:04,2026-03-29 14:08:04
Amy L.,BOH,Prep Cook,2026-03-29,2026-03-29 10:24:44,2026-03-29 18:25:44,7:31,18.00,135.55,0.00,0.00,2026-03-29 14:24:44,2026-03-29 14:54:44
Lisa P.,BOH,Line Cook,2026-03-29,2026-03-29 10:49:32,2026-03-29 18:25:32,7:06,20.50,145.81,0.00,0.00,2026-03-29 14:37:32,2026-03-29 15:07:32
Carlos M.,BOH,Line Cook,2026-03-29,2026-03-29 10:50:52,2026-03-29 19:05:52,7:45,22.00,170.59,0.00,0.00,2026-03-29 14:57:52,2026-03-29 15:27:52
Omar H.,BOH,Line Cook,2026-03-29,2026-03-29 10:54:40,2026-03-29 18:23:40,6:59,20.00,139.96,0.00,0.00,2026-03-29 14:38:40,2026-03-29 15:08:40
Liam P.,FOH,Host,2026-03-29,2026-03-29 11:05:39,2026-03-29 16:52:39,5:17,17.40,91.93,14.88,18.48,2026-03-29 13:58:39,2026-03-29 14:28:39
Aisha R.,FOH,Server,2026-03-29,2026-03-29 11:17:36,2026-03-29 17:54:36,6:07,18.00,110.24,47.26,81.04,2026-03-29 14:35:36,2026-03-29 15:05:36
Sofia N.,FOH,Host,2026-03-29,2026-03-29 11:23:13,2026-03-29 17:13:13,5:20,17.40,92.87,10.05,14.00,2026-03-29 14:18:13,2026-03-29 14:48:13
Sarah M.,FOH,Server,2026-03-29,2026-03-29 11:24:41,2026-03-29 16:42:41,4:48,18.50,89.05,48.78,47.29,2026-03-29 14:03:41,2026-03-29 14:33:41
Emma W.,FOH,Server,2026-03-29,2026-03-29 11:25:04,2026-03-29 17:13:04,5:18,18.00,95.46,21.79,82.02,2026-03-29 14:19:04,2026-03-29 14:49:04
Yuki T.,BOH,Line Cook,2026-03-29,2026-03-29 14:46:38,2026-03-29 21:06:38,5:50,21.00,122.72,0.00,0.00,2026-03-29 17:56:38,2026-03-29 18:26:38
Priya K.,FOH,Bartender,2026-03-29,2026-03-29 16:07:19,2026-03-29 23:44:19,7:07,19.00,135.51,24.78,67.31,2026-03-29 19:55:19,2026-03-29 20:25:19
David L.,FOH,Server,2026-03-29,2026-03-29 16:08:31,2026-03-30 00:17:31,7:39,17.40,133.15,28.61,59.06,2026-03-29 20:12:31,2026-03-29 20:42:31
Jake T.,FOH,Server,2026-03-29,2026-03-29 16:42:42,2026-03-30 00:34:42,7:22,17.40,128.26,36.85,75.38,2026-03-29 20:38:42,2026-03-29 21:08:42
Marcus D.,FOH,Bartender,2026-03-29,2026-03-29 16:43:17,2026-03-29 23:16:17,6:03,19.50,118.14,19.36,59.51,2026-03-29 19:59:17,2026-03-29 20:29:17
Maya C.,FOH,Server,2026-03-29,2026-03-29 16:52:49,2026-03-30 00:57:49,7:35,17.40,131.98,46.31,82.85,2026-03-29 20:54:49,2026-03-29 21:24:49
Chris R.,BOH,Dishwasher,2026-03-30,2026-03-30 08:17:22,2026-03-30 15:04:22,6:17,17.40,109.59,0.00,0.00,2026-03-30 11:40:22,2026-03-30 12:10:22
Carlos M.,BOH,Line Cook,2026-03-30,2026-03-30 10:20:01,2026-03-30 17:53:01,7:03,22.00,155.26,0.00,0.00,2026-03-30 14:06:01,2026-03-30 14:36:01
Amy L.,BOH,Prep Cook,2026-03-30,2026-03-30 10:33:37,2026-03-30 18:34:37,7:31,18.00,135.47,0.00,0.00,2026-03-30 14:33:37,2026-03-30 15:03:37
Sam W.,BOH,Prep Cook,2026-03-30,2026-03-30 10:48:36,2026-03-30 18:59:36,7:41,18.50,142.20,0.00,0.00,2026-03-30 14:53:36,2026-03-30 15:23:36
Yuki T.,BOH,Line Cook,2026-03-30,2026-03-30 10:56:50,2026-03-30 18:36:50,7:10,21.00,150.61,0.00,0.00,2026-03-30 14:46:50,2026-03-30 15:16:50
Aisha R.,FOH,Server,2026-03-30,2026-03-30 11:09:44,2026-03-30 18:06:44,6:27,18.00,116.34,24.80,83.70,2026-03-30 14:37:44,2026-03-30 15:07:44
Tyler B.,FOH,Busser,2026-03-30,2026-03-30 11:15:03,2026-03-30 16:38:03,4:53,17.40,85.01,10.15,14.30,2026-03-30 13:56:03,2026-03-30 14:26:03
Liam P.,FOH,Host,2026-03-30,2026-03-30 11:21:19,2026-03-30 15:38:19,4:17,17.40,74.79,5.79,13.75,,
Jake T.,FOH,Server,2026-03-30,2026-03-30 16:23:22,2026-03-30 23:25:22,6:32,17.40,113.73,35.10,55.23,2026-03-30 19:54:22,2026-03-30 20:24:22
Priya K.,FOH,Bartender,2026-03-30,2026-03-30 16:39:58,2026-03-30 23:12:58,6:03,19.00,114.97,36.35,64.67,2026-03-30 19:55:58,2026-03-30 20:25:58
Sarah M.,FOH,Server,2026-03-30,2026-03-30 16:42:57,2026-03-31 00:04:57,6:52,18.50,127.33,57.10,34.10,2026-03-30 20:23:57,2026-03-30 20:53:57
Maya C.,FOH,Server,2026-03-30,2026-03-30 16:46:30,2026-03-31 00:40:30,7:24,17.40,129.04,35.29,77.46,2026-03-30 20:43:30,2026-03-30 21:13:30
Emma W.,FOH,Server,2026-03-30,2026-03-30 16:49:37,2026-03-31 00:33:37,7:14,18.00,130.48,59.10,85.94,2026-03-30 20:41:37,2026-03-30 21:11:37
