Team_Member,Team_Member_ID,Job_Title,Location,Date,Clock_In,Clock_Out,Total_Hours,Paid_Hours,Regular_Hours,Overtime_Hours,Hourly_Rate,Labor_Cost,Break_Start,Break_End,Break_Paid,Declared_Cash_Tips,Pooled_Tips_By_Transaction,Timecard_Notes
Maria V.,TM94119202,Prep Cook,Main Dining,2026-02-01,2026-02-01 07:04:00,2026-02-01 13:18:00,6.23,5.73,5.73,0.00,18.00,103.20,2026-02-01 10:04:00,2026-02-01 10:34:00,No,0.00,0.00,
Kevin L.,TM69547599,Prep Cook,Main Dining,2026-02-01,2026-02-01 07:20:00,2026-02-01 14:45:00,7.42,6.92,6.92,0.00,18.50,127.96,2026-02-01 10:20:00,2026-02-01 10:50:00,No,0.00,0.00,
Chef Ryan D.,TM46405949,Head Chef,Main Dining,2026-02-01,2026-02-01 09:03:00,2026-02-01 22:25:00,13.37,12.87,8.00,4.87,32.00,489.60,2026-02-01 14:03:00,2026-02-01 14:33:00,No,0.00,0.00,
Yuki T.,TM51443341,Line Cook,Main Dining,2026-02-01,2026-02-01 10:00:00,2026-02-01 20:11:00,10.18,9.68,8.00,1.68,21.00,221.03,2026-02-01 14:00:00,2026-02-01 14:30:00,No,0.00,0.00,
Derek J.,TM91387965,Line Cook,Main Dining,2026-02-01,2026-02-01 10:02:00,2026-02-01 18:26:00,8.40,7.90,7.90,0.00,20.50,161.95,2026-02-01 14:02:00,2026-02-01 14:32:00,No,0.00,0.00,
Leo C.,TM30635868,Server,Main Dining,2026-02-01,2026-02-01 10:37:00,2026-02-01 22:06:00,11.48,10.98,8.00,2.98,17.40,217.06,2026-02-01 15:37:00,2026-02-01 16:07:00,No,52.76,34.21,
Emma W.,TM68759302,Server,Main Dining,2026-02-01,2026-02-01 10:49:00,2026-02-01 22:02:00,11.22,10.72,8.00,2.72,18.50,223.39,2026-02-01 15:49:00,2026-02-01 16:19:00,No,50.56,60.64,
Sarah M.,TM14419225,Server,Main Dining,2026-02-01,2026-02-01 10:49:00,2026-02-01 22:18:00,11.48,10.98,8.00,2.98,17.40,217.06,2026-02-01 15:49:00,2026-02-01 16:19:00,No,35.10,74.47,
James L.,TM67155487,Server,Main Dining,2026-02-01,2026-02-01 10:53:00,2026-02-01 22:08:00,11.25,10.75,8.00,2.75,17.40,210.97,2026-02-01 15:53:00,2026-02-01 16:23:00,No,0.00,71.49,
Alex N.,TM49909512,Dishwasher,Main Dining,2026-02-01,2026-02-01 11:02:00,2026-02-01 19:06:00,8.07,7.57,7.57,0.00,17.40,131.66,2026-02-01 14:02:00,2026-02-01 14:32:00,No,0.00,0.00,
Sonia A.,TM56932999,Line Cook,Main Dining,2026-02-01,2026-02-01 14:20:00,2026-02-01 22:49:00,8.48,7.98,7.98,0.00,20.00,159.67,2026-02-01 18:20:00,2026-02-01 18:50:00,No,0.00,0.00,
Ben Q.,TM73134278,Dishwasher,Main Dining,2026-02-01,2026-02-01 15:24:00,2026-02-01 23:45:00,8.35,7.85,7.85,0.00,17.40,136.59,2026-02-01 18:24:00,2026-02-01 18:54:00,No,0.00,0.00,
Mia S.,TM96838039,Bartender,Main Dining,2026-02-01,2026-02-01 15:39:00,2026-02-01 23:26:00,7.78,7.28,7.28,0.00,19.50,142.03,2026-02-01 18:39:00,2026-02-01 19:09:00,No,44.60,69.70,
Nina R.,TM48151371,Host,Main Dining,2026-02-01,2026-02-01 16:22:00,2026-02-01 22:34:00,6.20,6.20,6.20,0.00,17.40,107.88,,,,0.00,16.54,
Aisha G.,TM49611645,Busser,Main Dining,2026-02-01,2026-02-01 16:51:00,2026-02-01 22:39:00,5.80,5.80,5.80,0.00,17.40,100.92,,,,0.00,31.95,
Tyler H.,TM62163408,Busser,Main Dining,2026-02-01,2026-02-01 16:54:00,2026-02-01 22:53:00,5.98,5.98,5.98,0.00,17.40,104.11,,,,0.00,26.53,
Kevin L.,TM69547599,Prep Cook,Main Dining,2026-02-02,2026-02-02 07:19:00,2026-02-02 14:37:00,7.30,6.80,6.80,0.00,18.50,125.80,2026-02-02 10:19:00,2026-02-02 10:49:00,No,0.00,0.00,
Derek J.,TM91387965,Line Cook,Main Dining,2026-02-02,2026-02-02 09:19:00,2026-02-02 17:40:00,8.35,7.85,7.85,0.00,20.50,160.92,2026-02-02 13:19:00,2026-02-02 13:49:00,No,0.00,0.00,
Yuki T.,TM51443341,Line Cook,Main Dining,2026-02-02,2026-02-02 10:10:00,2026-02-02 18:37:00,8.45,7.95,7.95,0.00,21.00,166.95,2026-02-02 14:10:00,2026-02-02 14:40:00,No,0.00,0.00,
James L.,TM67155487,Server,Main Dining,2026-02-02,2026-02-02 10:47:00,2026-02-02 22:26:00,11.65,11.15,8.00,3.15,17.40,221.41,2026-02-02 15:47:00,2026-02-02 16:17:00,No,55.65,56.25,
Mia S.,TM96838039,Bartender,Main Dining,2026-02-02,2026-02-02 15:49:00,2026-02-02 23:13:00,7.40,6.90,6.90,0.00,19.50,134.55,2026-02-02 18:49:00,2026-02-02 19:19:00,No,40.53,51.81,
Leo C.,TM30635868,Server,Main Dining,2026-02-02,2026-02-02 16:17:00,2026-02-02 22:16:00,5.98,5.98,5.98,0.00,17.40,104.11,2026-02-02 18:17:00,2026-02-02 18:17:00,No,0.00,35.20,
Emma W.,TM68759302,Server,Main Dining,2026-02-02,2026-02-02 16:19:00,2026-02-02 22:49:00,6.50,6.00,6.00,0.00,18.50,111.00,2026-02-02 19:19:00,2026-02-02 19:49:00,No,0.00,49.77,
Danny F.,TM77035090,Host,Main Dining,2026-02-02,2026-02-02 16:25:00,2026-02-02 22:41:00,6.27,6.27,6.27,0.00,17.40,109.04,,,,0.00,13.80,
Alex N.,TM49909512,Dishwasher,Main Dining,2026-02-02,2026-02-02 16:25:00,2026-02-02 22:41:00,6.27,5.77,5.77,0.00,17.40,100.34,2026-02-02 19:25:00,2026-02-02 19:55:00,No,0.00,0.00,
Aisha G.,TM49611645,Busser,Main Dining,2026-02-02,2026-02-02 16:49:00,2026-02-02 22:59:00,6.17,6.17,6.17,0.00,17.40,107.30,,,,0.00,17.92,
Maria V.,TM94119202,Prep Cook,Main Dining,2026-02-03,2026-02-03 07:30:00,2026-02-03 15:59:00,8.48,7.98,7.98,0.00,18.00,143.70,2026-02-03 10:30:00,2026-02-03 11:00:00,No,0.00,0.00,
Chef Ryan D.,TM46405949,Head Chef,Main Dining,2026-02-03,2026-02-03 09:23:00,2026-02-03 22:02:00,12.65,12.15,8.00,4.15,32.00,455.20,2026-02-03 14:23:00,2026-02-03 14:53:00,No,0.00,0.00,
Priya K.,TM98802724,Server,Main Dining,2026-02-03,2026-02-03 10:59:00,2026-02-03 22:36:00,11.62,11.12,8.00,3.12,18.00,228.15,2026-02-03 15:59:00,2026-02-03 16:29:00,No,51.73,58.52,
Alex N.,TM49909512,Dishwasher,Main Dining,2026-02-03,2026-02-03 11:12:00,2026-02-03 19:40:00,8.47,7.97,7.97,0.00,17.40,138.62,2026-02-03 14:12:00,2026-02-03 14:42:00,No,0.00,0.00,
Yuki T.,TM51443341,Line Cook,Main Dining,2026-02-03,2026-02-03 14:09:00,2026-02-03 22:17:00,8.13,7.63,7.63,0.00,21.00,160.30,2026-02-03 18:09:00,2026-02-03 18:39:00,No,0.00,0.00,
Sonia A.,TM56932999,Line Cook,Main Dining,2026-02-03,2026-02-03 15:17:00,2026-02-04 00:30:00,9.22,8.72,8.00,0.72,20.00,181.50,2026-02-03 19:17:00,2026-02-03 19:47:00,No,0.00,0.00,
Mia S.,TM96838039,Bartender,Main Dining,2026-02-03,2026-02-03 15:32:00,2026-02-03 23:04:00,7.53,7.03,7.03,0.00,19.50,137.15,2026-02-03 18:32:00,2026-02-03 19:02:00,No,45.40,44.83,
Emma W.,TM68759302,Server,Main Dining,2026-02-03,2026-02-03 16:06:00,2026-02-03 22:29:00,6.38,5.88,5.88,0.00,18.50,108.84,2026-02-03 19:06:00,2026-02-03 19:36:00,No,0.00,38.86,
Danny F.,TM77035090,Host,Main Dining,2026-02-03,2026-02-03 16:13:00,2026-02-03 22:39:00,6.43,6.43,6.43,0.00,17.40,111.94,,,,0.00,18.29,
James L.,TM67155487,Server,Main Dining,2026-02-03,2026-02-03 16:27:00,2026-02-03 22:48:00,6.35,5.85,5.85,0.00,17.40,101.79,2026-02-03 19:27:00,2026-02-03 19:57:00,No,0.00,62.44,
Aisha G.,TM49611645,Busser,Main Dining,2026-02-03,2026-02-03 16:51:00,2026-02-03 22:34:00,5.72,5.72,5.72,0.00,17.40,99.47,,,,0.00,15.25,
Maria V.,TM94119202,Prep Cook,Main Dining,2026-02-04,2026-02-04 07:30:00,2026-02-04 14:58:00,7.47,6.97,6.97,0.00,18.00,125.40,2026-02-04 10:30:00,2026-02-04 11:00:00,No,0.00,0.00,
Chef Ryan D.,TM46405949,Head Chef,Main Dining,2026-02-04,2026-02-04 09:15:00,2026-02-04 22:07:00,12.87,12.37,8.00,4.37,32.00,465.60,2026-02-04 14:15:00,2026-02-04 14:45:00,No,0.00,0.00,
Derek J.,TM91387965,Line Cook,Main Dining,2026-02-04,2026-02-04 09:25:00,2026-02-04 17:33:00,8.13,7.63,7.63,0.00,20.50,156.48,2026-02-04 13:25:00,2026-02-04 13:55:00,No,0.00,0.00,
Sarah M.,TM14419225,Server,Main Dining,2026-02-04,2026-02-04 10:55:00,2026-02-04 22:13:00,11.30,10.80,8.00,2.80,17.40,212.28,2026-02-04 15:55:00,2026-02-04 16:25:00,No,22.48,37.38,
Ben Q.,TM73134278,Dishwasher,Main Dining,2026-02-04,2026-02-04 11:24:00,2026-02-04 18:39:00,7.25,6.75,6.75,0.00,17.40,117.45,2026-02-04 14:24:00,2026-02-04 14:54:00,No,0.00,0.00,
Yuki T.,TM51443341,Line Cook,Main Dining,2026-02-04,2026-02-04 14:24:00,2026-02-04 22:31:00,8.12,7.62,7.62,0.00,21.00,159.95,2026-02-04 18:24:00,2026-02-04 18:54:00,No,0.00,0.00,
Jake B.,TM24317175,Bartender,Main Dining,2026-02-04,2026-02-04 15:48:00,2026-02-04 23:00:00,7.20,6.70,6.70,0.00,19.00,127.30,2026-02-04 18:48:00,2026-02-04 19:18:00,No,32.62,74.52,
Nina R.,TM48151371,Host,Main Dining,2026-02-04,2026-02-04 16:01:00,2026-02-04 22:40:00,6.65,6.65,6.65,0.00,17.40,115.71,,,,0.00,10.06,
Marcus T.,TM68842973,Server,Main Dining,2026-02-04,2026-02-04 16:06:00,2026-02-04 22:49:00,6.72,6.22,6.22,0.00,17.40,108.17,2026-02-04 19:06:00,2026-02-04 19:36:00,No,0.00,50.71,
Emma W.,TM68759302,Server,Main Dining,2026-02-04,2026-02-04 16:09:00,2026-02-04 22:48:00,6.65,6.15,6.15,0.00,18.50,113.78,2026-02-04 19:09:00,2026-02-04 19:39:00,No,0.00,44.81,
Tyler H.,TM62163408,Busser,Main Dining,2026-02-04,2026-02-04 16:31:00,2026-02-04 22:40:00,6.15,6.15,6.15,0.00,17.40,107.01,,,,0.00,15.75,
Maria V.,TM94119202,Prep Cook,Main Dining,2026-02-05,2026-02-05 07:21:00,2026-02-05 13:26:00,6.08,5.58,5.58,0.00,18.00,100.50,2026-02-05 10:21:00,2026-02-05 10:51:00,No,0.00,0.00,
Chef Ryan D.,TM46405949,Head Chef,Main Dining,2026-02-05,2026-02-05 09:24:00,2026-02-05 22:43:00,13.32,12.82,8.00,4.82,32.00,487.20,2026-02-05 14:24:00,2026-02-05 14:54:00,No,0.00,0.00,
Carlos P.,TM56083763,Line Cook,Main Dining,2026-02-05,2026-02-05 10:06:00,2026-02-05 17:06:00,7.00,6.50,6.50,0.00,22.00,143.00,2026-02-05 14:06:00,2026-02-05 14:36:00,No,0.00,0.00,
Emma W.,TM68759302,Server,Main Dining,2026-02-05,2026-02-05 10:30:00,2026-02-05 22:13:00,11.72,11.22,8.00,3.22,18.50,237.26,2026-02-05 15:30:00,2026-02-05 16:00:00,No,0.00,74.68,
James L.,TM67155487,Server,Main Dining,2026-02-05,2026-02-05 10:38:00,2026-02-05 22:31:00,11.88,11.38,8.00,3.38,17.40,227.50,2026-02-05 15:38:00,2026-02-05 16:08:00,No,0.00,32.49,
Priya K.,TM98802724,Server,Main Dining,2026-02-05,2026-02-05 10:46:00,2026-02-05 22:40:00,11.90,11.40,8.00,3.40,18.00,235.80,2026-02-05 15:46:00,2026-02-05 16:16:00,No,0.00,40.82,
Ben Q.,TM73134278,Dishwasher,Main Dining,2026-02-05,2026-02-05 11:27:00,2026-02-05 19:54:00,8.45,7.95,7.95,0.00,17.40,138.33,2026-02-05 14:27:00,2026-02-05 14:57:00,No,0.00,0.00,
Sonia A.,TM56932999,Line Cook,Main Dining,2026-02-05,2026-02-05 14:10:00,2026-02-05 23:22:00,9.20,8.70,8.00,0.70,20.00,181.00,2026-02-05 18:10:00,2026-02-05 18:40:00,No,0.00,0.00,
Derek J.,TM91387965,Line Cook,Main Dining,2026-02-05,2026-02-05 15:01:00,2026-02-05 22:30:00,7.48,6.98,6.98,0.00,20.50,143.16,2026-02-05 19:01:00,2026-02-05 19:31:00,No,0.00,0.00,
Alex N.,TM49909512,Dishwasher,Main Dining,2026-02-05,2026-02-05 15:21:00,2026-02-05 21:39:00,6.30,5.80,5.80,0.00,17.40,100.92,2026-02-05 18:21:00,2026-02-05 18:51:00,No,0.00,0.00,
Mia S.,TM96838039,Bartender,Main Dining,2026-02-05,2026-02-05 15:35:00,2026-02-05 23:23:00,7.80,7.30,7.30,0.00,19.50,142.35,2026-02-05 18:35:00,2026-02-05 19:05:00,No,55.94,39.46,
Jake B.,TM24317175,Bartender,Main Dining,2026-02-05,2026-02-05 15:35:00,2026-02-05 23:09:00,7.57,7.07,7.07,0.00,19.00,134.27,2026-02-05 18:35:00,2026-02-05 19:05:00,No,32.76,42.46,
Danny F.,TM77035090,Host,Main Dining,2026-02-05,2026-02-05 16:21:00,2026-02-05 22:16:00,5.92,5.92,5.92,0.00,17.40,102.95,,,,0.00,24.73,
Leo C.,TM30635868,Server,Main Dining,2026-02-05,2026-02-05 16:24:00,2026-02-05 22:18:00,5.90,5.90,5.90,0.00,17.40,102.66,2026-02-05 18:24:00,2026-02-05 18:24:00,No,0.00,61.69,
Aisha G.,TM49611645,Busser,Main Dining,2026-02-05,2026-02-05 16:51:00,2026-02-05 22:53:00,6.03,6.03,6.03,0.00,17.40,104.98,,,,0.00,19.87,
Tyler H.,TM62163408,Busser,Main Dining,2026-02-05,2026-02-05 16:56:00,2026-02-05 22:56:00,6.00,6.00,6.00,0.00,17.40,104.40,,,,0.00,27.63,
Kevin L.,TM69547599,Prep Cook,Main Dining,2026-02-06,2026-02-06 07:21:00,2026-02-06 14:44:00,7.38,6.88,6.88,0.00,18.50,127.34,2026-02-06 10:21:00,2026-02-06 10:51:00,No,0.00,0.00,
Maria V.,TM94119202,Prep Cook,Main Dining,2026-02-06,2026-02-06 07:30:00,2026-02-06 14:51:00,7.35,6.85,6.85,0.00,18.00,123.30,2026-02-06 10:30:00,2026-02-06 11:00:00,No,0.00,0.00,
Chef Ryan D.,TM46405949,Head Chef,Main Dining,2026-02-06,2026-02-06 09:00:00,2026-02-06 22:04:00,13.07,12.57,8.00,4.57,32.00,475.20,2026-02-06 14:00:00,2026-02-06 14:30:00,No,0.00,0.00,
Derek J.,TM91387965,Line Cook,Main Dining,2026-02-06,2026-02-06 09:15:00,2026-02-06 19:27:00,10.20,9.70,8.00,1.70,20.50,216.27,2026-02-06 13:15:00,2026-02-06 13:45:00,No,0.00,0.00,
Carlos P.,TM56083763,Line Cook,Main Dining,2026-02-06,2026-02-06 09:20:00,2026-02-06 17:23:00,8.05,7.55,7.55,0.00,22.00,166.10,2026-02-06 13:20:00,2026-02-06 13:50:00,No,0.00,0.00,
Yuki T.,TM51443341,Line Cook,Main Dining,2026-02-06,2026-02-06 10:27:00,2026-02-06 20:57:00,10.50,10.00,8.00,2.00,21.00,231.00,2026-02-06 14:27:00,2026-02-06 14:57:00,No,0.00,0.00,
Marcus T.,TM68842973,Server,Main Dining,2026-02-06,2026-02-06 10:41:00,2026-02-06 22:05:00,11.40,10.90,8.00,2.90,17.40,214.89,2026-02-06 15:41:00,2026-02-06 16:11:00,No,0.00,30.53,
James L.,TM67155487,Server,Main Dining,2026-02-06,2026-02-06 10:44:00,2026-02-06 22:44:00,12.00,11.50,8.00,3.50,17.40,230.55,2026-02-06 16:44:00,2026-02-06 17:14:00,No,0.00,43.22,
Alex N.,TM49909512,Dishwasher,Main Dining,2026-02-06,2026-02-06 11:14:00,2026-02-06 19:27:00,8.22,7.72,7.72,0.00,17.40,134.27,2026-02-06 14:14:00,2026-02-06 14:44:00,No,0.00,0.00,
Ben Q.,TM73134278,Dishwasher,Main Dining,2026-02-06,2026-02-06 11:29:00,2026-02-06 19:49:00,8.33,7.83,7.83,0.00,17.40,136.30,2026-02-06 14:29:00,2026-02-06 14:59:00,No,0.00,0.00,
Sonia A.,TM56932999,Line Cook,Main Dining,2026-02-06,2026-02-06 14:23:00,2026-02-06 22:31:00,8.13,7.63,7.63,0.00,20.00,152.67,2026-02-06 18:23:00,2026-02-06 18:53:00,No,0.00,0.00,
Jake B.,TM24317175,Bartender,Main Dining,2026-02-06,2026-02-06 15:36:00,2026-02-06 23:04:00,7.47,6.97,6.97,0.00,19.00,132.37,2026-02-06 18:36:00,2026-02-06 19:06:00,No,65.28,48.74,
Mia S.,TM96838039,Bartender,Main Dining,2026-02-06,2026-02-06 15:59:00,2026-02-06 23:05:00,7.10,6.60,6.60,0.00,19.50,128.70,2026-02-06 18:59:00,2026-02-06 19:29:00,No,24.73,69.77,
Leo C.,TM30635868,Server,Main Dining,2026-02-06,2026-02-06 16:01:00,2026-02-06 22:42:00,6.68,6.18,6.18,0.00,17.40,107.59,2026-02-06 19:01:00,2026-02-06 19:31:00,No,29.12,38.75,
Nina R.,TM48151371,Host,Main Dining,2026-02-06,2026-02-06 16:11:00,2026-02-06 22:33:00,6.37,6.37,6.37,0.00,17.40,110.78,,,,0.00,15.51,
Priya K.,TM98802724,Server,Main Dining,2026-02-06,2026-02-06 16:13:00,2026-02-06 22:43:00,6.50,6.00,6.00,0.00,18.00,108.00,2026-02-06 19:13:00,2026-02-06 19:43:00,No,0.00,65.47,
Danny F.,TM77035090,Host,Main Dining,2026-02-06,2026-02-06 16:14:00,2026-02-06 22:15:00,6.02,6.02,6.02,0.00,17.40,104.69,,,,0.00,14.68,
Emma W.,TM68759302,Server,Main Dining,2026-02-06,2026-02-06 16:25:00,2026-02-06 22:18:00,5.88,5.88,5.88,0.00,18.50,108.84,2026-02-06 18:25:00,2026-02-06 18:25:00,No,37.23,31.84,
Aisha G.,TM49611645,Busser,Main Dining,2026-02-06,2026-02-06 16:35:00,2026-02-06 22:53:00,6.30,6.30,6.30,0.00,17.40,109.62,,,,0.00,32.22,
Tyler H.,TM62163408,Busser,Main Dining,2026-02-06,2026-02-06 16:37:00,2026-02-06 22:51:00,6.23,6.23,6.23,0.00,17.40,108.46,,,,0.00,27.28,
Kevin L.,TM69547599,Prep Cook,Main Dining,2026-02-07,2026-02-07 07:28:00,2026-02-07 14:36:00,7.13,6.63,6.63,0.00,18.50,122.72,2026-02-07 10:28:00,2026-02-07 10:58:00,No,0.00,0.00,
Maria V.,TM94119202,Prep Cook,Main Dining,2026-02-07,2026-02-07 07:29:00,2026-02-07 15:53:00,8.40,7.90,7.90,0.00,18.00,142.20,2026-02-07 10:29:00,2026-02-07 10:59:00,No,0.00,0.00,
Chef Ryan D.,TM46405949,Head Chef,Main Dining,2026-02-07,2026-02-07 09:28:00,2026-02-07 22:19:00,12.85,12.35,8.00,4.35,32.00,464.80,2026-02-07 14:28:00,2026-02-07 14:58:00,No,0.00,0.00,
Derek J.,TM91387965,Line Cook,Main Dining,2026-02-07,2026-02-07 10:00:00,2026-02-07 18:29:00,8.48,7.98,7.98,0.00,20.50,163.66,2026-02-07 14:00:00,2026-02-07 14:30:00,No,0.00,0.00,
Carlos P.,TM56083763,Line Cook,Main Dining,2026-02-07,2026-02-07 10:02:00,2026-02-07 20:08:00,10.10,9.60,8.00,1.60,22.00,228.80,2026-02-07 14:02:00,2026-02-07 14:32:00,No,0.00,0.00,
Sonia A.,TM56932999,Line Cook,Main Dining,2026-02-07,2026-02-07 10:08:00,2026-02-07 18:25:00,8.28,7.78,7.78,0.00,20.00,155.67,2026-02-07 14:08:00,2026-02-07 14:38:00,No,0.00,0.00,
Sarah M.,TM14419225,Server,Main Dining,2026-02-07,2026-02-07 10:34:00,2026-02-07 22:13:00,11.65,11.15,8.00,3.15,17.40,221.41,2026-02-07 15:34:00,2026-02-07 16:04:00,No,20.28,41.41,
Priya K.,TM98802724,Server,Main Dining,2026-02-07,2026-02-07 10:41:00,2026-02-07 22:06:00,11.42,10.92,8.00,2.92,18.00,222.75,2026-02-07 15:41:00,2026-02-07 16:11:00,No,54.59,70.12,
Leo C.,TM30635868,Server,Main Dining,2026-02-07,2026-02-07 10:41:00,2026-02-07 22:14:00,11.55,11.05,8.00,3.05,17.40,218.81,2026-02-07 15:41:00,2026-02-07 16:11:00,No,48.72,43.13,
James L.,TM67155487,Server,Main Dining,2026-02-07,2026-02-07 10:51:00,2026-02-07 22:45:00,11.90,11.40,8.00,3.40,17.40,227.94,2026-02-07 15:51:00,2026-02-07 16:21:00,No,0.00,30.64,
Emma W.,TM68759302,Server,Main Dining,2026-02-07,2026-02-07 10:53:00,2026-02-07 22:40:00,11.78,11.28,8.00,3.28,18.50,239.11,2026-02-07 15:53:00,2026-02-07 16:23:00,No,52.92,77.47,
Yuki T.,TM51443341,Line Cook,Main Dining,2026-02-07,2026-02-07 15:00:00,2026-02-08 00:24:00,9.40,8.90,8.00,0.90,21.00,196.35,2026-02-07 19:00:00,2026-02-07 19:30:00,No,0.00,0.00,
Alex N.,TM49909512,Dishwasher,Main Dining,2026-02-07,2026-02-07 15:18:00,2026-02-07 21:48:00,6.50,6.00,6.00,0.00,17.40,104.40,2026-02-07 18:18:00,2026-02-07 18:48:00,No,0.00,0.00,
Mia S.,TM96838039,Bartender,Main Dining,2026-02-07,2026-02-07 15:30:00,2026-02-07 23:23:00,7.88,7.38,7.38,0.00,19.50,143.97,2026-02-07 18:30:00,2026-02-07 19:00:00,No,32.79,64.31,
Jake B.,TM24317175,Bartender,Main Dining,2026-02-07,2026-02-07 15:59:00,2026-02-07 23:12:00,7.22,6.72,6.72,0.00,19.00,127.62,2026-02-07 18:59:00,2026-02-07 19:29:00,No,24.90,83.08,
Ben Q.,TM73134278,Dishwasher,Main Dining,2026-02-07,2026-02-07 16:08:00,2026-02-08 00:22:00,8.23,7.73,7.73,0.00,17.40,134.56,2026-02-07 19:08:00,2026-02-07 19:38:00,No,0.00,0.00,
Nina R.,TM48151371,Host,Main Dining,2026-02-07,2026-02-07 16:09:00,2026-02-07 22:24:00,6.25,6.25,6.25,0.00,17.40,108.75,,,,0.00,21.65,
Danny F.,TM77035090,Host,Main Dining,2026-02-07,2026-02-07 16:14:00,2026-02-07 22:17:00,6.05,6.05,6.05,0.00,17.40,105.27,,,,0.00,14.33,
Aisha G.,TM49611645,Busser,Main Dining,2026-02-07,2026-02-07 16:35:00,2026-02-07 22:38:00,6.05,6.05,6.05,0.00,17.40,105.27,,,,0.00,27.63,
Tyler H.,TM62163408,Busser,Main Dining,2026-02-07,2026-02-07 16:41:00,2026-02-07 22:49:00,6.13,6.13,6.13,0.00,17.40,106.72,,,,0.00,27.71,
Kevin L.,TM69547599,Prep Cook,Main Dining,2026-02-08,2026-02-08 07:01:00,2026-02-08 15:30:00,8.48,7.98,7.98,0.00,18.50,147.69,2026-02-08 10:01:00,2026-02-08 10:31:00,No,0.00,0.00,
Maria V.,TM94119202,Prep Cook,Main Dining,2026-02-08,2026-02-08 07:26:00,2026-02-08 13:31:00,6.08,5.58,5.58,0.00,18.00,100.50,2026-02-08 10:26:00,2026-02-08 10:56:00,No,0.00,0.00,
Chef Ryan D.,TM46405949,Head Chef,Main Dining,2026-02-08,2026-02-08 09:08:00,2026-02-08 22:29:00,13.35,12.85,8.00,4.85,32.00,488.80,2026-02-08 14:08:00,2026-02-08 14:38:00,No,0.00,0.00,
Sonia A.,TM56932999,Line Cook,Main Dining,2026-02-08,2026-02-08 09:23:00,2026-02-08 17:31:00,8.13,7.63,7.63,0.00,20.00,152.67,2026-02-08 13:23:00,2026-02-08 13:53:00,No,0.00,0.00,
Alex N.,TM49909512,Dishwasher,Main Dining,2026-02-08,2026-02-08 10:04:00,2026-02-08 16:23:00,6.32,5.82,5.82,0.00,17.40,101.21,2026-02-08 13:04:00,2026-02-08 13:34:00,No,0.00,0.00,
Ben Q.,TM73134278,Dishwasher,Main Dining,2026-02-08,2026-02-08 10:09:00,2026-02-08 17:29:00,7.33,6.83,6.83,0.00,17.40,118.90,2026-02-08 13:09:00,2026-02-08 13:39:00,No,0.00,0.00,
Carlos P.,TM56083763,Line Cook,Main Dining,2026-02-08,2026-02-08 10:13:00,2026-02-08 18:36:00,8.38,7.88,7.88,0.00,22.00,173.43,2026-02-08 14:13:00,2026-02-08 14:43:00,No,0.00,0.00,
Yuki T.,TM51443341,Line Cook,Main Dining,2026-02-08,2026-02-08 10:17:00,2026-02-08 17:38:00,7.35,6.85,6.85,0.00,21.00,143.85,2026-02-08 14:17:00,2026-02-08 14:47:00,No,0.00,0.00,
Sarah M.,TM14419225,Server,Main Dining,2026-02-08,2026-02-08 10:37:00,2026-02-08 22:11:00,11.57,11.07,8.00,3.07,17.40,219.24,2026-02-08 15:37:00,2026-02-08 16:07:00,No,0.00,56.28,
James L.,TM67155487,Server,Main Dining,2026-02-08,2026-02-08 10:41:00,2026-02-08 22:35:00,11.90,11.40,8.00,3.40,17.40,227.94,2026-02-08 15:41:00,2026-02-08 16:11:00,No,0.00,80.00,
Marcus T.,TM68842973,Server,Main Dining,2026-02-08,2026-02-08 10:46:00,2026-02-08 22:14:00,11.47,10.97,8.00,2.97,17.40,216.63,2026-02-08 15:46:00,2026-02-08 16:16:00,No,28.72,33.44,
Leo C.,TM30635868,Server,Main Dining,2026-02-08,2026-02-08 10:47:00,2026-02-08 22:16:00,11.48,10.98,8.00,2.98,17.40,217.06,2026-02-08 15:47:00,2026-02-08 16:17:00,No,59.65,48.00,
Jake B.,TM24317175,Bartender,Main Dining,2026-02-08,2026-02-08 15:34:00,2026-02-08 23:08:00,7.57,7.07,7.07,0.00,19.00,134.27,2026-02-08 18:34:00,2026-02-08 19:04:00,No,48.12,80.38,
Danny F.,TM77035090,Host,Main Dining,2026-02-08,2026-02-08 16:27:00,2026-02-08 22:31:00,6.07,6.07,6.07,0.00,17.40,105.56,,,,0.00,22.60,
Aisha G.,TM49611645,Busser,Main Dining,2026-02-08,2026-02-08 16:45:00,2026-02-08 22:56:00,6.18,6.18,6.18,0.00,17.40,107.59,,,,0.00,23.15,
Tyler H.,TM62163408,Busser,Main Dining,2026-02-08,2026-02-08 16:55:00,2026-02-08 22:42:00,5.78,5.78,5.78,0.00,17.40,100.63,,,,0.00,28.22,
Kevin L.,TM69547599,Prep Cook,Main Dining,2026-02-09,2026-02-09 07:27:00,2026-02-09 14:35:00,7.13,6.63,6.63,0.00,18.50,122.72,2026-02-09 10:27:00,2026-02-09 10:57:00,No,0.00,0.00,
Carlos P.,TM56083763,Line Cook,Main Dining,2026-02-09,2026-02-09 09:03:00,2026-02-09 18:08:00,9.08,8.58,8.00,0.58,22.00,195.25,2026-02-09 13:03:00,2026-02-09 13:33:00,No,0.00,0.00,
Sonia A.,TM56932999,Line Cook,Main Dining,2026-02-09,2026-02-09 10:23:00,2026-02-09 19:40:00,9.28,8.78,8.00,0.78,20.00,183.50,2026-02-09 14:23:00,2026-02-09 14:53:00,No,0.00,0.00,
Marcus T.,TM68842973,Server,Main Dining,2026-02-09,2026-02-09 10:30:00,2026-02-09 22:29:00,11.98,11.48,8.00,3.48,17.40,230.11,2026-02-09 15:30:00,2026-02-09 16:00:00,No,19.74,66.38,
Leo C.,TM30635868,Server,Main Dining,2026-02-09,2026-02-09 10:33:00,2026-02-09 22:02:00,11.48,10.98,8.00,2.98,17.40,217.06,2026-02-09 15:33:00,2026-02-09 16:03:00,No,0.00,68.81,
James L.,TM67155487,Server,Main Dining,2026-02-09,2026-02-09 10:44:00,2026-02-09 22:32:00,11.80,11.30,8.00,3.30,17.40,225.33,2026-02-09 15:44:00,2026-02-09 16:14:00,No,57.57,72.36,
Mia S.,TM96838039,Bartender,Main Dining,2026-02-09,2026-02-09 15:45:00,2026-02-09 23:06:00,7.35,6.85,6.85,0.00,19.50,133.57,2026-02-09 18:45:00,2026-02-09 19:15:00,No,22.52,58.98,
Danny F.,TM77035090,Host,Main Dining,2026-02-09,2026-02-09 16:00:00,2026-02-09 22:22:00,6.37,6.37,6.37,0.00,17.40,110.78,,,,0.00,23.13,
Alex N.,TM49909512,Dishwasher,Main Dining,2026-02-09,2026-02-09 16:04:00,2026-02-09 22:24:00,6.33,5.83,5.83,0.00,17.40,101.50,2026-02-09 19:04:00,2026-02-09 19:34:00,No,0.00,0.00,
Tyler H.,TM62163408,Busser,Main Dining,2026-02-09,2026-02-09 16:54:00,2026-02-09 22:38:00,5.73,5.73,5.73,0.00,17.40,99.76,,,,0.00,19.88,
Maria V.,TM94119202,Prep Cook,Main Dining,2026-02-10,2026-02-10 07:18:00,2026-02-10 13:36:00,6.30,5.80,5.80,0.00,18.00,104.40,2026-02-10 10:18:00,2026-02-10 10:48:00,No,0.00,0.00,
Chef Ryan D.,TM46405949,Head Chef,Main Dining,2026-02-10,2026-02-10 09:10:00,2026-02-10 22:06:00,12.93,12.43,8.00,4.43,32.00,468.80,2026-02-10 14:10:00,2026-02-10 14:40:00,No,0.00,0.00,
Derek J.,TM91387965,Line Cook,Main Dining,2026-02-10,2026-02-10 10:04:00,2026-02-10 18:14:00,8.17,7.67,7.67,0.00,20.50,157.17,2026-02-10 14:04:00,2026-02-10 14:34:00,No,0.00,0.00,
Yuki T.,TM51443341,Line Cook,Main Dining,2026-02-10,2026-02-10 10:13:00,2026-02-10 19:25:00,9.20,8.70,8.00,0.70,21.00,190.05,2026-02-10 14:13:00,2026-02-10 14:43:00,No,0.00,0.00,
Sarah M.,TM14419225,Server,Main Dining,2026-02-10,2026-02-10 10:57:00,2026-02-10 22:02:00,11.08,10.58,8.00,2.58,17.40,206.62,2026-02-10 15:57:00,2026-02-10 16:27:00,No,17.03,56.25,
Ben Q.,TM73134278,Dishwasher,Main Dining,2026-02-10,2026-02-10 15:28:00,2026-02-10 21:48:00,6.33,5.83,5.83,0.00,17.40,101.50,2026-02-10 18:28:00,2026-02-10 18:58:00,No,0.00,0.00,
Mia S.,TM96838039,Bartender,Main Dining,2026-02-10,2026-02-10 15:58:00,2026-02-10 23:07:00,7.15,6.65,6.65,0.00,19.50,129.68,2026-02-10 18:58:00,2026-02-10 19:28:00,No,40.46,70.03,
Marcus T.,TM68842973,Server,Main Dining,2026-02-10,2026-02-10 16:13:00,2026-02-10 22:50:00,6.62,6.12,6.12,0.00,17.40,106.43,2026-02-10 19:13:00,2026-02-10 19:43:00,No,0.00,57.15,
Danny F.,TM77035090,Host,Main Dining,2026-02-10,2026-02-10 16:16:00,2026-02-10 22:45:00,6.48,6.48,6.48,0.00,17.40,112.81,,,,0.00,16.30,
James L.,TM67155487,Server,Main Dining,2026-02-10,2026-02-10 16:28:00,2026-02-10 22:58:00,6.50,6.00,6.00,0.00,17.40,104.40,2026-02-10 19:28:00,2026-02-10 19:58:00,No,50.75,58.36,
Tyler H.,TM62163408,Busser,Main Dining,2026-02-10,2026-02-10 16:30:00,2026-02-10 22:36:00,6.10,6.10,6.10,0.00,17.40,106.14,,,,0.00,30.09,
Kevin L.,TM69547599,Prep Cook,Main Dining,2026-02-11,2026-02-11 07:03:00,2026-02-11 13:24:00,6.35,5.85,5.85,0.00,18.50,108.22,2026-02-11 10:03:00,2026-02-11 10:33:00,No,0.00,0.00,
Chef Ryan D.,TM46405949,Head Chef,Main Dining,2026-02-11,2026-02-11 09:29:00,2026-02-11 22:34:00,13.08,12.58,8.00,4.58,32.00,476.00,2026-02-11 14:29:00,2026-02-11 14:59:00,No,0.00,0.00,
Emma W.,TM68759302,Server,Main Dining,2026-02-11,2026-02-11 10:49:00,2026-02-11 22:38:00,11.82,11.32,8.00,3.32,18.50,240.04,2026-02-11 15:49:00,2026-02-11 16:19:00,No,0.00,67.15,
Priya K.,TM98802724,Server,Main Dining,2026-02-11,2026-02-11 10:58:00,2026-02-11 22:45:00,11.78,11.28,8.00,3.28,18.00,232.65,2026-02-11 15:58:00,2026-02-11 16:28:00,No,0.00,31.34,
Yuki T.,TM51443341,Line Cook,Main Dining,2026-02-11,2026-02-11 14:04:00,2026-02-12 00:19:00,10.25,9.75,8.00,1.75,21.00,223.12,2026-02-11 18:04:00,2026-02-11 18:34:00,No,0.00,0.00,
Sonia A.,TM56932999,Line Cook,Main Dining,2026-02-11,2026-02-11 15:09:00,2026-02-12 00:30:00,9.35,8.85,8.00,0.85,20.00,185.50,2026-02-11 19:09:00,2026-02-11 19:39:00,No,0.00,0.00,
Alex N.,TM49909512,Dishwasher,Main Dining,2026-02-11,2026-02-11 15:15:00,2026-02-11 22:22:00,7.12,6.62,6.62,0.00,17.40,115.13,2026-02-11 18:15:00,2026-02-11 18:45:00,No,0.00,0.00,
Jake B.,TM24317175,Bartender,Main Dining,2026-02-11,2026-02-11 15:41:00,2026-02-11 23:12:00,7.52,7.02,7.02,0.00,19.00,133.32,2026-02-11 18:41:00,2026-02-11 19:11:00,No,27.21,43.40,
Marcus T.,TM68842973,Server,Main Dining,2026-02-11,2026-02-11 16:05:00,2026-02-11 22:38:00,6.55,6.05,6.05,0.00,17.40,105.27,2026-02-11 19:05:00,2026-02-11 19:35:00,No,53.28,71.88,
Nina R.,TM48151371,Host,Main Dining,2026-02-11,2026-02-11 16:25:00,2026-02-11 22:20:00,5.92,5.92,5.92,0.00,17.40,102.95,,,,0.00,13.79,
Tyler H.,TM62163408,Busser,Main Dining,2026-02-11,2026-02-11 16:43:00,2026-02-11 22:45:00,6.03,6.03,6.03,0.00,17.40,104.98,,,,0.00,31.59,
Kevin L.,TM69547599,Prep Cook,Main Dining,2026-02-12,2026-02-12 07:08:00,2026-02-12 14:22:00,7.23,6.73,6.73,0.00,18.50,124.57,2026-02-12 10:08:00,2026-02-12 10:38:00,No,0.00,0.00,
Chef Ryan D.,TM46405949,Head Chef,Main Dining,2026-02-12,2026-02-12 09:00:00,2026-02-12 22:32:00,13.53,13.03,8.00,5.03,32.00,497.60,2026-02-12 14:00:00,2026-02-12 14:30:00,No,0.00,0.00,
Sonia A.,TM56932999,Line Cook,Main Dining,2026-02-12,2026-02-12 10:04:00,2026-02-12 19:12:00,9.13,8.63,8.00,0.63,20.00,179.00,2026-02-12 14:04:00,2026-02-12 14:34:00,No,0.00,0.00,
Carlos P.,TM56083763,Line Cook,Main Dining,2026-02-12,2026-02-12 10:08:00,2026-02-12 19:14:00,9.10,8.60,8.00,0.60,22.00,195.80,2026-02-12 14:08:00,2026-02-12 14:38:00,No,0.00,0.00,
Emma W.,TM68759302,Server,Main Dining,2026-02-12,2026-02-12 10:41:00,2026-02-12 22:43:00,12.03,11.53,8.00,3.53,18.50,246.05,2026-02-12 16:41:00,2026-02-12 17:11:00,No,0.00,55.16,
Alex N.,TM49909512,Dishwasher,Main Dining,2026-02-12,2026-02-12 11:12:00,2026-02-12 17:28:00,6.27,5.77,5.77,0.00,17.40,100.34,2026-02-12 14:12:00,2026-02-12 14:42:00,No,0.00,0.00,
Derek J.,TM91387965,Line Cook,Main Dining,2026-02-12,2026-02-12 15:29:00,2026-02-12 23:48:00,8.32,7.82,7.82,0.00,20.50,160.24,2026-02-12 19:29:00,2026-02-12 19:59:00,No,0.00,0.00,
Mia S.,TM96838039,Bartender,Main Dining,2026-02-12,2026-02-12 15:35:00,2026-02-12 23:25:00,7.83,7.33,7.33,0.00,19.50,143.00,2026-02-12 18:35:00,2026-02-12 19:05:00,No,68.39,39.90,
Jake B.,TM24317175,Bartender,Main Dining,2026-02-12,2026-02-12 15:43:00,2026-02-12 23:01:00,7.30,6.80,6.80,0.00,19.00,129.20,2026-02-12 18:43:00,2026-02-12 19:13:00,No,36.86,71.76,
Nina R.,TM48151371,Host,Main Dining,2026-02-12,2026-02-12 16:04:00,2026-02-12 22:15:00,6.18,6.18,6.18,0.00,17.40,107.59,,,,0.00,18.91,
Marcus T.,TM68842973,Server,Main Dining,2026-02-12,2026-02-12 16:11:00,2026-02-12 22:51:00,6.67,6.17,6.17,0.00,17.40,107.30,2026-02-12 19:11:00,2026-02-12 19:41:00,No,0.00,35.59,
James L.,TM67155487,Server,Main Dining,2026-02-12,2026-02-12 16:12:00,2026-02-12 22:23:00,6.18,5.68,5.68,0.00,17.40,98.89,2026-02-12 19:12:00,2026-02-12 19:42:00,No,22.62,49.37,
Ben Q.,TM73134278,Dishwasher,Main Dining,2026-02-12,2026-02-12 16:15:00,2026-02-13 00:27:00,8.20,7.70,7.70,0.00,17.40,133.98,2026-02-12 19:15:00,2026-02-12 19:45:00,No,0.00,0.00,
Sarah M.,TM14419225,Server,Main Dining,2026-02-12,2026-02-12 16:16:00,2026-02-12 22:40:00,6.40,5.90,5.90,0.00,17.40,102.66,2026-02-12 19:16:00,2026-02-12 19:46:00,No,20.84,44.08,
Aisha G.,TM49611645,Busser,Main Dining,2026-02-12,2026-02-12 16:31:00,2026-02-12 22:34:00,6.05,6.05,6.05,0.00,17.40,105.27,,,,0.00,19.64,
Tyler H.,TM62163408,Busser,Main Dining,2026-02-12,2026-02-12 16:49:00,2026-02-12 22:51:00,6.03,6.03,6.03,0.00,17.40,104.98,,,,0.00,18.24,
Maria V.,TM94119202,Prep Cook,Main Dining,2026-02-13,2026-02-13 07:08:00,2026-02-13 14:36:00,7.47,6.97,6.97,0.00,18.00,125.40,2026-02-13 10:08:00,2026-02-13 10:38:00,No,0.00,0.00,
Kevin L.,TM69547599,Prep Cook,Main Dining,2026-02-13,2026-02-13 07:09:00,2026-02-13 14:37:00,7.47,6.97,6.97,0.00,18.50,128.88,2026-02-13 10:09:00,2026-02-13 10:39:00,No,0.00,0.00,
Chef Ryan D.,TM46405949,Head Chef,Main Dining,2026-02-13,2026-02-13 09:15:00,2026-02-13 22:39:00,13.40,12.90,8.00,4.90,32.00,491.20,2026-02-13 14:15:00,2026-02-13 14:45:00,No,0.00,0.00,
Yuki T.,TM51443341,Line Cook,Main Dining,2026-02-13,2026-02-13 10:18:00,2026-02-13 19:35:00,9.28,8.78,8.00,0.78,21.00,192.67,2026-02-13 14:18:00,2026-02-13 14:48:00,No,0.00,0.00,
Derek J.,TM91387965,Line Cook,Main Dining,2026-02-13,2026-02-13 10:23:00,2026-02-13 19:26:00,9.05,8.55,8.00,0.55,20.50,180.91,2026-02-13 14:23:00,2026-02-13 14:53:00,No,0.00,0.00,
Emma W.,TM68759302,Server,Main Dining,2026-02-13,2026-02-13 10:44:00,2026-02-13 22:04:00,11.33,10.83,8.00,2.83,18.50,226.62,2026-02-13 15:44:00,2026-02-13 16:14:00,No,37.36,62.57,
Leo C.,TM30635868,Server,Main Dining,2026-02-13,2026-02-13 10:47:00,2026-02-13 22:01:00,11.23,10.73,8.00,2.73,17.40,210.54,2026-02-13 15:47:00,2026-02-13 16:17:00,No,30.30,39.92,
Sonia A.,TM56932999,Line Cook,Main Dining,2026-02-13,2026-02-13 14:11:00,2026-02-13 22:33:00,8.37,7.87,7.87,0.00,20.00,157.33,2026-02-13 18:11:00,2026-02-13 18:41:00,No,0.00,0.00,
Carlos P.,TM56083763,Line Cook,Main Dining,2026-02-13,2026-02-13 15:07:00,2026-02-13 23:17:00,8.17,7.67,7.67,0.00,22.00,168.67,2026-02-13 19:07:00,2026-02-13 19:37:00,No,0.00,0.00,
Mia S.,TM96838039,Bartender,Main Dining,2026-02-13,2026-02-13 15:50:00,2026-02-13 23:03:00,7.22,6.72,6.72,0.00,19.50,130.97,2026-02-13 18:50:00,2026-02-13 19:20:00,No,47.51,47.22,
Jake B.,TM24317175,Bartender,Main Dining,2026-02-13,2026-02-13 15:59:00,2026-02-13 23:19:00,7.33,6.83,6.83,0.00,19.00,129.83,2026-02-13 18:59:00,2026-02-13 19:29:00,No,52.98,36.14,
Marcus T.,TM68842973,Server,Main Dining,2026-02-13,2026-02-13 16:03:00,2026-02-13 22:32:00,6.48,5.98,5.98,0.00,17.40,104.11,2026-02-13 19:03:00,2026-02-13 19:33:00,No,0.00,34.84,
Sarah M.,TM14419225,Server,Main Dining,2026-02-13,2026-02-13 16:12:00,2026-02-13 22:15:00,6.05,5.55,5.55,0.00,17.40,96.57,2026-02-13 19:12:00,2026-02-13 19:42:00,No,36.35,62.77,
Danny F.,TM77035090,Host,Main Dining,2026-02-13,2026-02-13 16:18:00,2026-02-13 22:26:00,6.13,6.13,6.13,0.00,17.40,106.72,,,,0.00,17.47,
Alex N.,TM49909512,Dishwasher,Main Dining,2026-02-13,2026-02-13 16:21:00,2026-02-13 22:51:00,6.50,6.00,6.00,0.00,17.40,104.40,2026-02-13 19:21:00,2026-02-13 19:51:00,No,0.00,0.00,
Ben Q.,TM73134278,Dishwasher,Main Dining,2026-02-13,2026-02-13 16:25:00,2026-02-13 23:33:00,7.13,6.63,6.63,0.00,17.40,115.42,2026-02-13 19:25:00,2026-02-13 19:55:00,No,0.00,0.00,
Priya K.,TM98802724,Server,Main Dining,2026-02-13,2026-02-13 16:26:00,2026-02-13 22:38:00,6.20,5.70,5.70,0.00,18.00,102.60,2026-02-13 19:26:00,2026-02-13 19:56:00,No,0.00,38.11,
Nina R.,TM48151371,Host,Main Dining,2026-02-13,2026-02-13 16:28:00,2026-02-13 22:43:00,6.25,6.25,6.25,0.00,17.40,108.75,,,,0.00,11.48,
Aisha G.,TM49611645,Busser,Main Dining,2026-02-13,2026-02-13 16:36:00,2026-02-13 22:51:00,6.25,6.25,6.25,0.00,17.40,108.75,,,,0.00,23.69,
Tyler H.,TM62163408,Busser,Main Dining,2026-02-13,2026-02-13 16:43:00,2026-02-13 22:50:00,6.12,6.12,6.12,0.00,17.40,106.43,,,,0.00,26.35,
Maria V.,TM94119202,Prep Cook,Main Dining,2026-02-14,2026-02-14 07:07:00,2026-02-14 15:17:00,8.17,7.67,7.67,0.00,18.00,138.00,2026-02-14 10:07:00,2026-02-14 10:37:00,No,0.00,0.00,
Kevin L.,TM69547599,Prep Cook,Main Dining,2026-02-14,2026-02-14 07:18:00,2026-02-14 13:41:00,6.38,5.88,5.88,0.00,18.50,108.84,2026-02-14 10:18:00,2026-02-14 10:48:00,No,0.00,0.00,
Sonia A.,TM56932999,Line Cook,Main Dining,2026-02-14,2026-02-14 09:06:00,2026-02-14 17:22:00,8.27,7.77,7.77,0.00,20.00,155.33,2026-02-14 13:06:00,2026-02-14 13:36:00,No,0.00,0.00,
Chef Ryan D.,TM46405949,Head Chef,Main Dining,2026-02-14,2026-02-14 09:29:00,2026-02-14 22:41:00,13.20,12.70,8.00,4.70,32.00,481.60,2026-02-14 14:29:00,2026-02-14 14:59:00,No,0.00,0.00,
Carlos P.,TM56083763,Line Cook,Main Dining,2026-02-14,2026-02-14 10:05:00,2026-02-14 20:11:00,10.10,9.60,8.00,1.60,22.00,228.80,2026-02-14 14:05:00,2026-02-14 14:35:00,No,0.00,0.00,
Derek J.,TM91387965,Line Cook,Main Dining,2026-02-14,2026-02-14 10:10:00,2026-02-14 19:29:00,9.32,8.82,8.00,0.82,20.50,189.11,2026-02-14 14:10:00,2026-02-14 14:40:00,No,0.00,0.00,
Yuki T.,TM51443341,Line Cook,Main Dining,2026-02-14,2026-02-14 10:20:00,2026-02-14 19:38:00,9.30,8.80,8.00,0.80,21.00,193.20,2026-02-14 14:20:00,2026-02-14 14:50:00,No,0.00,0.00,
Marcus T.,TM68842973,Server,Main Dining,2026-02-14,2026-02-14 10:31:00,2026-02-14 22:29:00,11.97,11.47,8.00,3.47,17.40,229.68,2026-02-14 15:31:00,2026-02-14 16:01:00,No,49.59,75.66,
Leo C.,TM30635868,Server,Main Dining,2026-02-14,2026-02-14 10:32:00,2026-02-14 22:33:00,12.02,11.52,8.00,3.52,17.40,230.99,2026-02-14 16:32:00,2026-02-14 17:02:00,No,0.00,45.16,
Priya K.,TM98802724,Server,Main Dining,2026-02-14,2026-02-14 10:47:00,2026-02-14 22:11:00,11.40,10.90,8.00,2.90,18.00,222.30,2026-02-14 15:47:00,2026-02-14 16:17:00,No,29.68,63.38,
James L.,TM67155487,Server,Main Dining,2026-02-14,2026-02-14 10:48:00,2026-02-14 22:30:00,11.70,11.20,8.00,3.20,17.40,222.72,2026-02-14 15:48:00,2026-02-14 16:18:00,No,0.00,79.79,
Sarah M.,TM14419225,Server,Main Dining,2026-02-14,2026-02-14 10:48:00,2026-02-14 22:12:00,11.40,10.90,8.00,2.90,17.40,214.89,2026-02-14 15:48:00,2026-02-14 16:18:00,No,37.52,58.16,
Mia S.,TM96838039,Bartender,Main Dining,2026-02-14,2026-02-14 15:35:00,2026-02-14 23:02:00,7.45,6.95,6.95,0.00,19.50,135.53,2026-02-14 18:35:00,2026-02-14 19:05:00,No,54.83,56.93,
Jake B.,TM24317175,Bartender,Main Dining,2026-02-14,2026-02-14 15:40:00,2026-02-14 23:10:00,7.50,7.00,7.00,0.00,19.00,133.00,2026-02-14 18:40:00,2026-02-14 19:10:00,No,53.03,81.78,
Danny F.,TM77035090,Host,Main Dining,2026-02-14,2026-02-14 16:20:00,2026-02-14 22:41:00,6.35,6.35,6.35,0.00,17.40,110.49,,,,0.00,20.45,
Ben Q.,TM73134278,Dishwasher,Main Dining,2026-02-14,2026-02-14 16:21:00,2026-02-14 22:22:00,6.02,5.52,5.52,0.00,17.40,95.99,2026-02-14 19:21:00,2026-02-14 19:51:00,No,0.00,0.00,
Nina R.,TM48151371,Host,Main Dining,2026-02-14,2026-02-14 16:24:00,2026-02-14 22:17:00,5.88,5.88,5.88,0.00,17.40,102.37,,,,0.00,12.61,
Alex N.,TM49909512,Dishwasher,Main Dining,2026-02-14,2026-02-14 16:30:00,2026-02-14 23:42:00,7.20,6.70,6.70,0.00,17.40,116.58,2026-02-14 19:30:00,2026-02-14 20:00:00,No,0.00,0.00,
Tyler H.,TM62163408,Busser,Main Dining,2026-02-14,2026-02-14 16:45:00,2026-02-14 22:56:00,6.18,6.18,6.18,0.00,17.40,107.59,,,,0.00,25.91,
Aisha G.,TM49611645,Busser,Main Dining,2026-02-14,2026-02-14 16:56:00,2026-02-14 22:58:00,6.03,6.03,6.03,0.00,17.40,104.98,,,,0.00,33.46,
Maria V.,TM94119202,Prep Cook,Main Dining,2026-02-15,2026-02-15 07:19:00,2026-02-15 14:49:00,7.50,7.00,7.00,0.00,18.00,126.00,2026-02-15 10:19:00,2026-02-15 10:49:00,No,0.00,0.00,
Kevin L.,TM69547599,Prep Cook,Main Dining,2026-02-15,2026-02-15 07:30:00,2026-02-15 14:30:00,7.00,6.50,6.50,0.00,18.50,120.25,2026-02-15 10:30:00,2026-02-15 11:00:00,No,0.00,0.00,
Chef Ryan D.,TM46405949,Head Chef,Main Dining,2026-02-15,2026-02-15 09:09:00,2026-02-15 22:16:00,13.12,12.62,8.00,4.62,32.00,477.60,2026-02-15 14:09:00,2026-02-15 14:39:00,No,0.00,0.00,
Carlos P.,TM56083763,Line Cook,Main Dining,2026-02-15,2026-02-15 09:15:00,2026-02-15 18:33:00,9.30,8.80,8.00,0.80,22.00,202.40,2026-02-15 13:15:00,2026-02-15 13:45:00,No,0.00,0.00,
Sonia A.,TM56932999,Line Cook,Main Dining,2026-02-15,2026-02-15 09:22:00,2026-02-15 18:24:00,9.03,8.53,8.00,0.53,20.00,176.00,2026-02-15 13:22:00,2026-02-15 13:52:00,No,0.00,0.00,
Alex N.,TM49909512,Dishwasher,Main Dining,2026-02-15,2026-02-15 10:25:00,2026-02-15 18:43:00,8.30,7.80,7.80,0.00,17.40,135.72,2026-02-15 13:25:00,2026-02-15 13:55:00,No,0.00,0.00,
Priya K.,TM98802724,Server,Main Dining,2026-02-15,2026-02-15 10:32:00,2026-02-15 22:03:00,11.52,11.02,8.00,3.02,18.00,225.45,2026-02-15 15:32:00,2026-02-15 16:02:00,No,48.98,64.70,
Marcus T.,TM68842973,Server,Main Dining,2026-02-15,2026-02-15 10:45:00,2026-02-15 22:34:00,11.82,11.32,8.00,3.32,17.40,225.76,2026-02-15 15:45:00,2026-02-15 16:15:00,No,56.75,45.72,
Leo C.,TM30635868,Server,Main Dining,2026-02-15,2026-02-15 10:46:00,2026-02-15 22:04:00,11.30,10.80,8.00,2.80,17.40,212.28,2026-02-15 15:46:00,2026-02-15 16:16:00,No,0.00,38.89,
Sarah M.,TM14419225,Server,Main Dining,2026-02-15,2026-02-15 10:56:00,2026-02-15 22:31:00,11.58,11.08,8.00,3.08,17.40,219.68,2026-02-15 15:56:00,2026-02-15 16:26:00,No,0.00,46.31,
Yuki T.,TM51443341,Line Cook,Main Dining,2026-02-15,2026-02-15 15:01:00,2026-02-16 01:26:00,10.42,9.92,8.00,1.92,21.00,228.37,2026-02-15 19:01:00,2026-02-15 19:31:00,No,0.00,0.00,
Jake B.,TM24317175,Bartender,Main Dining,2026-02-15,2026-02-15 15:54:00,2026-02-15 23:07:00,7.22,6.72,6.72,0.00,19.00,127.62,2026-02-15 18:54:00,2026-02-15 19:24:00,No,28.18,50.99,
Ben Q.,TM73134278,Dishwasher,Main Dining,2026-02-15,2026-02-15 16:15:00,2026-02-15 23:32:00,7.28,6.78,6.78,0.00,17.40,118.03,2026-02-15 19:15:00,2026-02-15 19:45:00,No,0.00,0.00,
Nina R.,TM48151371,Host,Main Dining,2026-02-15,2026-02-15 16:20:00,2026-02-15 22:37:00,6.28,6.28,6.28,0.00,17.40,109.33,,,,0.00,10.59,
Aisha G.,TM49611645,Busser,Main Dining,2026-02-15,2026-02-15 16:41:00,2026-02-15 22:50:00,6.15,6.15,6.15,0.00,17.40,107.01,,,,0.00,33.26,
Tyler H.,TM62163408,Busser,Main Dining,2026-02-15,2026-02-15 16:55:00,2026-02-15 22:35:00,5.67,5.67,5.67,0.00,17.40,98.60,,,,0.00,24.82,
Maria V.,TM94119202,Prep Cook,Main Dining,2026-02-16,2026-02-16 07:06:00,2026-02-16 14:28:00,7.37,6.87,6.87,0.00,18.00,123.60,2026-02-16 10:06:00,2026-02-16 10:36:00,No,0.00,0.00,
Sonia A.,TM56932999,Line Cook,Main Dining,2026-02-16,2026-02-16 10:09:00,2026-02-16 20:35:00,10.43,9.93,8.00,1.93,20.00,218.00,2026-02-16 14:09:00,2026-02-16 14:39:00,No,0.00,0.00,
Yuki T.,TM51443341,Line Cook,Main Dining,2026-02-16,2026-02-16 14:02:00,2026-02-16 21:02:00,7.00,6.50,6.50,0.00,21.00,136.50,2026-02-16 18:02:00,2026-02-16 18:32:00,No,0.00,0.00,
Jake B.,TM24317175,Bartender,Main Dining,2026-02-16,2026-02-16 15:43:00,2026-02-16 23:09:00,7.43,6.93,6.93,0.00,19.00,131.73,2026-02-16 18:43:00,2026-02-16 19:13:00,No,20.51,47.33,
Danny F.,TM77035090,Host,Main Dining,2026-02-16,2026-02-16 16:00:00,2026-02-16 22:44:00,6.73,6.73,6.73,0.00,17.40,117.16,,,,0.00,20.63,
Emma W.,TM68759302,Server,Main Dining,2026-02-16,2026-02-16 16:02:00,2026-02-16 22:50:00,6.80,6.30,6.30,0.00,18.50,116.55,2026-02-16 19:02:00,2026-02-16 19:32:00,No,0.00,37.71,
Marcus T.,TM68842973,Server,Main Dining,2026-02-16,2026-02-16 16:06:00,2026-02-16 22:27:00,6.35,5.85,5.85,0.00,17.40,101.79,2026-02-16 19:06:00,2026-02-16 19:36:00,No,0.00,46.95,
Sarah M.,TM14419225,Server,Main Dining,2026-02-16,2026-02-16 16:14:00,2026-02-16 22:58:00,6.73,6.23,6.23,0.00,17.40,108.46,2026-02-16 19:14:00,2026-02-16 19:44:00,No,59.34,78.98,
Alex N.,TM49909512,Dishwasher,Main Dining,2026-02-16,2026-02-16 16:14:00,2026-02-16 22:41:00,6.45,5.95,5.95,0.00,17.40,103.53,2026-02-16 19:14:00,2026-02-16 19:44:00,No,0.00,0.00,
Aisha G.,TM49611645,Busser,Main Dining,2026-02-16,2026-02-16 16:50:00,2026-02-16 22:38:00,5.80,5.80,5.80,0.00,17.40,100.92,,,,0.00,33.54,
Maria V.,TM94119202,Prep Cook,Main Dining,2026-02-17,2026-02-17 07:12:00,2026-02-17 15:15:00,8.05,7.55,7.55,0.00,18.00,135.90,2026-02-17 10:12:00,2026-02-17 10:42:00,No,0.00,0.00,
Chef Ryan D.,TM46405949,Head Chef,Main Dining,2026-02-17,2026-02-17 09:13:00,2026-02-17 22:33:00,13.33,12.83,8.00,4.83,32.00,488.00,2026-02-17 14:13:00,2026-02-17 14:43:00,No,0.00,0.00,
Yuki T.,TM51443341,Line Cook,Main Dining,2026-02-17,2026-02-17 10:01:00,2026-02-17 18:24:00,8.38,7.88,7.88,0.00,21.00,165.55,2026-02-17 14:01:00,2026-02-17 14:31:00,No,0.00,0.00,
Priya K.,TM98802724,Server,Main Dining,2026-02-17,2026-02-17 10:47:00,2026-02-17 22:13:00,11.43,10.93,8.00,2.93,18.00,223.20,2026-02-17 15:47:00,2026-02-17 16:17:00,No,51.39,35.01,
Ben Q.,TM73134278,Dishwasher,Main Dining,2026-02-17,2026-02-17 11:16:00,2026-02-17 18:16:00,7.00,6.50,6.50,0.00,17.40,113.10,2026-02-17 14:16:00,2026-02-17 14:46:00,No,0.00,0.00,
Carlos P.,TM56083763,Line Cook,Main Dining,2026-02-17,2026-02-17 15:25:00,2026-02-17 23:39:00,8.23,7.73,7.73,0.00,22.00,170.13,2026-02-17 19:25:00,2026-02-17 19:55:00,No,0.00,0.00,
Mia S.,TM96838039,Bartender,Main Dining,2026-02-17,2026-02-17 15:46:00,2026-02-17 23:30:00,7.73,7.23,7.23,0.00,19.50,141.05,2026-02-17 18:46:00,2026-02-17 19:16:00,No,58.31,62.84,
James L.,TM67155487,Server,Main Dining,2026-02-17,2026-02-17 16:15:00,2026-02-17 22:50:00,6.58,6.08,6.08,0.00,17.40,105.85,2026-02-17 19:15:00,2026-02-17 19:45:00,No,0.00,61.60,
Sarah M.,TM14419225,Server,Main Dining,2026-02-17,2026-02-17 16:22:00,2026-02-17 22:55:00,6.55,6.05,6.05,0.00,17.40,105.27,2026-02-17 19:22:00,2026-02-17 19:52:00,No,24.98,62.41,
Nina R.,TM48151371,Host,Main Dining,2026-02-17,2026-02-17 16:30:00,2026-02-17 22:37:00,6.12,6.12,6.12,0.00,17.40,106.43,,,,0.00,11.36,
Tyler H.,TM62163408,Busser,Main Dining,2026-02-17,2026-02-17 16:47:00,2026-02-17 22:37:00,5.83,5.83,5.83,0.00,17.40,101.50,,,,0.00,18.75,
Kevin L.,TM69547599,Prep Cook,Main Dining,2026-02-18,2026-02-18 07:10:00,2026-02-18 13:12:00,6.03,5.53,5.53,0.00,18.50,102.37,2026-02-18 10:10:00,2026-02-18 10:40:00,No,0.00,0.00,
Chef Ryan D.,TM46405949,Head Chef,Main Dining,2026-02-18,2026-02-18 09:27:00,2026-02-18 22:43:00,13.27,12.77,8.00,4.77,32.00,484.80,2026-02-18 14:27:00,2026-02-18 14:57:00,No,0.00,0.00,
Alex N.,TM49909512,Dishwasher,Main Dining,2026-02-18,2026-02-18 11:25:00,2026-02-18 17:43:00,6.30,5.80,5.80,0.00,17.40,100.92,2026-02-18 14:25:00,2026-02-18 14:55:00,No,0.00,0.00,
Carlos P.,TM56083763,Line Cook,Main Dining,2026-02-18,2026-02-18 14:08:00,2026-02-18 22:30:00,8.37,7.87,7.87,0.00,22.00,173.07,2026-02-18 18:08:00,2026-02-18 18:38:00,No,0.00,0.00,
Yuki T.,TM51443341,Line Cook,Main Dining,2026-02-18,2026-02-18 14:11:00,2026-02-18 22:37:00,8.43,7.93,7.93,0.00,21.00,166.60,2026-02-18 18:11:00,2026-02-18 18:41:00,No,0.00,0.00,
Mia S.,TM96838039,Bartender,Main Dining,2026-02-18,2026-02-18 15:50:00,2026-02-18 23:14:00,7.40,6.90,6.90,0.00,19.50,134.55,2026-02-18 18:50:00,2026-02-18 19:20:00,No,58.72,84.12,
Leo C.,TM30635868,Server,Main Dining,2026-02-18,2026-02-18 16:18:00,2026-02-18 22:37:00,6.32,5.82,5.82,0.00,17.40,101.21,2026-02-18 19:18:00,2026-02-18 19:48:00,No,56.09,77.59,
Danny F.,TM77035090,Host,Main Dining,2026-02-18,2026-02-18 16:18:00,2026-02-18 22:32:00,6.23,6.23,6.23,0.00,17.40,108.46,,,,0.00,19.42,
James L.,TM67155487,Server,Main Dining,2026-02-18,2026-02-18 16:22:00,2026-02-18 22:37:00,6.25,5.75,5.75,0.00,17.40,100.05,2026-02-18 19:22:00,2026-02-18 19:52:00,No,43.45,55.83,
Sarah M.,TM14419225,Server,Main Dining,2026-02-18,2026-02-18 16:29:00,2026-02-18 22:54:00,6.42,5.92,5.92,0.00,17.40,102.95,2026-02-18 19:29:00,2026-02-18 19:59:00,No,0.00,30.21,
Aisha G.,TM49611645,Busser,Main Dining,2026-02-18,2026-02-18 16:58:00,2026-02-18 22:49:00,5.85,5.85,5.85,0.00,17.40,101.79,,,,0.00,30.28,
Maria V.,TM94119202,Prep Cook,Main Dining,2026-02-19,2026-02-19 07:29:00,2026-02-19 15:37:00,8.13,7.63,7.63,0.00,18.00,137.40,2026-02-19 10:29:00,2026-02-19 10:59:00,No,0.00,0.00,
Chef Ryan D.,TM46405949,Head Chef,Main Dining,2026-02-19,2026-02-19 09:03:00,2026-02-19 22:18:00,13.25,12.75,8.00,4.75,32.00,484.00,2026-02-19 14:03:00,2026-02-19 14:33:00,No,0.00,0.00,
Carlos P.,TM56083763,Line Cook,Main Dining,2026-02-19,2026-02-19 09:24:00,2026-02-19 18:44:00,9.33,8.83,8.00,0.83,22.00,203.50,2026-02-19 13:24:00,2026-02-19 13:54:00,No,0.00,0.00,
Sarah M.,TM14419225,Server,Main Dining,2026-02-19,2026-02-19 10:48:00,2026-02-19 22:43:00,11.92,11.42,8.00,3.42,17.40,228.37,2026-02-19 15:48:00,2026-02-19 16:18:00,No,20.92,74.16,
Sonia A.,TM56932999,Line Cook,Main Dining,2026-02-19,2026-02-19 14:19:00,2026-02-20 00:34:00,10.25,9.75,8.00,1.75,20.00,212.50,2026-02-19 18:19:00,2026-02-19 18:49:00,No,0.00,0.00,
Yuki T.,TM51443341,Line Cook,Main Dining,2026-02-19,2026-02-19 15:22:00,2026-02-19 23:38:00,8.27,7.77,7.77,0.00,21.00,163.10,2026-02-19 19:22:00,2026-02-19 19:52:00,No,0.00,0.00,
Ben Q.,TM73134278,Dishwasher,Main Dining,2026-02-19,2026-02-19 15:24:00,2026-02-19 23:43:00,8.32,7.82,7.82,0.00,17.40,136.01,2026-02-19 18:24:00,2026-02-19 18:54:00,No,0.00,0.00,
Mia S.,TM96838039,Bartender,Main Dining,2026-02-19,2026-02-19 15:53:00,2026-02-19 23:06:00,7.22,6.72,6.72,0.00,19.50,130.97,2026-02-19 18:53:00,2026-02-19 19:23:00,No,55.74,89.99,
Jake B.,TM24317175,Bartender,Main Dining,2026-02-19,2026-02-19 15:56:00,2026-02-19 23:11:00,7.25,6.75,6.75,0.00,19.00,128.25,2026-02-19 18:56:00,2026-02-19 19:26:00,No,45.32,60.72,
Marcus T.,TM68842973,Server,Main Dining,2026-02-19,2026-02-19 16:03:00,2026-02-19 22:23:00,6.33,5.83,5.83,0.00,17.40,101.50,2026-02-19 19:03:00,2026-02-19 19:33:00,No,40.87,69.61,
Leo C.,TM30635868,Server,Main Dining,2026-02-19,2026-02-19 16:19:00,2026-02-19 22:41:00,6.37,5.87,5.87,0.00,17.40,102.08,2026-02-19 19:19:00,2026-02-19 19:49:00,No,0.00,35.69,
Priya K.,TM98802724,Server,Main Dining,2026-02-19,2026-02-19 16:24:00,2026-02-19 22:52:00,6.47,5.97,5.97,0.00,18.00,107.40,2026-02-19 19:24:00,2026-02-19 19:54:00,No,0.00,50.38,
Alex N.,TM49909512,Dishwasher,Main Dining,2026-02-19,2026-02-19 16:24:00,2026-02-19 22:38:00,6.23,5.73,5.73,0.00,17.40,99.76,2026-02-19 19:24:00,2026-02-19 19:54:00,No,0.00,0.00,
Danny F.,TM77035090,Host,Main Dining,2026-02-19,2026-02-19 16:30:00,2026-02-19 22:30:00,6.00,6.00,6.00,0.00,17.40,104.40,,,,0.00,10.38,
Aisha G.,TM49611645,Busser,Main Dining,2026-02-19,2026-02-19 16:41:00,2026-02-19 22:59:00,6.30,6.30,6.30,0.00,17.40,109.62,,,,0.00,17.50,
Tyler H.,TM62163408,Busser,Main Dining,2026-02-19,2026-02-19 16:45:00,2026-02-19 22:43:00,5.97,5.97,5.97,0.00,17.40,103.82,,,,0.00,31.27,
Maria V.,TM94119202,Prep Cook,Main Dining,2026-02-20,2026-02-20 07:13:00,2026-02-20 14:25:00,7.20,6.70,6.70,0.00,18.00,120.60,2026-02-20 10:13:00,2026-02-20 10:43:00,No,0.00,0.00,
Kevin L.,TM69547599,Prep Cook,Main Dining,2026-02-20,2026-02-20 07:25:00,2026-02-20 15:42:00,8.28,7.78,7.78,0.00,18.50,143.99,2026-02-20 10:25:00,2026-02-20 10:55:00,No,0.00,0.00,
Chef Ryan D.,TM46405949,Head Chef,Main Dining,2026-02-20,2026-02-20 09:11:00,2026-02-20 22:02:00,12.85,12.35,8.00,4.35,32.00,464.80,2026-02-20 14:11:00,2026-02-20 14:41:00,No,0.00,0.00,
Derek J.,TM91387965,Line Cook,Main Dining,2026-02-20,2026-02-20 09:14:00,2026-02-20 18:41:00,9.45,8.95,8.00,0.95,20.50,193.21,2026-02-20 13:14:00,2026-02-20 13:44:00,No,0.00,0.00,
Carlos P.,TM56083763,Line Cook,Main Dining,2026-02-20,2026-02-20 09:14:00,2026-02-20 17:23:00,8.15,7.65,7.65,0.00,22.00,168.30,2026-02-20 13:14:00,2026-02-20 13:44:00,No,0.00,0.00,
Yuki T.,TM51443341,Line Cook,Main Dining,2026-02-20,2026-02-20 09:14:00,2026-02-20 18:24:00,9.17,8.67,8.00,0.67,21.00,189.00,2026-02-20 13:14:00,2026-02-20 13:44:00,No,0.00,0.00,
Sonia A.,TM56932999,Line Cook,Main Dining,2026-02-20,2026-02-20 14:03:00,2026-02-20 23:04:00,9.02,8.52,8.00,0.52,20.00,175.50,2026-02-20 18:03:00,2026-02-20 18:33:00,No,0.00,0.00,
Alex N.,TM49909512,Dishwasher,Main Dining,2026-02-20,2026-02-20 15:24:00,2026-02-20 21:51:00,6.45,5.95,5.95,0.00,17.40,103.53,2026-02-20 18:24:00,2026-02-20 18:54:00,No,0.00,0.00,
Jake B.,TM24317175,Bartender,Main Dining,2026-02-20,2026-02-20 15:42:00,2026-02-20 23:30:00,7.80,7.30,7.30,0.00,19.00,138.70,2026-02-20 18:42:00,2026-02-20 19:12:00,No,34.58,80.11,
Mia S.,TM96838039,Bartender,Main Dining,2026-02-20,2026-02-20 15:56:00,2026-02-20 23:25:00,7.48,6.98,6.98,0.00,19.50,136.18,2026-02-20 18:56:00,2026-02-20 19:26:00,No,25.46,44.84,
Emma W.,TM68759302,Server,Main Dining,2026-02-20,2026-02-20 16:00:00,2026-02-20 22:54:00,6.90,6.40,6.40,0.00,18.50,118.40,2026-02-20 19:00:00,2026-02-20 19:30:00,No,0.00,66.88,
Leo C.,TM30635868,Server,Main Dining,2026-02-20,2026-02-20 16:08:00,2026-02-20 22:41:00,6.55,6.05,6.05,0.00,17.40,105.27,2026-02-20 19:08:00,2026-02-20 19:38:00,No,48.48,56.62,
Priya K.,TM98802724,Server,Main Dining,2026-02-20,2026-02-20 16:18:00,2026-02-20 22:46:00,6.47,5.97,5.97,0.00,18.00,107.40,2026-02-20 19:18:00,2026-02-20 19:48:00,No,41.27,61.72,
James L.,TM67155487,Server,Main Dining,2026-02-20,2026-02-20 16:18:00,2026-02-20 22:30:00,6.20,5.70,5.70,0.00,17.40,99.18,2026-02-20 19:18:00,2026-02-20 19:48:00,No,52.65,57.02,
Danny F.,TM77035090,Host,Main Dining,2026-02-20,2026-02-20 16:21:00,2026-02-20 22:24:00,6.05,6.05,6.05,0.00,17.40,105.27,,,,0.00,16.95,
Sarah M.,TM14419225,Server,Main Dining,2026-02-20,2026-02-20 16:24:00,2026-02-20 22:40:00,6.27,5.77,5.77,0.00,17.40,100.34,2026-02-20 19:24:00,2026-02-20 19:54:00,No,0.00,56.71,
Nina R.,TM48151371,Host,Main Dining,2026-02-20,2026-02-20 16:27:00,2026-02-20 22:44:00,6.28,6.28,6.28,0.00,17.40,109.33,,,,0.00,17.60,
Ben Q.,TM73134278,Dishwasher,Main Dining,2026-02-20,2026-02-20 16:29:00,2026-02-21 00:52:00,8.38,7.88,7.88,0.00,17.40,137.17,2026-02-20 19:29:00,2026-02-20 19:59:00,No,0.00,0.00,
Aisha G.,TM49611645,Busser,Main Dining,2026-02-20,2026-02-20 16:46:00,2026-02-20 22:30:00,5.73,5.73,5.73,0.00,17.40,99.76,,,,0.00,26.22,
Tyler H.,TM62163408,Busser,Main Dining,2026-02-20,2026-02-20 16:59:00,2026-02-20 22:58:00,5.98,5.98,5.98,0.00,17.40,104.11,,,,0.00,33.70,
Kevin L.,TM69547599,Prep Cook,Main Dining,2026-02-21,2026-02-21 07:09:00,2026-02-21 14:09:00,7.00,6.50,6.50,0.00,18.50,120.25,2026-02-21 10:09:00,2026-02-21 10:39:00,No,0.00,0.00,
Maria V.,TM94119202,Prep Cook,Main Dining,2026-02-21,2026-02-21 07:24:00,2026-02-21 15:46:00,8.37,7.87,7.87,0.00,18.00,141.60,2026-02-21 10:24:00,2026-02-21 10:54:00,No,0.00,0.00,
Carlos P.,TM56083763,Line Cook,Main Dining,2026-02-21,2026-02-21 09:13:00,2026-02-21 18:28:00,9.25,8.75,8.00,0.75,22.00,200.75,2026-02-21 13:13:00,2026-02-21 13:43:00,No,0.00,0.00,
Chef Ryan D.,TM46405949,Head Chef,Main Dining,2026-02-21,2026-02-21 09:26:00,2026-02-21 22:45:00,13.32,12.82,8.00,4.82,32.00,487.20,2026-02-21 14:26:00,2026-02-21 14:56:00,No,0.00,0.00,
Emma W.,TM68759302,Server,Main Dining,2026-02-21,2026-02-21 10:32:00,2026-02-21 22:17:00,11.75,11.25,8.00,3.25,18.50,238.19,2026-02-21 15:32:00,2026-02-21 16:02:00,No,0.00,34.45,
Priya K.,TM98802724,Server,Main Dining,2026-02-21,2026-02-21 10:34:00,2026-02-21 22:04:00,11.50,11.00,8.00,3.00,18.00,225.00,2026-02-21 15:34:00,2026-02-21 16:04:00,No,26.77,67.57,
James L.,TM67155487,Server,Main Dining,2026-02-21,2026-02-21 10:39:00,2026-02-21 22:32:00,11.88,11.38,8.00,3.38,17.40,227.50,2026-02-21 15:39:00,2026-02-21 16:09:00,No,0.00,61.99,
Marcus T.,TM68842973,Server,Main Dining,2026-02-21,2026-02-21 10:43:00,2026-02-21 22:21:00,11.63,11.13,8.00,3.13,17.40,220.98,2026-02-21 15:43:00,2026-02-21 16:13:00,No,0.00,36.04,
Leo C.,TM30635868,Server,Main Dining,2026-02-21,2026-02-21 10:57:00,2026-02-21 22:14:00,11.28,10.78,8.00,2.78,17.40,211.84,2026-02-21 15:57:00,2026-02-21 16:27:00,No,0.00,37.47,
Ben Q.,TM73134278,Dishwasher,Main Dining,2026-02-21,2026-02-21 11:02:00,2026-02-21 18:28:00,7.43,6.93,6.93,0.00,17.40,120.64,2026-02-21 14:02:00,2026-02-21 14:32:00,No,0.00,0.00,
Alex N.,TM49909512,Dishwasher,Main Dining,2026-02-21,2026-02-21 11:23:00,2026-02-21 19:35:00,8.20,7.70,7.70,0.00,17.40,133.98,2026-02-21 14:23:00,2026-02-21 14:53:00,No,0.00,0.00,
Sonia A.,TM56932999,Line Cook,Main Dining,2026-02-21,2026-02-21 14:12:00,2026-02-22 00:34:00,10.37,9.87,8.00,1.87,20.00,216.00,2026-02-21 18:12:00,2026-02-21 18:42:00,No,0.00,0.00,
Derek J.,TM91387965,Line Cook,Main Dining,2026-02-21,2026-02-21 14:29:00,2026-02-21 23:43:00,9.23,8.73,8.00,0.73,20.50,186.55,2026-02-21 18:29:00,2026-02-21 18:59:00,No,0.00,0.00,
Yuki T.,TM51443341,Line Cook,Main Dining,2026-02-21,2026-02-21 15:08:00,2026-02-21 22:27:00,7.32,6.82,6.82,0.00,21.00,143.15,2026-02-21 19:08:00,2026-02-21 19:38:00,No,0.00,0.00,
Mia S.,TM96838039,Bartender,Main Dining,2026-02-21,2026-02-21 15:35:00,2026-02-21 23:07:00,7.53,7.03,7.03,0.00,19.50,137.15,2026-02-21 18:35:00,2026-02-21 19:05:00,No,64.90,57.62,
Jake B.,TM24317175,Bartender,Main Dining,2026-02-21,2026-02-21 15:45:00,2026-02-21 23:04:00,7.32,6.82,6.82,0.00,19.00,129.52,2026-02-21 18:45:00,2026-02-21 19:15:00,No,44.92,36.80,
Nina R.,TM48151371,Host,Main Dining,2026-02-21,2026-02-21 16:12:00,2026-02-21 22:34:00,6.37,6.37,6.37,0.00,17.40,110.78,,,,0.00,16.49,
Danny F.,TM77035090,Host,Main Dining,2026-02-21,2026-02-21 16:24:00,2026-02-21 22:15:00,5.85,5.85,5.85,0.00,17.40,101.79,,,,0.00,19.74,
Aisha G.,TM49611645,Busser,Main Dining,2026-02-21,2026-02-21 16:41:00,2026-02-21 22:40:00,5.98,5.98,5.98,0.00,17.40,104.11,,,,0.00,31.52,
Tyler H.,TM62163408,Busser,Main Dining,2026-02-21,2026-02-21 16:55:00,2026-02-21 22:46:00,5.85,5.85,5.85,0.00,17.40,101.79,,,,0.00,29.68,
Maria V.,TM94119202,Prep Cook,Main Dining,2026-02-22,2026-02-22 07:00:00,2026-02-22 15:21:00,8.35,7.85,7.85,0.00,18.00,141.30,2026-02-22 10:00:00,2026-02-22 10:30:00,No,0.00,0.00,
Kevin L.,TM69547599,Prep Cook,Main Dining,2026-02-22,2026-02-22 07:25:00,2026-02-22 13:49:00,6.40,5.90,5.90,0.00,18.50,109.15,2026-02-22 10:25:00,2026-02-22 10:55:00,No,0.00,0.00,
Carlos P.,TM56083763,Line Cook,Main Dining,2026-02-22,2026-02-22 09:06:00,2026-02-22 16:23:00,7.28,6.78,6.78,0.00,22.00,149.23,2026-02-22 13:06:00,2026-02-22 13:36:00,No,0.00,0.00,
Sonia A.,TM56932999,Line Cook,Main Dining,2026-02-22,2026-02-22 09:06:00,2026-02-22 17:30:00,8.40,7.90,7.90,0.00,20.00,158.00,2026-02-22 13:06:00,2026-02-22 13:36:00,No,0.00,0.00,
Derek J.,TM91387965,Line Cook,Main Dining,2026-02-22,2026-02-22 09:16:00,2026-02-22 18:34:00,9.30,8.80,8.00,0.80,20.50,188.60,2026-02-22 13:16:00,2026-02-22 13:46:00,No,0.00,0.00,
Chef Ryan D.,TM46405949,Head Chef,Main Dining,2026-02-22,2026-02-22 09:21:00,2026-02-22 22:08:00,12.78,12.28,8.00,4.28,32.00,461.60,2026-02-22 14:21:00,2026-02-22 14:51:00,No,0.00,0.00,
Alex N.,TM49909512,Dishwasher,Main Dining,2026-02-22,2026-02-22 10:22:00,2026-02-22 16:27:00,6.08,5.58,5.58,0.00,17.40,97.15,2026-02-22 13:22:00,2026-02-22 13:52:00,No,0.00,0.00,
Priya K.,TM98802724,Server,Main Dining,2026-02-22,2026-02-22 10:37:00,2026-02-22 22:33:00,11.93,11.43,8.00,3.43,18.00,236.70,2026-02-22 15:37:00,2026-02-22 16:07:00,No,0.00,63.44,
James L.,TM67155487,Server,Main Dining,2026-02-22,2026-02-22 10:38:00,2026-02-22 22:31:00,11.88,11.38,8.00,3.38,17.40,227.50,2026-02-22 15:38:00,2026-02-22 16:08:00,No,0.00,33.90,
Emma W.,TM68759302,Server,Main Dining,2026-02-22,2026-02-22 10:43:00,2026-02-22 22:08:00,11.42,10.92,8.00,2.92,18.50,228.94,2026-02-22 15:43:00,2026-02-22 16:13:00,No,23.73,48.76,
Leo C.,TM30635868,Server,Main Dining,2026-02-22,2026-02-22 10:54:00,2026-02-22 22:02:00,11.13,10.63,8.00,2.63,17.40,207.93,2026-02-22 15:54:00,2026-02-22 16:24:00,No,16.39,53.41,
Ben Q.,TM73134278,Dishwasher,Main Dining,2026-02-22,2026-02-22 15:28:00,2026-02-22 22:58:00,7.50,7.00,7.00,0.00,17.40,121.80,2026-02-22 18:28:00,2026-02-22 18:58:00,No,0.00,0.00,
Jake B.,TM24317175,Bartender,Main Dining,2026-02-22,2026-02-22 15:41:00,2026-02-22 23:08:00,7.45,6.95,6.95,0.00,19.00,132.05,2026-02-22 18:41:00,2026-02-22 19:11:00,No,47.81,41.93,
Danny F.,TM77035090,Host,Main Dining,2026-02-22,2026-02-22 16:10:00,2026-02-22 22:32:00,6.37,6.37,6.37,0.00,17.40,110.78,,,,0.00,17.51,
Tyler H.,TM62163408,Busser,Main Dining,2026-02-22,2026-02-22 16:33:00,2026-02-22 22:51:00,6.30,6.30,6.30,0.00,17.40,109.62,,,,0.00,31.24,
Aisha G.,TM49611645,Busser,Main Dining,2026-02-22,2026-02-22 16:40:00,2026-02-22 22:44:00,6.07,6.07,6.07,0.00,17.40,105.56,,,,0.00,15.90,
Maria V.,TM94119202,Prep Cook,Main Dining,2026-02-23,2026-02-23 07:27:00,2026-02-23 15:38:00,8.18,7.68,7.68,0.00,18.00,138.30,2026-02-23 10:27:00,2026-02-23 10:57:00,No,0.00,0.00,
Yuki T.,TM51443341,Line Cook,Main Dining,2026-02-23,2026-02-23 10:01:00,2026-02-23 18:31:00,8.50,8.00,8.00,0.00,21.00,168.00,2026-02-23 14:01:00,2026-02-23 14:31:00,No,0.00,0.00,
Carlos P.,TM56083763,Line Cook,Main Dining,2026-02-23,2026-02-23 10:26:00,2026-02-23 18:27:00,8.02,7.52,7.52,0.00,22.00,165.37,2026-02-23 14:26:00,2026-02-23 14:56:00,No,0.00,0.00,
Alex N.,TM49909512,Dishwasher,Main Dining,2026-02-23,2026-02-23 11:17:00,2026-02-23 18:17:00,7.00,6.50,6.50,0.00,17.40,113.10,2026-02-23 14:17:00,2026-02-23 14:47:00,No,0.00,0.00,
Mia S.,TM96838039,Bartender,Main Dining,2026-02-23,2026-02-23 15:39:00,2026-02-23 23:14:00,7.58,7.08,7.08,0.00,19.50,138.12,2026-02-23 18:39:00,2026-02-23 19:09:00,No,22.64,59.47,
Priya K.,TM98802724,Server,Main Dining,2026-02-23,2026-02-23 16:13:00,2026-02-23 22:56:00,6.72,6.22,6.22,0.00,18.00,111.90,2026-02-23 19:13:00,2026-02-23 19:43:00,No,54.96,39.11,
Nina R.,TM48151371,Host,Main Dining,2026-02-23,2026-02-23 16:15:00,2026-02-23 22:34:00,6.32,6.32,6.32,0.00,17.40,109.91,,,,0.00,23.33,
Sarah M.,TM14419225,Server,Main Dining,2026-02-23,2026-02-23 16:27:00,2026-02-23 22:31:00,6.07,5.57,5.57,0.00,17.40,96.86,2026-02-23 19:27:00,2026-02-23 19:57:00,No,53.96,70.08,
Leo C.,TM30635868,Server,Main Dining,2026-02-23,2026-02-23 16:28:00,2026-02-23 22:45:00,6.28,5.78,5.78,0.00,17.40,100.63,2026-02-23 19:28:00,2026-02-23 19:58:00,No,0.00,63.05,
Aisha G.,TM49611645,Busser,Main Dining,2026-02-23,2026-02-23 16:34:00,2026-02-23 22:38:00,6.07,6.07,6.07,0.00,17.40,105.56,,,,0.00,16.47,
Kevin L.,TM69547599,Prep Cook,Main Dining,2026-02-24,2026-02-24 07:11:00,2026-02-24 15:27:00,8.27,7.77,7.77,0.00,18.50,143.68,2026-02-24 10:11:00,2026-02-24 10:41:00,No,0.00,0.00,
Chef Ryan D.,TM46405949,Head Chef,Main Dining,2026-02-24,2026-02-24 09:23:00,2026-02-24 22:44:00,13.35,12.85,8.00,4.85,32.00,488.80,2026-02-24 14:23:00,2026-02-24 14:53:00,No,0.00,0.00,
Derek J.,TM91387965,Line Cook,Main Dining,2026-02-24,2026-02-24 10:25:00,2026-02-24 18:37:00,8.20,7.70,7.70,0.00,20.50,157.85,2026-02-24 14:25:00,2026-02-24 14:55:00,No,0.00,0.00,
Sarah M.,TM14419225,Server,Main Dining,2026-02-24,2026-02-24 10:31:00,2026-02-24 22:34:00,12.05,11.55,8.00,3.55,17.40,231.86,2026-02-24 16:31:00,2026-02-24 17:01:00,No,59.13,77.55,
Emma W.,TM68759302,Server,Main Dining,2026-02-24,2026-02-24 10:59:00,2026-02-24 22:24:00,11.42,10.92,8.00,2.92,18.50,228.94,2026-02-24 15:59:00,2026-02-24 16:29:00,No,32.37,77.03,
Alex N.,TM49909512,Dishwasher,Main Dining,2026-02-24,2026-02-24 11:30:00,2026-02-24 18:35:00,7.08,6.58,6.58,0.00,17.40,114.55,2026-02-24 14:30:00,2026-02-24 15:00:00,No,0.00,0.00,
Sonia A.,TM56932999,Line Cook,Main Dining,2026-02-24,2026-02-24 15:01:00,2026-02-24 23:13:00,8.20,7.70,7.70,0.00,20.00,154.00,2026-02-24 19:01:00,2026-02-24 19:31:00,No,0.00,0.00,
Jake B.,TM24317175,Bartender,Main Dining,2026-02-24,2026-02-24 15:48:00,2026-02-24 23:11:00,7.38,6.88,6.88,0.00,19.00,130.78,2026-02-24 18:48:00,2026-02-24 19:18:00,No,64.87,84.97,
Nina R.,TM48151371,Host,Main Dining,2026-02-24,2026-02-24 16:05:00,2026-02-24 22:41:00,6.60,6.60,6.60,0.00,17.40,114.84,,,,0.00,10.81,
Leo C.,TM30635868,Server,Main Dining,2026-02-24,2026-02-24 16:15:00,2026-02-24 22:16:00,6.02,5.52,5.52,0.00,17.40,95.99,2026-02-24 19:15:00,2026-02-24 19:45:00,No,0.00,59.22,
Tyler H.,TM62163408,Busser,Main Dining,2026-02-24,2026-02-24 16:47:00,2026-02-24 22:55:00,6.13,6.13,6.13,0.00,17.40,106.72,,,,0.00,27.30,
Kevin L.,TM69547599,Prep Cook,Main Dining,2026-02-25,2026-02-25 07:25:00,2026-02-25 15:26:00,8.02,7.52,7.52,0.00,18.50,139.06,2026-02-25 10:25:00,2026-02-25 10:55:00,No,0.00,0.00,
Carlos P.,TM56083763,Line Cook,Main Dining,2026-02-25,2026-02-25 09:20:00,2026-02-25 17:45:00,8.42,7.92,7.92,0.00,22.00,174.17,2026-02-25 13:20:00,2026-02-25 13:50:00,No,0.00,0.00,
Chef Ryan D.,TM46405949,Head Chef,Main Dining,2026-02-25,2026-02-25 09:26:00,2026-02-25 22:35:00,13.15,12.65,8.00,4.65,32.00,479.20,2026-02-25 14:26:00,2026-02-25 14:56:00,No,0.00,0.00,
Sonia A.,TM56932999,Line Cook,Main Dining,2026-02-25,2026-02-25 10:20:00,2026-02-25 20:21:00,10.02,9.52,8.00,1.52,20.00,205.50,2026-02-25 14:20:00,2026-02-25 14:50:00,No,0.00,0.00,
James L.,TM67155487,Server,Main Dining,2026-02-25,2026-02-25 10:45:00,2026-02-25 22:03:00,11.30,10.80,8.00,2.80,17.40,212.28,2026-02-25 15:45:00,2026-02-25 16:15:00,No,0.00,66.01,
Ben Q.,TM73134278,Dishwasher,Main Dining,2026-02-25,2026-02-25 11:12:00,2026-02-25 18:17:00,7.08,6.58,6.58,0.00,17.40,114.55,2026-02-25 14:12:00,2026-02-25 14:42:00,No,0.00,0.00,
Jake B.,TM24317175,Bartender,Main Dining,2026-02-25,2026-02-25 15:32:00,2026-02-25 23:18:00,7.77,7.27,7.27,0.00,19.00,138.07,2026-02-25 18:32:00,2026-02-25 19:02:00,No,25.56,81.83,
Danny F.,TM77035090,Host,Main Dining,2026-02-25,2026-02-25 16:10:00,2026-02-25 22:19:00,6.15,6.15,6.15,0.00,17.40,107.01,,,,0.00,20.28,
Emma W.,TM68759302,Server,Main Dining,2026-02-25,2026-02-25 16:18:00,2026-02-25 22:47:00,6.48,5.98,5.98,0.00,18.50,110.69,2026-02-25 19:18:00,2026-02-25 19:48:00,No,42.08,54.02,
Marcus T.,TM68842973,Server,Main Dining,2026-02-25,2026-02-25 16:24:00,2026-02-25 22:37:00,6.22,5.72,5.72,0.00,17.40,99.47,2026-02-25 19:24:00,2026-02-25 19:54:00,No,40.43,32.84,
Tyler H.,TM62163408,Busser,Main Dining,2026-02-25,2026-02-25 16:59:00,2026-02-25 22:40:00,5.68,5.68,5.68,0.00,17.40,98.89,,,,0.00,33.76,
Kevin L.,TM69547599,Prep Cook,Main Dining,2026-02-26,2026-02-26 07:08:00,2026-02-26 14:20:00,7.20,6.70,6.70,0.00,18.50,123.95,2026-02-26 10:08:00,2026-02-26 10:38:00,No,0.00,0.00,
Carlos P.,TM56083763,Line Cook,Main Dining,2026-02-26,2026-02-26 09:01:00,2026-02-26 17:21:00,8.33,7.83,7.83,0.00,22.00,172.33,2026-02-26 13:01:00,2026-02-26 13:31:00,No,0.00,0.00,
Chef Ryan D.,TM46405949,Head Chef,Main Dining,2026-02-26,2026-02-26 09:22:00,2026-02-26 22:41:00,13.32,12.82,8.00,4.82,32.00,487.20,2026-02-26 14:22:00,2026-02-26 14:52:00,No,0.00,0.00,
Derek J.,TM91387965,Line Cook,Main Dining,2026-02-26,2026-02-26 09:23:00,2026-02-26 18:37:00,9.23,8.73,8.00,0.73,20.50,186.55,2026-02-26 13:23:00,2026-02-26 13:53:00,No,0.00,0.00,
Sonia A.,TM56932999,Line Cook,Main Dining,2026-02-26,2026-02-26 10:11:00,2026-02-26 18:29:00,8.30,7.80,7.80,0.00,20.00,156.00,2026-02-26 14:11:00,2026-02-26 14:41:00,No,0.00,0.00,
Leo C.,TM30635868,Server,Main Dining,2026-02-26,2026-02-26 10:57:00,2026-02-26 22:02:00,11.08,10.58,8.00,2.58,17.40,206.62,2026-02-26 15:57:00,2026-02-26 16:27:00,No,37.71,79.62,
Ben Q.,TM73134278,Dishwasher,Main Dining,2026-02-26,2026-02-26 11:02:00,2026-02-26 17:14:00,6.20,5.70,5.70,0.00,17.40,99.18,2026-02-26 14:02:00,2026-02-26 14:32:00,No,0.00,0.00,
Alex N.,TM49909512,Dishwasher,Main Dining,2026-02-26,2026-02-26 11:24:00,2026-02-26 17:28:00,6.07,5.57,5.57,0.00,17.40,96.86,2026-02-26 14:24:00,2026-02-26 14:54:00,No,0.00,0.00,
Jake B.,TM24317175,Bartender,Main Dining,2026-02-26,2026-02-26 15:32:00,2026-02-26 23:03:00,7.52,7.02,7.02,0.00,19.00,133.32,2026-02-26 18:32:00,2026-02-26 19:02:00,No,49.32,50.69,
Mia S.,TM96838039,Bartender,Main Dining,2026-02-26,2026-02-26 15:54:00,2026-02-26 23:15:00,7.35,6.85,6.85,0.00,19.50,133.57,2026-02-26 18:54:00,2026-02-26 19:24:00,No,36.65,59.02,
Marcus T.,TM68842973,Server,Main Dining,2026-02-26,2026-02-26 16:15:00,2026-02-26 22:29:00,6.23,5.73,5.73,0.00,17.40,99.76,2026-02-26 19:15:00,2026-02-26 19:45:00,No,21.20,58.20,
Priya K.,TM98802724,Server,Main Dining,2026-02-26,2026-02-26 16:21:00,2026-02-26 22:16:00,5.92,5.92,5.92,0.00,18.00,106.50,2026-02-26 18:21:00,2026-02-26 18:21:00,No,0.00,47.56,
Emma W.,TM68759302,Server,Main Dining,2026-02-26,2026-02-26 16:23:00,2026-02-26 22:41:00,6.30,5.80,5.80,0.00,18.50,107.30,2026-02-26 19:23:00,2026-02-26 19:53:00,No,0.00,38.12,
Nina R.,TM48151371,Host,Main Dining,2026-02-26,2026-02-26 16:27:00,2026-02-26 22:26:00,5.98,5.98,5.98,0.00,17.40,104.11,,,,0.00,14.45,
Aisha G.,TM49611645,Busser,Main Dining,2026-02-26,2026-02-26 16:52:00,2026-02-26 22:57:00,6.08,6.08,6.08,0.00,17.40,105.85,,,,0.00,19.76,
Tyler H.,TM62163408,Busser,Main Dining,2026-02-26,2026-02-26 16:59:00,2026-02-26 22:58:00,5.98,5.98,5.98,0.00,17.40,104.11,,,,0.00,23.87,
Kevin L.,TM69547599,Prep Cook,Main Dining,2026-02-27,2026-02-27 07:06:00,2026-02-27 14:32:00,7.43,6.93,6.93,0.00,18.50,128.27,2026-02-27 10:06:00,2026-02-27 10:36:00,No,0.00,0.00,
Maria V.,TM94119202,Prep Cook,Main Dining,2026-02-27,2026-02-27 07:14:00,2026-02-27 14:23:00,7.15,6.65,6.65,0.00,18.00,119.70,2026-02-27 10:14:00,2026-02-27 10:44:00,No,0.00,0.00,
Yuki T.,TM51443341,Line Cook,Main Dining,2026-02-27,2026-02-27 09:02:00,2026-02-27 17:14:00,8.20,7.70,7.70,0.00,21.00,161.70,2026-02-27 13:02:00,2026-02-27 13:32:00,No,0.00,0.00,
Chef Ryan D.,TM46405949,Head Chef,Main Dining,2026-02-27,2026-02-27 09:19:00,2026-02-27 22:18:00,12.98,12.48,8.00,4.48,32.00,471.20,2026-02-27 14:19:00,2026-02-27 14:49:00,No,0.00,0.00,
Priya K.,TM98802724,Server,Main Dining,2026-02-27,2026-02-27 10:43:00,2026-02-27 22:17:00,11.57,11.07,8.00,3.07,18.00,226.80,2026-02-27 15:43:00,2026-02-27 16:13:00,No,0.00,54.45,
Sarah M.,TM14419225,Server,Main Dining,2026-02-27,2026-02-27 10:55:00,2026-02-27 22:34:00,11.65,11.15,8.00,3.15,17.40,221.41,2026-02-27 15:55:00,2026-02-27 16:25:00,No,0.00,79.76,
Carlos P.,TM56083763,Line Cook,Main Dining,2026-02-27,2026-02-27 15:07:00,2026-02-28 00:19:00,9.20,8.70,8.00,0.70,22.00,199.10,2026-02-27 19:07:00,2026-02-27 19:37:00,No,0.00,0.00,
Sonia A.,TM56932999,Line Cook,Main Dining,2026-02-27,2026-02-27 15:19:00,2026-02-27 23:34:00,8.25,7.75,7.75,0.00,20.00,155.00,2026-02-27 19:19:00,2026-02-27 19:49:00,No,0.00,0.00,
Derek J.,TM91387965,Line Cook,Main Dining,2026-02-27,2026-02-27 15:23:00,2026-02-28 01:50:00,10.45,9.95,8.00,1.95,20.50,223.96,2026-02-27 19:23:00,2026-02-27 19:53:00,No,0.00,0.00,
Jake B.,TM24317175,Bartender,Main Dining,2026-02-27,2026-02-27 15:42:00,2026-02-27 23:04:00,7.37,6.87,6.87,0.00,19.00,130.47,2026-02-27 18:42:00,2026-02-27 19:12:00,No,31.97,75.26,
Mia S.,TM96838039,Bartender,Main Dining,2026-02-27,2026-02-27 15:42:00,2026-02-27 23:11:00,7.48,6.98,6.98,0.00,19.50,136.18,2026-02-27 18:42:00,2026-02-27 19:12:00,No,63.94,81.10,
Nina R.,TM48151371,Host,Main Dining,2026-02-27,2026-02-27 16:03:00,2026-02-27 22:19:00,6.27,6.27,6.27,0.00,17.40,109.04,,,,0.00,18.91,
Alex N.,TM49909512,Dishwasher,Main Dining,2026-02-27,2026-02-27 16:04:00,2026-02-27 22:31:00,6.45,5.95,5.95,0.00,17.40,103.53,2026-02-27 19:04:00,2026-02-27 19:34:00,No,0.00,0.00,
Ben Q.,TM73134278,Dishwasher,Main Dining,2026-02-27,2026-02-27 16:10:00,2026-02-28 00:17:00,8.12,7.62,7.62,0.00,17.40,132.53,2026-02-27 19:10:00,2026-02-27 19:40:00,No,0.00,0.00,
Leo C.,TM30635868,Server,Main Dining,2026-02-27,2026-02-27 16:14:00,2026-02-27 22:56:00,6.70,6.20,6.20,0.00,17.40,107.88,2026-02-27 19:14:00,2026-02-27 19:44:00,No,0.00,52.28,
Emma W.,TM68759302,Server,Main Dining,2026-02-27,2026-02-27 16:17:00,2026-02-27 22:26:00,6.15,5.65,5.65,0.00,18.50,104.53,2026-02-27 19:17:00,2026-02-27 19:47:00,No,31.93,39.55,
Danny F.,TM77035090,Host,Main Dining,2026-02-27,2026-02-27 16:17:00,2026-02-27 22:21:00,6.07,6.07,6.07,0.00,17.40,105.56,,,,0.00,18.43,
Marcus T.,TM68842973,Server,Main Dining,2026-02-27,2026-02-27 16:29:00,2026-02-27 22:41:00,6.20,5.70,5.70,0.00,17.40,99.18,2026-02-27 19:29:00,2026-02-27 19:59:00,No,35.48,72.91,
Tyler H.,TM62163408,Busser,Main Dining,2026-02-27,2026-02-27 16:31:00,2026-02-27 22:34:00,6.05,6.05,6.05,0.00,17.40,105.27,,,,0.00,17.59,
Aisha G.,TM49611645,Busser,Main Dining,2026-02-27,2026-02-27 16:43:00,2026-02-27 22:45:00,6.03,6.03,6.03,0.00,17.40,104.98,,,,0.00,26.29,
Kevin L.,TM69547599,Prep Cook,Main Dining,2026-02-28,2026-02-28 07:03:00,2026-02-28 13:23:00,6.33,5.83,5.83,0.00,18.50,107.92,2026-02-28 10:03:00,2026-02-28 10:33:00,No,0.00,0.00,
Maria V.,TM94119202,Prep Cook,Main Dining,2026-02-28,2026-02-28 07:17:00,2026-02-28 15:38:00,8.35,7.85,7.85,0.00,18.00,141.30,2026-02-28 10:17:00,2026-02-28 10:47:00,No,0.00,0.00,
Chef Ryan D.,TM46405949,Head Chef,Main Dining,2026-02-28,2026-02-28 09:16:00,2026-02-28 22:14:00,12.97,12.47,8.00,4.47,32.00,470.40,2026-02-28 14:16:00,2026-02-28 14:46:00,No,0.00,0.00,
Derek J.,TM91387965,Line Cook,Main Dining,2026-02-28,2026-02-28 10:09:00,2026-02-28 19:38:00,9.48,8.98,8.00,0.98,20.50,194.24,2026-02-28 14:09:00,2026-02-28 14:39:00,No,0.00,0.00,
Yuki T.,TM51443341,Line Cook,Main Dining,2026-02-28,2026-02-28 10:14:00,2026-02-28 19:42:00,9.47,8.97,8.00,0.97,21.00,198.45,2026-02-28 14:14:00,2026-02-28 14:44:00,No,0.00,0.00,
Leo C.,TM30635868,Server,Main Dining,2026-02-28,2026-02-28 10:41:00,2026-02-28 22:29:00,11.80,11.30,8.00,3.30,17.40,225.33,2026-02-28 15:41:00,2026-02-28 16:11:00,No,0.00,68.68,
Sarah M.,TM14419225,Server,Main Dining,2026-02-28,2026-02-28 10:42:00,2026-02-28 22:43:00,12.02,11.52,8.00,3.52,17.40,230.99,2026-02-28 16:42:00,2026-02-28 17:12:00,No,19.07,39.31,
Marcus T.,TM68842973,Server,Main Dining,2026-02-28,2026-02-28 10:43:00,2026-02-28 22:33:00,11.83,11.33,8.00,3.33,17.40,226.20,2026-02-28 15:43:00,2026-02-28 16:13:00,No,20.84,60.48,
James L.,TM67155487,Server,Main Dining,2026-02-28,2026-02-28 10:50:00,2026-02-28 22:40:00,11.83,11.33,8.00,3.33,17.40,226.20,2026-02-28 15:50:00,2026-02-28 16:20:00,No,0.00,60.34,
Emma W.,TM68759302,Server,Main Dining,2026-02-28,2026-02-28 10:59:00,2026-02-28 22:24:00,11.42,10.92,8.00,2.92,18.50,228.94,2026-02-28 15:59:00,2026-02-28 16:29:00,No,0.00,71.16,
Alex N.,TM49909512,Dishwasher,Main Dining,2026-02-28,2026-02-28 11:15:00,2026-02-28 18:21:00,7.10,6.60,6.60,0.00,17.40,114.84,2026-02-28 14:15:00,2026-02-28 14:45:00,No,0.00,0.00,
Ben Q.,TM73134278,Dishwasher,Main Dining,2026-02-28,2026-02-28 11:22:00,2026-02-28 19:49:00,8.45,7.95,7.95,0.00,17.40,138.33,2026-02-28 14:22:00,2026-02-28 14:52:00,No,0.00,0.00,
Sonia A.,TM56932999,Line Cook,Main Dining,2026-02-28,2026-02-28 14:03:00,2026-02-28 22:03:00,8.00,7.50,7.50,0.00,20.00,150.00,2026-02-28 18:03:00,2026-02-28 18:33:00,No,0.00,0.00,
Carlos P.,TM56083763,Line Cook,Main Dining,2026-02-28,2026-02-28 14:18:00,2026-02-28 23:42:00,9.40,8.90,8.00,0.90,22.00,205.70,2026-02-28 18:18:00,2026-02-28 18:48:00,No,0.00,0.00,
Jake B.,TM24317175,Bartender,Main Dining,2026-02-28,2026-02-28 15:31:00,2026-02-28 23:10:00,7.65,7.15,7.15,0.00,19.00,135.85,2026-02-28 18:31:00,2026-02-28 19:01:00,No,31.10,81.59,
Mia S.,TM96838039,Bartender,Main Dining,2026-02-28,2026-02-28 15:51:00,2026-02-28 23:29:00,7.63,7.13,7.13,0.00,19.50,139.10,2026-02-28 18:51:00,2026-02-28 19:21:00,No,54.66,77.54,
Nina R.,TM48151371,Host,Main Dining,2026-02-28,2026-02-28 16:06:00,2026-02-28 22:26:00,6.33,6.33,6.33,0.00,17.40,110.20,,,,0.00,21.26,
Danny F.,TM77035090,Host,Main Dining,2026-02-28,2026-02-28 16:27:00,2026-02-28 22:32:00,6.08,6.08,6.08,0.00,17.40,105.85,,,,0.00,15.51,
Tyler H.,TM62163408,Busser,Main Dining,2026-02-28,2026-02-28 16:40:00,2026-02-28 22:33:00,5.88,5.88,5.88,0.00,17.40,102.37,,,,0.00,32.31,
Aisha G.,TM49611645,Busser,Main Dining,2026-02-28,2026-02-28 16:42:00,2026-02-28 22:33:00,5.85,5.85,5.85,0.00,17.40,101.79,,,,0.00,16.45,
