Shift_ID,User_ID,Employee_Name,Role,User_Group,Location_ID,Date,Clock_In,Clock_Out,Total_Hours,Paid_Hours,Regular_Hours,Overtime_Hours,Hourly_Rate,Labor_Cost,Break_Start,Break_End,Break_Paid,Declared_Cash_Tips,Pooled_Tips,Timecard_Notes
SH-00001,U-1001,Sarah M.,Server,FOH,LOC-001,2026-03-01,2026-03-01 11:02:00,2026-03-01 15:07:00,4.08,4.08,4.08,0.00,18.50,75.48,,,,40.61,103.23,
SH-00002,U-1002,James L.,Server,FOH,LOC-001,2026-03-01,2026-03-01 11:05:00,2026-03-01 15:15:00,4.17,4.17,4.17,0.00,18.00,75.06,,,,48.66,92.87,
SH-00003,U-1003,Mika T.,Server,FOH,LOC-001,2026-03-01,2026-03-01 11:13:00,2026-03-01 15:23:00,4.17,4.17,4.17,0.00,18.50,77.14,,,,50.16,92.57,
SH-00004,U-1004,Priya S.,Server,FOH,LOC-001,2026-03-01,2026-03-01 11:04:00,2026-03-01 15:01:00,3.95,3.95,3.95,0.00,18.00,71.10,,,,16.45,97.60,
SH-00005,U-1005,Dylan R.,Server,FOH,LOC-001,2026-03-01,2026-03-01 16:30:00,2026-03-01 22:25:00,5.92,5.42,5.42,0.00,17.40,94.31,2026-03-01 21:09:55,2026-03-01 21:39:55,No,54.42,79.87,
SH-00006,U-1006,Olivia C.,Server,FOH,LOC-001,2026-03-01,2026-03-01 16:59:00,2026-03-01 22:36:00,5.62,5.12,5.12,0.00,17.40,89.09,2026-03-01 20:59:13,2026-03-01 21:29:13,No,34.07,44.11,
SH-00007,U-1007,Aiden W.,Host,FOH,LOC-001,2026-03-01,2026-03-01 17:00:00,2026-03-01 22:30:00,5.50,5.00,5.00,0.00,17.40,87.00,2026-03-01 21:02:34,2026-03-01 21:32:34,No,,13.75,
SH-00008,U-1008,Chloe N.,Host,FOH,LOC-001,2026-03-01,2026-03-01 11:00:00,2026-03-01 15:00:00,4.00,4.00,4.00,0.00,17.40,69.60,,,,,16.57,
SH-00009,U-1009,Marcus B.,Bartender,FOH,LOC-001,2026-03-01,2026-03-01 16:00:00,2026-03-01 23:05:00,7.08,6.58,6.58,0.00,19.50,128.31,2026-03-01 20:38:42,2026-03-01 21:08:42,No,56.31,23.86,
SH-00010,U-1010,Yuki H.,Bartender,FOH,LOC-001,2026-03-01,2026-03-01 16:00:00,2026-03-01 23:22:00,7.37,6.87,6.87,0.00,19.00,130.53,2026-03-01 19:56:12,2026-03-01 20:26:12,No,58.51,61.36,
SH-00011,U-2001,Chef Tanaka,Head Chef,BOH,LOC-001,2026-03-01,2026-03-01 09:00:00,2026-03-01 22:30:00,13.50,13.00,8.00,5.00,34.00,527.00,2026-03-01 12:19:46,2026-03-01 12:49:46,No,,,
SH-00012,U-2002,Carlos G.,Line Cook,BOH,LOC-001,2026-03-01,2026-03-01 15:36:00,2026-03-01 23:08:00,7.53,7.03,7.03,0.00,22.00,154.66,2026-03-01 18:49:00,2026-03-01 19:19:00,No,,,
SH-00013,U-2003,Nina P.,Line Cook,BOH,LOC-001,2026-03-01,2026-03-01 15:57:00,2026-03-01 23:10:00,7.22,6.72,6.72,0.00,21.00,141.12,2026-03-01 19:00:21,2026-03-01 19:30:21,No,,,
SH-00014,U-2004,Ben K.,Line Cook,BOH,LOC-001,2026-03-01,2026-03-01 15:32:00,2026-03-01 23:06:00,7.57,7.07,7.07,0.00,20.50,144.94,2026-03-01 19:43:39,2026-03-01 20:13:39,No,,,
SH-00015,U-2005,Rosa V.,Line Cook,BOH,LOC-001,2026-03-01,2026-03-01 10:17:00,2026-03-01 16:30:00,6.22,5.72,5.72,0.00,20.00,114.33,2026-03-01 14:33:36,2026-03-01 15:03:36,No,,,
SH-00016,U-2006,Sam T.,Prep Cook,BOH,LOC-001,2026-03-01,2026-03-01 08:18:00,2026-03-01 16:18:00,8.00,7.50,7.50,0.00,18.50,138.75,2026-03-01 11:23:23,2026-03-01 11:53:23,No,,,
SH-00017,U-2007,Jade L.,Prep Cook,BOH,LOC-001,2026-03-01,2026-03-01 08:15:00,2026-03-01 16:01:00,7.77,7.27,7.27,0.00,18.00,130.86,2026-03-01 11:20:45,2026-03-01 11:50:45,No,,,
SH-00018,U-2008,Omar H.,Dishwasher,BOH,LOC-001,2026-03-01,2026-03-01 10:30:00,2026-03-01 15:30:00,5.00,5.00,5.00,0.00,17.40,87.00,,,,,,
SH-00019,U-1001,Sarah M.,Server,FOH,LOC-001,2026-03-02,2026-03-02 16:35:00,2026-03-02 22:12:00,5.62,5.12,5.12,0.00,18.50,94.72,2026-03-02 20:49:31,2026-03-02 21:19:31,No,41.39,92.76,
SH-00020,U-1002,James L.,Server,FOH,LOC-001,2026-03-02,2026-03-02 16:53:00,2026-03-02 22:14:00,5.35,4.85,4.85,0.00,18.00,87.30,2026-03-02 21:33:08,2026-03-02 22:03:08,No,50.13,80.17,
SH-00021,U-1003,Mika T.,Server,FOH,LOC-001,2026-03-02,2026-03-02 16:40:00,2026-03-02 22:41:00,6.02,5.52,5.52,0.00,18.50,102.12,2026-03-02 20:24:15,2026-03-02 20:54:15,No,16.64,46.93,
SH-00022,U-1004,Priya S.,Server,FOH,LOC-001,2026-03-02,2026-03-02 16:30:00,2026-03-02 22:42:00,6.20,5.70,5.70,0.00,18.00,102.60,2026-03-02 21:22:04,2026-03-02 21:52:04,No,33.70,105.38,
SH-00023,U-1005,Dylan R.,Server,FOH,LOC-001,2026-03-02,2026-03-02 16:57:00,2026-03-02 22:29:00,5.53,5.03,5.03,0.00,17.40,87.52,2026-03-02 20:07:13,2026-03-02 20:37:13,No,41.76,80.53,
SH-00024,U-1006,Olivia C.,Server,FOH,LOC-001,2026-03-02,2026-03-02 11:04:00,2026-03-02 15:15:00,4.18,4.18,4.18,0.00,17.40,72.73,,,,59.83,95.33,
SH-00025,U-1007,Aiden W.,Host,FOH,LOC-001,2026-03-02,2026-03-02 11:00:00,2026-03-02 15:00:00,4.00,4.00,4.00,0.00,17.40,69.60,,,,,10.97,
SH-00026,U-1008,Chloe N.,Host,FOH,LOC-001,2026-03-02,2026-03-02 17:00:00,2026-03-02 22:30:00,5.50,5.00,5.00,0.00,17.40,87.00,2026-03-02 20:38:02,2026-03-02 21:08:02,No,,34.66,
SH-00028,U-2002,Carlos G.,Line Cook,BOH,LOC-001,2026-03-02,2026-03-02 10:27:00,2026-03-02 15:33:00,5.10,4.60,4.60,0.00,22.00,101.20,2026-03-02 13:33:35,2026-03-02 14:03:35,No,,,
SH-00029,U-2003,Nina P.,Line Cook,BOH,LOC-001,2026-03-02,2026-03-02 15:34:00,2026-03-02 23:22:00,7.80,7.30,7.30,0.00,21.00,153.30,2026-03-02 19:04:59,2026-03-02 19:34:59,No,,,
SH-00030,U-2004,Ben K.,Line Cook,BOH,LOC-001,2026-03-02,2026-03-02 10:10:00,2026-03-02 15:57:00,5.78,5.28,5.28,0.00,20.50,108.24,2026-03-02 13:59:26,2026-03-02 14:29:26,No,,,
SH-00031,U-2005,Rosa V.,Line Cook,BOH,LOC-001,2026-03-02,2026-03-02 15:32:00,2026-03-02 23:15:00,7.72,7.22,7.22,0.00,20.00,144.40,2026-03-02 19:09:00,2026-03-02 19:39:00,No,,,
SH-00032,U-2006,Sam T.,Prep Cook,BOH,LOC-001,2026-03-02,2026-03-02 08:00:00,2026-03-02 16:00:00,8.00,7.50,7.50,0.00,18.50,138.75,2026-03-02 12:57:45,2026-03-02 13:27:45,No,,,
SH-00033,U-1001,Sarah M.,Server,FOH,LOC-001,2026-03-03,2026-03-03 11:03:00,2026-03-03 15:17:00,4.23,4.23,4.23,0.00,18.50,78.26,,,,47.82,89.73,
SH-00034,U-1002,James L.,Server,FOH,LOC-001,2026-03-03,2026-03-03 16:35:00,2026-03-03 22:19:00,5.73,5.23,5.23,0.00,18.00,94.14,2026-03-03 20:28:39,2026-03-03 20:58:39,No,23.49,98.44,
SH-00035,U-1003,Mika T.,Server,FOH,LOC-001,2026-03-03,2026-03-03 16:50:00,2026-03-03 22:00:00,5.17,4.67,4.67,0.00,18.50,86.39,2026-03-03 20:00:52,2026-03-03 20:30:52,No,50.68,52.11,
SH-00036,U-1004,Priya S.,Server,FOH,LOC-001,2026-03-03,2026-03-03 11:09:00,2026-03-03 15:18:00,4.15,4.15,4.15,0.00,18.00,74.70,,,,41.73,100.93,
SH-00037,U-1005,Dylan R.,Server,FOH,LOC-001,2026-03-03,2026-03-03 16:50:00,2026-03-03 22:26:00,5.60,5.10,5.10,0.00,17.40,88.74,2026-03-03 20:37:19,2026-03-03 21:07:19,No,34.95,42.09,
SH-00038,U-1006,Olivia C.,Server,FOH,LOC-001,2026-03-03,2026-03-03 11:08:00,2026-03-03 15:29:00,4.35,4.35,4.35,0.00,17.40,75.69,,,,30.42,105.52,
SH-00039,U-1007,Aiden W.,Host,FOH,LOC-001,2026-03-03,2026-03-03 17:00:00,2026-03-03 22:30:00,5.50,5.00,5.00,0.00,17.40,87.00,2026-03-03 20:43:21,2026-03-03 21:13:21,No,,12.00,
SH-00040,U-1008,Chloe N.,Host,FOH,LOC-001,2026-03-03,2026-03-03 17:00:00,2026-03-03 23:21:00,6.35,5.85,5.85,0.00,17.40,101.79,2026-03-03 21:17:38,2026-03-03 21:47:38,No,,12.25,
SH-00041,U-2001,Chef Tanaka,Head Chef,BOH,LOC-001,2026-03-03,2026-03-03 09:00:00,2026-03-03 22:30:00,13.50,13.00,8.00,5.00,34.00,527.00,2026-03-03 13:28:28,2026-03-03 13:58:28,No,,,
SH-00042,U-2002,Carlos G.,Line Cook,BOH,LOC-001,2026-03-03,2026-03-03 10:11:00,2026-03-03 15:54:00,5.72,5.22,5.22,0.00,22.00,114.84,2026-03-03 13:35:05,2026-03-03 14:05:05,No,,,
SH-00043,U-2003,Nina P.,Line Cook,BOH,LOC-001,2026-03-03,2026-03-03 10:09:00,2026-03-03 15:56:00,5.78,5.28,5.28,0.00,21.00,110.88,2026-03-03 14:04:38,2026-03-03 14:34:38,No,,,
SH-00044,U-2004,Ben K.,Line Cook,BOH,LOC-001,2026-03-03,2026-03-03 15:42:00,2026-03-04 01:24:00,9.70,9.20,8.00,1.20,20.50,200.90,2026-03-03 18:42:41,2026-03-03 19:12:41,No,,,
SH-00045,U-2005,Rosa V.,Line Cook,BOH,LOC-001,2026-03-03,2026-03-03 15:34:00,2026-03-04 00:20:00,8.77,8.27,8.00,0.27,20.00,168.10,2026-03-03 19:32:18,2026-03-03 20:02:18,No,,,
SH-00046,U-2006,Sam T.,Prep Cook,BOH,LOC-001,2026-03-03,2026-03-03 08:12:00,2026-03-03 16:03:00,7.85,7.35,7.35,0.00,18.50,135.97,2026-03-03 13:02:48,2026-03-03 13:32:48,No,,,
SH-00047,U-1001,Sarah M.,Server,FOH,LOC-001,2026-03-04,2026-03-04 11:12:00,2026-03-04 15:27:00,4.25,4.25,4.25,0.00,18.50,78.62,,,,26.42,109.72,
SH-00048,U-1002,James L.,Server,FOH,LOC-001,2026-03-04,2026-03-04 16:39:00,2026-03-04 22:34:00,5.92,5.42,5.42,0.00,18.00,97.56,2026-03-04 20:36:27,2026-03-04 21:06:27,No,26.04,40.48,
SH-00049,U-1003,Mika T.,Server,FOH,LOC-001,2026-03-04,2026-03-04 16:54:00,2026-03-04 22:33:00,5.65,5.15,5.15,0.00,18.50,95.28,2026-03-04 21:27:59,2026-03-04 21:57:59,No,31.29,116.68,
SH-00050,U-1004,Priya S.,Server,FOH,LOC-001,2026-03-04,2026-03-04 16:46:00,2026-03-04 22:00:00,5.23,4.73,4.73,0.00,18.00,85.14,2026-03-04 20:24:52,2026-03-04 20:54:52,No,33.46,119.40,
SH-00051,U-1005,Dylan R.,Server,FOH,LOC-001,2026-03-04,2026-03-04 16:41:00,2026-03-04 22:21:00,5.67,5.17,5.17,0.00,17.40,89.96,2026-03-04 21:17:05,2026-03-04 21:47:05,No,53.68,115.61,
SH-00052,U-1006,Olivia C.,Server,FOH,LOC-001,2026-03-04,2026-03-04 16:50:00,2026-03-04 23:14:12,6.40,5.90,5.90,0.00,17.40,102.72,2026-03-04 20:55:19,2026-03-04 21:25:19,No,25.29,83.11,
SH-00053,U-1007,Aiden W.,Host,FOH,LOC-001,2026-03-04,2026-03-04 11:00:00,2026-03-04 15:00:00,4.00,4.00,4.00,0.00,17.40,69.60,,,,,36.63,
SH-00054,U-1008,Chloe N.,Host,FOH,LOC-001,2026-03-04,2026-03-04 17:00:00,2026-03-04 22:30:00,5.50,5.00,5.00,0.00,17.40,87.00,2026-03-04 20:04:06,2026-03-04 20:34:06,No,,28.64,
SH-00055,U-2001,Chef Tanaka,Head Chef,BOH,LOC-001,2026-03-04,2026-03-04 09:00:00,2026-03-04 22:30:00,13.50,13.00,8.00,5.00,34.00,527.00,2026-03-04 13:26:02,2026-03-04 13:56:02,No,,,
SH-00056,U-2002,Carlos G.,Line Cook,BOH,LOC-001,2026-03-04,2026-03-04 10:13:00,2026-03-04 15:59:00,5.77,5.27,5.27,0.00,22.00,115.94,2026-03-04 13:38:03,2026-03-04 14:08:03,No,,,
SH-00057,U-2003,Nina P.,Line Cook,BOH,LOC-001,2026-03-04,2026-03-04 15:34:00,2026-03-04 23:17:00,7.72,7.22,7.22,0.00,21.00,151.62,2026-03-04 20:11:19,2026-03-04 20:41:19,No,,,
SH-00058,U-2004,Ben K.,Line Cook,BOH,LOC-001,2026-03-04,2026-03-04 15:35:00,2026-03-04 23:29:00,7.90,7.40,7.40,0.00,20.50,151.70,2026-03-04 20:21:15,2026-03-04 20:51:15,No,,,
SH-00059,U-2005,Rosa V.,Line Cook,BOH,LOC-001,2026-03-04,2026-03-04 15:52:00,2026-03-04 23:02:00,7.17,6.67,6.67,0.00,20.00,133.40,2026-03-04 19:22:11,2026-03-04 19:52:11,No,,,
SH-00060,U-2006,Sam T.,Prep Cook,BOH,LOC-001,2026-03-04,2026-03-04 08:09:00,2026-03-04 16:18:00,8.15,7.65,7.65,0.00,18.50,141.53,2026-03-04 11:52:28,2026-03-04 12:22:28,No,,,
SH-00061,U-1001,Sarah M.,Server,FOH,LOC-001,2026-03-05,2026-03-05 16:44:00,2026-03-05 22:15:00,5.52,5.02,5.02,0.00,18.50,92.87,2026-03-05 21:35:34,2026-03-05 22:05:34,No,23.43,32.32,
SH-00062,U-1002,James L.,Server,FOH,LOC-001,2026-03-05,2026-03-05 16:47:00,2026-03-05 22:15:00,5.47,4.97,4.97,0.00,18.00,89.46,2026-03-05 20:02:39,2026-03-05 20:32:39,No,19.05,44.19,
SH-00063,U-1003,Mika T.,Server,FOH,LOC-001,2026-03-05,2026-03-05 16:38:00,2026-03-05 22:01:00,5.38,4.88,4.88,0.00,18.50,90.28,2026-03-05 20:29:15,2026-03-05 20:59:15,No,32.25,32.79,
SH-00064,U-1004,Priya S.,Server,FOH,LOC-001,2026-03-05,2026-03-05 16:49:00,2026-03-05 22:02:00,5.22,4.72,4.72,0.00,18.00,84.96,2026-03-05 20:32:39,2026-03-05 21:02:39,No,16.87,58.33,
SH-00065,U-1005,Dylan R.,Server,FOH,LOC-001,2026-03-05,2026-03-05 11:15:00,2026-03-05 15:20:00,4.08,4.08,4.08,0.00,17.40,70.99,,,,27.29,115.59,
SH-00066,U-1006,Olivia C.,Server,FOH,LOC-001,2026-03-05,2026-03-05 16:53:00,2026-03-05 22:05:00,5.20,4.70,4.70,0.00,17.40,81.78,2026-03-05 20:48:18,2026-03-05 21:18:18,No,27.22,61.65,
SH-00067,U-1007,Aiden W.,Host,FOH,LOC-001,2026-03-05,2026-03-05 17:00:00,2026-03-05 22:30:00,5.50,5.00,5.00,0.00,17.40,87.00,2026-03-05 20:52:47,2026-03-05 21:22:47,No,,25.31,
SH-00068,U-1008,Chloe N.,Host,FOH,LOC-001,2026-03-05,2026-03-05 11:00:00,2026-03-05 15:00:00,4.00,4.00,4.00,0.00,17.40,69.60,,,,,29.72,
SH-00069,U-1009,Marcus B.,Bartender,FOH,LOC-001,2026-03-05,2026-03-05 16:00:00,2026-03-05 23:05:00,7.08,6.58,6.58,0.00,19.50,128.31,2026-03-05 20:47:18,2026-03-05 21:17:18,No,35.28,22.80,
SH-00070,U-1010,Yuki H.,Bartender,FOH,LOC-001,2026-03-05,2026-03-05 16:00:00,2026-03-06 00:50:00,8.83,8.33,8.00,0.33,19.00,161.41,2026-03-05 20:19:13,2026-03-05 20:49:13,No,52.58,24.01,
SH-00071,U-2001,Chef Tanaka,Head Chef,BOH,LOC-001,2026-03-05,2026-03-05 09:00:00,2026-03-05 22:30:00,13.50,13.00,8.00,5.00,34.00,527.00,2026-03-05 12:29:34,2026-03-05 12:59:34,No,,,
SH-00072,U-2002,Carlos G.,Line Cook,BOH,LOC-001,2026-03-05,2026-03-05 15:48:00,2026-03-05 23:01:00,7.22,6.72,6.72,0.00,22.00,147.84,2026-03-05 20:37:40,2026-03-05 21:07:40,No,,,
SH-00073,U-2003,Nina P.,Line Cook,BOH,LOC-001,2026-03-05,2026-03-05 15:57:00,2026-03-05 23:08:00,7.18,6.68,6.68,0.00,21.00,140.28,2026-03-05 20:35:30,2026-03-05 21:05:30,No,,,
SH-00074,U-2004,Ben K.,Line Cook,BOH,LOC-001,2026-03-05,2026-03-05 10:25:00,2026-03-05 15:52:00,5.45,4.95,4.95,0.00,20.50,101.48,2026-03-05 14:13:15,2026-03-05 14:43:15,No,,,
SH-00075,U-2005,Rosa V.,Line Cook,BOH,LOC-001,2026-03-05,2026-03-05 15:48:00,2026-03-05 23:27:00,7.65,7.15,7.15,0.00,20.00,143.00,2026-03-05 19:28:35,2026-03-05 19:58:35,No,,,
SH-00076,U-2006,Sam T.,Prep Cook,BOH,LOC-001,2026-03-05,2026-03-05 08:12:00,2026-03-05 16:23:00,8.18,7.68,7.68,0.00,18.50,142.08,2026-03-05 11:15:28,2026-03-05 11:45:28,No,,,
SH-00077,U-2007,Jade L.,Prep Cook,BOH,LOC-001,2026-03-05,2026-03-05 08:18:00,2026-03-05 16:04:00,7.77,7.27,7.27,0.00,18.00,130.86,2026-03-05 12:52:49,2026-03-05 13:22:49,No,,,
SH-00078,U-1001,Sarah M.,Server,FOH,LOC-001,2026-03-06,2026-03-06 16:51:00,2026-03-06 22:07:00,5.27,4.77,4.77,0.00,18.50,88.24,2026-03-06 21:34:33,2026-03-06 22:04:33,No,38.02,30.62,
SH-00079,U-1002,James L.,Server,FOH,LOC-001,2026-03-06,2026-03-06 11:00:00,2026-03-06 15:10:00,4.17,4.17,4.17,0.00,18.00,75.06,,,,35.52,43.84,
SH-00080,U-1003,Mika T.,Server,FOH,LOC-001,2026-03-06,2026-03-06 16:57:00,2026-03-06 22:33:00,5.60,5.10,5.10,0.00,18.50,94.35,2026-03-06 21:25:20,2026-03-06 21:55:20,No,50.37,89.01,
SH-00081,U-1004,Priya S.,Server,FOH,LOC-001,2026-03-06,2026-03-06 16:31:00,2026-03-06 22:12:00,5.68,5.18,5.18,0.00,18.00,93.24,2026-03-06 19:32:12,2026-03-06 20:02:12,No,59.33,78.82,
SH-00082,U-1005,Dylan R.,Server,FOH,LOC-001,2026-03-06,2026-03-06 16:43:00,2026-03-06 22:36:00,5.88,5.38,5.38,0.00,17.40,93.61,2026-03-06 21:11:33,2026-03-06 21:41:33,No,24.23,93.68,
SH-00083,U-1006,Olivia C.,Server,FOH,LOC-001,2026-03-06,2026-03-06 16:50:00,2026-03-06 22:25:00,5.58,5.08,5.08,0.00,17.40,88.39,2026-03-06 20:10:04,2026-03-06 20:40:04,No,18.11,106.61,
SH-00084,U-1007,Aiden W.,Host,FOH,LOC-001,2026-03-06,2026-03-06 17:00:00,2026-03-06 22:30:00,5.50,5.00,5.00,0.00,17.40,87.00,2026-03-06 21:57:03,2026-03-06 22:27:03,No,,11.79,
SH-00085,U-1008,Chloe N.,Host,FOH,LOC-001,2026-03-06,2026-03-06 11:00:00,2026-03-06 15:00:00,4.00,4.00,4.00,0.00,17.40,69.60,,,,,36.84,
SH-00086,U-1009,Marcus B.,Bartender,FOH,LOC-001,2026-03-06,2026-03-06 16:00:00,2026-03-06 23:14:00,7.23,6.73,6.73,0.00,19.50,131.24,2026-03-06 20:28:03,2026-03-06 20:58:03,No,30.00,61.07,
SH-00087,U-1010,Yuki H.,Bartender,FOH,LOC-001,2026-03-06,2026-03-06 16:00:00,2026-03-06 23:19:00,7.32,6.82,6.82,0.00,19.00,129.58,2026-03-06 19:36:59,2026-03-06 20:06:59,No,29.28,47.93,
SH-00088,U-1011,Leo F.,Busser,FOH,LOC-001,2026-03-06,2026-03-06 11:07:00,2026-03-06 15:09:00,4.03,4.03,4.03,0.00,17.40,70.12,,,,,31.10,
SH-00089,U-1012,Emma D.,Busser,FOH,LOC-001,2026-03-06,2026-03-06 11:15:00,2026-03-06 15:20:00,4.08,4.08,4.08,0.00,17.40,70.99,,,,,28.47,
SH-00090,U-2001,Chef Tanaka,Head Chef,BOH,LOC-001,2026-03-06,2026-03-06 09:00:00,2026-03-06 22:30:00,13.50,13.00,8.00,5.00,34.00,527.00,2026-03-06 12:42:08,2026-03-06 13:12:08,No,,,
SH-00091,U-2002,Carlos G.,Line Cook,BOH,LOC-001,2026-03-06,2026-03-06 15:54:00,2026-03-06 23:24:00,7.50,7.00,7.00,0.00,22.00,154.00,2026-03-06 20:23:34,2026-03-06 20:53:34,No,,,
SH-00092,U-2003,Nina P.,Line Cook,BOH,LOC-001,2026-03-06,2026-03-06 10:27:00,2026-03-06 15:46:00,5.32,4.82,4.82,0.00,21.00,101.22,2026-03-06 14:27:29,2026-03-06 14:57:29,No,,,
SH-00093,U-2004,Ben K.,Line Cook,BOH,LOC-001,2026-03-06,2026-03-06 15:58:00,2026-03-06 23:16:00,7.30,6.80,6.80,0.00,20.50,139.40,2026-03-06 20:15:56,2026-03-06 20:45:56,No,,,
SH-00094,U-2005,Rosa V.,Line Cook,BOH,LOC-001,2026-03-06,2026-03-06 15:50:00,2026-03-06 23:16:00,7.43,6.93,6.93,0.00,20.00,138.60,2026-03-06 20:27:55,2026-03-06 20:57:55,No,,,
SH-00095,U-2006,Sam T.,Prep Cook,BOH,LOC-001,2026-03-06,2026-03-06 08:13:00,2026-03-06 17:00:48,8.80,8.30,8.00,0.30,18.50,156.32,2026-03-06 12:32:30,2026-03-06 13:02:30,No,,,
SH-00096,U-2007,Jade L.,Prep Cook,BOH,LOC-001,2026-03-06,2026-03-06 08:29:00,2026-03-06 16:17:00,7.80,7.30,7.30,0.00,18.00,131.40,2026-03-06 12:27:35,2026-03-06 12:57:35,No,,,
SH-00097,U-2008,Omar H.,Dishwasher,BOH,LOC-001,2026-03-06,2026-03-06 16:30:00,2026-03-06 23:00:00,6.50,6.00,6.00,0.00,17.40,104.40,2026-03-06 19:47:57,2026-03-06 20:17:57,No,,,
SH-00098,U-2009,Kai M.,Dishwasher,BOH,LOC-001,2026-03-06,2026-03-06 10:30:00,2026-03-06 15:30:00,5.00,5.00,5.00,0.00,17.40,87.00,,,,,,
SH-00099,U-1001,Sarah M.,Server,FOH,LOC-001,2026-03-07,2026-03-07 16:43:00,2026-03-07 22:42:00,5.98,5.48,5.48,0.00,18.50,101.38,2026-03-07 20:28:49,2026-03-07 20:58:49,No,57.94,62.02,
SH-00100,U-1002,James L.,Server,FOH,LOC-001,2026-03-07,2026-03-07 16:58:00,2026-03-07 22:31:00,5.55,5.05,5.05,0.00,18.00,90.90,2026-03-07 21:52:35,2026-03-07 22:22:35,No,56.03,58.55,
SH-00101,U-1003,Mika T.,Server,FOH,LOC-001,2026-03-07,2026-03-07 16:37:00,2026-03-07 22:14:00,5.62,5.12,5.12,0.00,18.50,94.72,2026-03-07 20:16:53,2026-03-07 20:46:53,No,24.53,98.93,
SH-00102,U-1004,Priya S.,Server,FOH,LOC-001,2026-03-07,2026-03-07 16:31:00,2026-03-07 22:11:00,5.67,5.17,5.17,0.00,18.00,93.06,2026-03-07 20:00:35,2026-03-07 20:30:35,No,59.64,83.29,
SH-00103,U-1005,Dylan R.,Server,FOH,LOC-001,2026-03-07,2026-03-07 16:55:00,2026-03-07 22:43:00,5.80,5.30,5.30,0.00,17.40,92.22,2026-03-07 20:01:43,2026-03-07 20:31:43,No,47.91,91.11,
SH-00104,U-1006,Olivia C.,Server,FOH,LOC-001,2026-03-07,2026-03-07 16:54:00,2026-03-07 22:06:00,5.20,4.70,4.70,0.00,17.40,81.78,2026-03-07 21:48:14,2026-03-07 22:18:14,No,57.26,109.75,
SH-00105,U-1007,Aiden W.,Host,FOH,LOC-001,2026-03-07,2026-03-07 11:00:00,2026-03-07 15:00:00,4.00,4.00,4.00,0.00,17.40,69.60,,,,,37.04,
SH-00106,U-1008,Chloe N.,Host,FOH,LOC-001,2026-03-07,2026-03-07 11:00:00,2026-03-07 15:00:00,4.00,4.00,4.00,0.00,17.40,69.60,,,,,14.64,
SH-00107,U-1009,Marcus B.,Bartender,FOH,LOC-001,2026-03-07,2026-03-07 16:00:00,2026-03-07 23:17:00,7.28,6.78,6.78,0.00,19.50,132.21,2026-03-07 19:04:19,2026-03-07 19:34:19,No,56.82,27.91,
SH-00108,U-1010,Yuki H.,Bartender,FOH,LOC-001,2026-03-07,2026-03-07 16:00:00,2026-03-07 23:08:00,7.13,6.63,6.63,0.00,19.00,125.97,2026-03-07 20:18:50,2026-03-07 20:48:50,No,39.66,25.79,
SH-00109,U-1011,Leo F.,Busser,FOH,LOC-001,2026-03-07,2026-03-07 16:37:00,2026-03-07 22:28:00,5.85,5.35,5.35,0.00,17.40,93.09,2026-03-07 19:55:08,2026-03-07 20:25:08,No,,35.53,
SH-00110,U-1012,Emma D.,Busser,FOH,LOC-001,2026-03-07,2026-03-07 16:30:00,2026-03-07 22:04:00,5.57,5.07,5.07,0.00,17.40,88.22,2026-03-07 19:43:28,2026-03-07 20:13:28,No,,19.90,
SH-00111,U-2001,Chef Tanaka,Head Chef,BOH,LOC-001,2026-03-07,2026-03-07 09:00:00,2026-03-07 22:30:00,13.50,13.00,8.00,5.00,34.00,527.00,2026-03-07 13:23:13,2026-03-07 13:53:13,No,,,
SH-00112,U-2002,Carlos G.,Line Cook,BOH,LOC-001,2026-03-07,2026-03-07 15:45:00,2026-03-08 00:14:48,8.50,8.00,8.00,0.00,22.00,175.93,2026-03-07 19:29:12,2026-03-07 19:59:12,No,,,
SH-00113,U-2003,Nina P.,Line Cook,BOH,LOC-001,2026-03-07,2026-03-07 15:57:00,2026-03-07 23:09:00,7.20,6.70,6.70,0.00,21.00,140.70,2026-03-07 19:28:15,2026-03-07 19:58:15,No,,,
SH-00114,U-2004,Ben K.,Line Cook,BOH,LOC-001,2026-03-07,2026-03-07 15:46:00,2026-03-07 23:18:00,7.53,7.03,7.03,0.00,20.50,144.12,2026-03-07 20:44:31,2026-03-07 21:14:31,No,,,
SH-00115,U-2005,Rosa V.,Line Cook,BOH,LOC-001,2026-03-07,2026-03-07 10:03:00,2026-03-07 15:52:00,5.82,5.32,5.32,0.00,20.00,106.40,2026-03-07 13:50:49,2026-03-07 14:20:49,No,,,
SH-00116,U-2006,Sam T.,Prep Cook,BOH,LOC-001,2026-03-07,2026-03-07 08:16:00,2026-03-07 16:28:00,8.20,7.70,7.70,0.00,18.50,142.45,2026-03-07 12:57:12,2026-03-07 13:27:12,No,,,
SH-00117,U-2007,Jade L.,Prep Cook,BOH,LOC-001,2026-03-07,2026-03-07 08:01:00,2026-03-07 16:07:00,8.10,7.60,7.60,0.00,18.00,136.80,2026-03-07 11:03:10,2026-03-07 11:33:10,No,,,
SH-00118,U-2008,Omar H.,Dishwasher,BOH,LOC-001,2026-03-07,2026-03-07 10:30:00,2026-03-07 15:30:00,5.00,5.00,5.00,0.00,17.40,87.00,,,,,,
SH-00119,U-2009,Kai M.,Dishwasher,BOH,LOC-001,2026-03-07,2026-03-07 16:30:00,2026-03-07 23:00:00,6.50,6.00,6.00,0.00,17.40,104.40,2026-03-07 19:56:17,2026-03-07 20:26:17,No,,,
SH-00120,U-1001,Sarah M.,Server,FOH,LOC-001,2026-03-08,2026-03-08 16:53:00,2026-03-08 22:26:00,5.55,5.05,5.05,0.00,18.50,93.42,2026-03-08 20:33:26,2026-03-08 21:03:26,No,36.62,64.52,
SH-00121,U-1002,James L.,Server,FOH,LOC-001,2026-03-08,2026-03-08 11:06:00,2026-03-08 15:13:00,4.12,4.12,4.12,0.00,18.00,74.16,,,,16.27,112.88,
SH-00122,U-1003,Mika T.,Server,FOH,LOC-001,2026-03-08,2026-03-08 16:33:00,2026-03-08 22:40:00,6.12,5.62,5.62,0.00,18.50,103.97,2026-03-08 20:54:09,2026-03-08 21:24:09,No,29.47,68.65,
SH-00123,U-1004,Priya S.,Server,FOH,LOC-001,2026-03-08,2026-03-08 11:08:00,2026-03-08 15:15:00,4.12,4.12,4.12,0.00,18.00,74.16,,,,58.05,107.19,
SH-00124,U-1005,Dylan R.,Server,FOH,LOC-001,2026-03-08,2026-03-08 11:08:00,2026-03-08 15:22:00,4.23,4.23,4.23,0.00,17.40,73.60,,,,39.52,61.33,
SH-00125,U-1006,Olivia C.,Server,FOH,LOC-001,2026-03-08,2026-03-08 16:43:00,2026-03-08 22:32:00,5.82,5.32,5.32,0.00,17.40,92.57,2026-03-08 20:07:24,2026-03-08 20:37:24,No,48.39,114.75,
SH-00126,U-1007,Aiden W.,Host,FOH,LOC-001,2026-03-08,2026-03-08 17:00:00,2026-03-08 22:30:00,5.50,5.00,5.00,0.00,17.40,87.00,2026-03-08 21:50:08,2026-03-08 22:20:08,No,,27.66,
SH-00127,U-1008,Chloe N.,Host,FOH,LOC-001,2026-03-08,2026-03-08 11:00:00,2026-03-08 15:00:00,4.00,4.00,4.00,0.00,17.40,69.60,,,,,16.58,
SH-00128,U-1009,Marcus B.,Bartender,FOH,LOC-001,2026-03-08,2026-03-08 16:00:00,2026-03-08 23:03:00,7.05,6.55,6.55,0.00,19.50,127.72,2026-03-08 19:03:18,2026-03-08 19:33:18,No,20.68,28.22,
SH-00129,U-1010,Yuki H.,Bartender,FOH,LOC-001,2026-03-08,2026-03-08 16:00:00,2026-03-08 23:07:00,7.12,6.62,6.62,0.00,19.00,125.78,2026-03-08 20:22:49,2026-03-08 20:52:49,No,36.59,55.41,
SH-00130,U-2001,Chef Tanaka,Head Chef,BOH,LOC-001,2026-03-08,2026-03-08 09:00:00,2026-03-08 22:30:00,13.50,13.00,8.00,5.00,34.00,527.00,2026-03-08 12:29:27,2026-03-08 12:59:27,No,,,
SH-00131,U-2002,Carlos G.,Line Cook,BOH,LOC-001,2026-03-08,2026-03-08 15:35:00,2026-03-08 23:04:00,7.48,6.98,6.98,0.00,22.00,153.56,2026-03-08 19:07:43,2026-03-08 19:37:43,No,,,
SH-00132,U-2003,Nina P.,Line Cook,BOH,LOC-001,2026-03-08,2026-03-08 15:59:00,2026-03-08 23:10:00,7.18,6.68,6.68,0.00,21.00,140.28,2026-03-08 20:54:12,2026-03-08 21:24:12,No,,,
SH-00133,U-2004,Ben K.,Line Cook,BOH,LOC-001,2026-03-08,2026-03-08 15:33:00,2026-03-08 23:13:00,7.67,7.17,7.17,0.00,20.50,146.98,2026-03-08 18:49:04,2026-03-08 19:19:04,No,,,
SH-00134,U-2005,Rosa V.,Line Cook,BOH,LOC-001,2026-03-08,2026-03-08 15:49:00,2026-03-08 23:26:00,7.62,7.12,7.12,0.00,20.00,142.40,2026-03-08 20:18:21,2026-03-08 20:48:21,No,,,
SH-00135,U-2006,Sam T.,Prep Cook,BOH,LOC-001,2026-03-08,2026-03-08 08:30:00,2026-03-08 16:02:00,7.53,7.03,7.03,0.00,18.50,130.06,2026-03-08 12:30:25,2026-03-08 13:00:25,No,,,
SH-00136,U-2007,Jade L.,Prep Cook,BOH,LOC-001,2026-03-08,2026-03-08 08:08:00,2026-03-08 16:21:00,8.22,7.72,7.72,0.00,18.00,138.96,2026-03-08 12:56:51,2026-03-08 13:26:51,No,,,
SH-00137,U-2008,Omar H.,Dishwasher,BOH,LOC-001,2026-03-08,2026-03-08 10:30:00,2026-03-08 15:30:00,5.00,5.00,5.00,0.00,17.40,87.00,,,,,,
SH-00138,U-1001,Sarah M.,Server,FOH,LOC-001,2026-03-09,2026-03-09 16:49:00,2026-03-09 22:14:00,5.42,4.92,4.92,0.00,18.50,91.02,2026-03-09 21:10:20,2026-03-09 21:40:20,No,25.08,92.70,
SH-00139,U-1002,James L.,Server,FOH,LOC-001,2026-03-09,2026-03-09 16:43:00,2026-03-09 23:33:12,6.84,6.34,6.34,0.00,18.00,114.06,2026-03-09 20:13:58,2026-03-09 20:43:58,No,47.04,70.54,
SH-00140,U-1003,Mika T.,Server,FOH,LOC-001,2026-03-09,2026-03-09 16:46:00,2026-03-09 22:38:00,5.87,5.37,5.37,0.00,18.50,99.34,2026-03-09 20:44:43,2026-03-09 21:14:43,No,24.97,84.07,
SH-00141,U-1004,Priya S.,Server,FOH,LOC-001,2026-03-09,2026-03-09 11:02:00,2026-03-09 15:17:00,4.25,4.25,4.25,0.00,18.00,76.50,,,,30.86,31.02,
SH-00142,U-1005,Dylan R.,Server,FOH,LOC-001,2026-03-09,2026-03-09 16:54:00,2026-03-09 22:16:00,5.37,4.87,4.87,0.00,17.40,84.74,2026-03-09 20:28:22,2026-03-09 20:58:22,No,16.03,49.85,
SH-00143,U-1006,Olivia C.,Server,FOH,LOC-001,2026-03-09,2026-03-09 16:52:00,2026-03-09 22:31:00,5.65,5.15,5.15,0.00,17.40,89.61,2026-03-09 20:03:42,2026-03-09 20:33:42,No,36.76,84.09,
SH-00144,U-1007,Aiden W.,Host,FOH,LOC-001,2026-03-09,2026-03-09 17:00:00,2026-03-09 22:30:00,5.50,5.00,5.00,0.00,17.40,87.00,2026-03-09 21:35:32,2026-03-09 22:05:32,No,,28.37,
SH-00145,U-1008,Chloe N.,Host,FOH,LOC-001,2026-03-09,2026-03-09 11:00:00,2026-03-09 15:00:00,4.00,4.00,4.00,0.00,17.40,69.60,,,,,16.09,
SH-00147,U-2002,Carlos G.,Line Cook,BOH,LOC-001,2026-03-09,2026-03-09 15:37:00,2026-03-10 00:12:00,8.58,8.08,8.00,0.08,22.00,178.64,2026-03-09 18:54:34,2026-03-09 19:24:34,No,,,
SH-00148,U-2003,Nina P.,Line Cook,BOH,LOC-001,2026-03-09,2026-03-09 10:04:00,2026-03-09 15:59:00,5.92,5.42,5.42,0.00,21.00,113.82,2026-03-09 14:55:03,2026-03-09 15:25:03,No,,,
SH-00149,U-2004,Ben K.,Line Cook,BOH,LOC-001,2026-03-09,2026-03-09 15:44:00,2026-03-09 23:05:00,7.35,6.85,6.85,0.00,20.50,140.42,2026-03-09 19:30:18,2026-03-09 20:00:18,No,,,
SH-00150,U-2005,Rosa V.,Line Cook,BOH,LOC-001,2026-03-09,2026-03-09 15:37:00,2026-03-09 23:03:00,7.43,6.93,6.93,0.00,20.00,138.60,2026-03-09 20:22:39,2026-03-09 20:52:39,No,,,
SH-00151,U-2006,Sam T.,Prep Cook,BOH,LOC-001,2026-03-09,2026-03-09 08:25:00,2026-03-09 16:16:00,7.85,7.35,7.35,0.00,18.50,135.97,2026-03-09 12:57:52,2026-03-09 13:27:52,No,,,
SH-00152,U-1001,Sarah M.,Server,FOH,LOC-001,2026-03-10,2026-03-10 11:14:00,2026-03-10 15:21:00,4.12,4.12,4.12,0.00,18.50,76.22,,,,44.42,60.75,
SH-00153,U-1002,James L.,Server,FOH,LOC-001,2026-03-10,2026-03-10 16:57:00,2026-03-10 22:28:00,5.52,5.02,5.02,0.00,18.00,90.36,2026-03-10 21:09:49,2026-03-10 21:39:49,No,17.68,109.97,
SH-00154,U-1003,Mika T.,Server,FOH,LOC-001,2026-03-10,2026-03-10 16:42:00,2026-03-10 22:42:00,6.00,5.50,5.50,0.00,18.50,101.75,2026-03-10 20:47:26,2026-03-10 21:17:26,No,18.35,103.01,
SH-00155,U-1004,Priya S.,Server,FOH,LOC-001,2026-03-10,2026-03-10 16:35:00,2026-03-10 22:39:00,6.07,5.57,5.57,0.00,18.00,100.26,2026-03-10 20:34:07,2026-03-10 21:04:07,No,19.16,59.47,
SH-00156,U-1005,Dylan R.,Server,FOH,LOC-001,2026-03-10,2026-03-10 16:35:00,2026-03-10 22:20:00,5.75,5.25,5.25,0.00,17.40,91.35,2026-03-10 19:40:59,2026-03-10 20:10:59,No,24.58,89.88,
SH-00157,U-1006,Olivia C.,Server,FOH,LOC-001,2026-03-10,2026-03-10 11:03:00,2026-03-10 15:05:00,4.03,4.03,4.03,0.00,17.40,70.12,,,,39.58,117.35,
SH-00158,U-1007,Aiden W.,Host,FOH,LOC-001,2026-03-10,2026-03-10 11:00:00,2026-03-10 15:00:00,4.00,4.00,4.00,0.00,17.40,69.60,,,,,33.51,
SH-00159,U-1008,Chloe N.,Host,FOH,LOC-001,2026-03-10,2026-03-10 17:00:00,2026-03-10 22:30:00,5.50,5.00,5.00,0.00,17.40,87.00,2026-03-10 20:31:07,2026-03-10 21:01:07,No,,34.85,
SH-00160,U-2001,Chef Tanaka,Head Chef,BOH,LOC-001,2026-03-10,2026-03-10 09:00:00,2026-03-10 22:30:00,13.50,13.00,8.00,5.00,34.00,527.00,2026-03-10 12:05:15,2026-03-10 12:35:15,No,,,
SH-00161,U-2002,Carlos G.,Line Cook,BOH,LOC-001,2026-03-10,2026-03-10 15:39:00,2026-03-10 23:29:00,7.83,7.33,7.33,0.00,22.00,161.26,2026-03-10 19:08:48,2026-03-10 19:38:48,No,,,
SH-00162,U-2003,Nina P.,Line Cook,BOH,LOC-001,2026-03-10,2026-03-10 10:18:00,2026-03-10 15:52:00,5.57,5.07,5.07,0.00,21.00,106.47,2026-03-10 14:01:00,2026-03-10 14:31:00,No,,,
SH-00163,U-2004,Ben K.,Line Cook,BOH,LOC-001,2026-03-10,2026-03-10 10:04:00,2026-03-10 15:59:00,5.92,5.42,5.42,0.00,20.50,111.11,2026-03-10 14:27:32,2026-03-10 14:57:32,No,,,
SH-00164,U-2005,Rosa V.,Line Cook,BOH,LOC-001,2026-03-10,2026-03-10 10:19:00,2026-03-10 15:35:00,5.27,4.77,4.77,0.00,20.00,95.40,2026-03-10 13:39:51,2026-03-10 14:09:51,No,,,
SH-00165,U-2006,Sam T.,Prep Cook,BOH,LOC-001,2026-03-10,2026-03-10 08:16:00,2026-03-10 16:20:00,8.07,7.57,7.57,0.00,18.50,140.05,2026-03-10 12:32:53,2026-03-10 13:02:53,No,,,
SH-00166,U-1001,Sarah M.,Server,FOH,LOC-001,2026-03-11,2026-03-11 16:57:00,2026-03-11 22:44:00,5.78,5.28,5.28,0.00,18.50,97.68,2026-03-11 20:37:45,2026-03-11 21:07:45,No,40.17,68.98,
SH-00167,U-1002,James L.,Server,FOH,LOC-001,2026-03-11,2026-03-11 16:38:00,2026-03-11 22:26:00,5.80,5.30,5.30,0.00,18.00,95.40,2026-03-11 20:41:19,2026-03-11 21:11:19,No,38.44,100.66,
SH-00168,U-1003,Mika T.,Server,FOH,LOC-001,2026-03-11,2026-03-11 16:53:00,2026-03-11 22:45:00,5.87,5.37,5.37,0.00,18.50,99.34,2026-03-11 20:36:03,2026-03-11 21:06:03,No,56.91,43.88,
SH-00169,U-1004,Priya S.,Server,FOH,LOC-001,2026-03-11,2026-03-11 16:39:00,2026-03-11 22:32:00,5.88,5.38,5.38,0.00,18.00,96.84,2026-03-11 20:36:41,2026-03-11 21:06:41,No,55.06,42.80,
SH-00170,U-1005,Dylan R.,Server,FOH,LOC-001,2026-03-11,2026-03-11 16:35:00,2026-03-11 22:41:00,6.10,5.60,5.60,0.00,17.40,97.44,2026-03-11 20:49:51,2026-03-11 21:19:51,No,29.10,86.15,
SH-00171,U-1006,Olivia C.,Server,FOH,LOC-001,2026-03-11,2026-03-11 16:32:00,2026-03-11 22:06:00,5.57,5.07,5.07,0.00,17.40,88.22,2026-03-11 21:26:26,2026-03-11 21:56:26,No,55.20,32.88,
SH-00172,U-1007,Aiden W.,Host,FOH,LOC-001,2026-03-11,2026-03-11 17:00:00,2026-03-11 22:30:00,5.50,5.00,5.00,0.00,17.40,87.00,2026-03-11 21:53:12,2026-03-11 22:23:12,No,,32.57,
SH-00173,U-1008,Chloe N.,Host,FOH,LOC-001,2026-03-11,2026-03-11 11:00:00,2026-03-11 15:00:00,4.00,4.00,4.00,0.00,17.40,69.60,,,,,10.14,
SH-00174,U-2001,Chef Tanaka,Head Chef,BOH,LOC-001,2026-03-11,2026-03-11 09:00:00,2026-03-11 22:30:00,13.50,13.00,8.00,5.00,34.00,527.00,2026-03-11 12:56:52,2026-03-11 13:26:52,No,,,
SH-00175,U-2002,Carlos G.,Line Cook,BOH,LOC-001,2026-03-11,2026-03-11 15:56:00,2026-03-11 23:03:00,7.12,6.62,6.62,0.00,22.00,145.64,2026-03-11 20:04:45,2026-03-11 20:34:45,No,,,
SH-00176,U-2003,Nina P.,Line Cook,BOH,LOC-001,2026-03-11,2026-03-11 15:31:00,2026-03-11 23:26:00,7.92,7.42,7.42,0.00,21.00,155.82,2026-03-11 19:50:39,2026-03-11 20:20:39,No,,,
SH-00177,U-2004,Ben K.,Line Cook,BOH,LOC-001,2026-03-11,2026-03-11 15:57:00,2026-03-11 23:13:00,7.27,6.77,6.77,0.00,20.50,138.78,2026-03-11 20:19:22,2026-03-11 20:49:22,No,,,
SH-00178,U-2005,Rosa V.,Line Cook,BOH,LOC-001,2026-03-11,2026-03-11 10:16:00,2026-03-11 16:36:12,6.34,5.84,5.84,0.00,20.00,116.73,2026-03-11 15:00:28,2026-03-11 15:30:28,No,,,
SH-00179,U-2006,Sam T.,Prep Cook,BOH,LOC-001,2026-03-11,2026-03-11 08:23:00,2026-03-11 16:12:00,7.82,7.32,7.32,0.00,18.50,135.42,2026-03-11 11:56:41,2026-03-11 12:26:41,No,,,
SH-00180,U-1001,Sarah M.,Server,FOH,LOC-001,2026-03-12,2026-03-12 11:14:00,2026-03-12 15:18:00,4.07,4.07,4.07,0.00,18.50,75.30,,,,28.83,87.10,
SH-00181,U-1002,James L.,Server,FOH,LOC-001,2026-03-12,2026-03-12 11:01:00,2026-03-12 15:15:00,4.23,4.23,4.23,0.00,18.00,76.14,,,,57.28,114.69,
SH-00182,U-1003,Mika T.,Server,FOH,LOC-001,2026-03-12,2026-03-12 11:02:00,2026-03-12 15:30:00,4.47,4.47,4.47,0.00,18.50,82.69,,,,50.58,51.01,
SH-00183,U-1004,Priya S.,Server,FOH,LOC-001,2026-03-12,2026-03-12 11:02:00,2026-03-12 15:08:00,4.10,4.10,4.10,0.00,18.00,73.80,,,,48.23,88.32,
SH-00184,U-1005,Dylan R.,Server,FOH,LOC-001,2026-03-12,2026-03-12 16:38:00,2026-03-12 22:38:00,6.00,5.50,5.50,0.00,17.40,95.70,2026-03-12 19:58:03,2026-03-12 20:28:03,No,20.29,110.66,
SH-00185,U-1006,Olivia C.,Server,FOH,LOC-001,2026-03-12,2026-03-12 16:44:00,2026-03-12 22:31:00,5.78,5.28,5.28,0.00,17.40,91.87,2026-03-12 21:18:11,2026-03-12 21:48:11,No,51.45,48.77,
SH-00186,U-1007,Aiden W.,Host,FOH,LOC-001,2026-03-12,2026-03-12 11:00:00,2026-03-12 15:00:00,4.00,4.00,4.00,0.00,17.40,69.60,,,,,31.51,
SH-00187,U-1008,Chloe N.,Host,FOH,LOC-001,2026-03-12,2026-03-12 11:00:00,2026-03-12 15:00:00,4.00,4.00,4.00,0.00,17.40,69.60,,,,,35.49,
SH-00188,U-1009,Marcus B.,Bartender,FOH,LOC-001,2026-03-12,2026-03-12 16:00:00,2026-03-12 23:04:00,7.07,6.57,6.57,0.00,19.50,128.12,2026-03-12 20:37:46,2026-03-12 21:07:46,No,63.32,32.49,
SH-00189,U-1010,Yuki H.,Bartender,FOH,LOC-001,2026-03-12,2026-03-12 16:00:00,2026-03-12 23:23:00,7.38,6.88,6.88,0.00,19.00,130.72,2026-03-12 19:42:01,2026-03-12 20:12:01,No,29.28,54.37,
SH-00190,U-2001,Chef Tanaka,Head Chef,BOH,LOC-001,2026-03-12,2026-03-12 09:00:00,2026-03-12 22:30:00,13.50,13.00,8.00,5.00,34.00,527.00,2026-03-12 13:30:28,2026-03-12 14:00:28,No,,,
SH-00191,U-2002,Carlos G.,Line Cook,BOH,LOC-001,2026-03-12,2026-03-12 10:15:00,2026-03-12 15:50:00,5.58,5.08,5.08,0.00,22.00,111.76,2026-03-12 14:14:50,2026-03-12 14:44:50,No,,,
SH-00192,U-2003,Nina P.,Line Cook,BOH,LOC-001,2026-03-12,2026-03-12 10:29:00,2026-03-12 15:38:00,5.15,4.65,4.65,0.00,21.00,97.65,2026-03-12 14:29:40,2026-03-12 14:59:40,No,,,
SH-00193,U-2004,Ben K.,Line Cook,BOH,LOC-001,2026-03-12,2026-03-12 10:01:00,2026-03-12 15:56:00,5.92,5.42,5.42,0.00,20.50,111.11,2026-03-12 13:48:58,2026-03-12 14:18:58,No,,,
SH-00194,U-2005,Rosa V.,Line Cook,BOH,LOC-001,2026-03-12,2026-03-12 10:29:00,2026-03-12 15:49:00,5.33,4.83,4.83,0.00,20.00,96.60,2026-03-12 14:31:00,2026-03-12 15:01:00,No,,,
SH-00195,U-2006,Sam T.,Prep Cook,BOH,LOC-001,2026-03-12,2026-03-12 08:29:00,2026-03-12 16:29:00,8.00,7.50,7.50,0.00,18.50,138.75,2026-03-12 12:32:02,2026-03-12 13:02:02,No,,,
SH-00196,U-2007,Jade L.,Prep Cook,BOH,LOC-001,2026-03-12,2026-03-12 08:25:00,2026-03-12 16:14:00,7.82,7.32,7.32,0.00,18.00,131.76,2026-03-12 13:08:17,2026-03-12 13:38:17,No,,,
SH-00197,U-1001,Sarah M.,Server,FOH,LOC-001,2026-03-13,2026-03-13 16:56:00,2026-03-13 22:43:00,5.78,5.28,5.28,0.00,18.50,97.68,2026-03-13 21:14:20,2026-03-13 21:44:20,No,18.66,99.98,
SH-00198,U-1002,James L.,Server,FOH,LOC-001,2026-03-13,2026-03-13 11:14:00,2026-03-13 15:05:00,3.85,3.85,3.85,0.00,18.00,69.30,,,,23.09,100.45,
SH-00199,U-1003,Mika T.,Server,FOH,LOC-001,2026-03-13,2026-03-13 16:48:00,2026-03-13 22:45:00,5.95,5.45,5.45,0.00,18.50,100.83,2026-03-13 19:53:41,2026-03-13 20:23:41,No,32.07,95.33,
SH-00200,U-1004,Priya S.,Server,FOH,LOC-001,2026-03-13,2026-03-13 16:56:00,2026-03-13 22:26:00,5.50,5.00,5.00,0.00,18.00,90.00,2026-03-13 20:54:42,2026-03-13 21:24:42,No,53.79,100.78,
SH-00201,U-1005,Dylan R.,Server,FOH,LOC-001,2026-03-13,2026-03-13 11:05:00,2026-03-13 15:20:00,4.25,4.25,4.25,0.00,17.40,73.95,,,,20.56,67.34,
SH-00202,U-1006,Olivia C.,Server,FOH,LOC-001,2026-03-13,2026-03-13 16:36:00,2026-03-13 22:15:00,5.65,5.15,5.15,0.00,17.40,89.61,2026-03-13 21:09:58,2026-03-13 21:39:58,No,51.04,55.38,
SH-00203,U-1007,Aiden W.,Host,FOH,LOC-001,2026-03-13,2026-03-13 11:00:00,2026-03-13 15:00:00,4.00,4.00,4.00,0.00,17.40,69.60,,,,,34.22,
SH-00204,U-1008,Chloe N.,Host,FOH,LOC-001,2026-03-13,2026-03-13 17:00:00,2026-03-13 22:30:00,5.50,5.00,5.00,0.00,17.40,87.00,2026-03-13 21:11:33,2026-03-13 21:41:33,No,,35.16,
SH-00205,U-1009,Marcus B.,Bartender,FOH,LOC-001,2026-03-13,2026-03-13 16:00:00,2026-03-13 23:13:00,7.22,6.72,6.72,0.00,19.50,131.04,2026-03-13 19:38:39,2026-03-13 20:08:39,No,48.18,61.83,
SH-00206,U-1010,Yuki H.,Bartender,FOH,LOC-001,2026-03-13,2026-03-13 16:00:00,2026-03-13 23:10:00,7.17,6.67,6.67,0.00,19.00,126.73,2026-03-13 20:40:21,2026-03-13 21:10:21,No,56.91,50.42,
SH-00207,U-1011,Leo F.,Busser,FOH,LOC-001,2026-03-13,2026-03-13 11:02:00,2026-03-13 15:28:00,4.43,4.43,4.43,0.00,17.40,77.08,,,,,32.23,
SH-00208,U-1012,Emma D.,Busser,FOH,LOC-001,2026-03-13,2026-03-13 11:07:00,2026-03-13 15:00:00,3.88,3.88,3.88,0.00,17.40,67.51,,,,,20.33,
SH-00209,U-2001,Chef Tanaka,Head Chef,BOH,LOC-001,2026-03-13,2026-03-13 09:00:00,2026-03-13 22:30:00,13.50,13.00,8.00,5.00,34.00,527.00,2026-03-13 12:25:12,2026-03-13 12:55:12,No,,,
SH-00210,U-2002,Carlos G.,Line Cook,BOH,LOC-001,2026-03-13,2026-03-13 10:04:00,2026-03-13 15:59:00,5.92,5.42,5.42,0.00,22.00,119.24,2026-03-13 14:54:43,2026-03-13 15:24:43,No,,,
SH-00211,U-2003,Nina P.,Line Cook,BOH,LOC-001,2026-03-13,2026-03-13 10:17:00,2026-03-13 15:33:00,5.27,4.77,4.77,0.00,21.00,100.17,2026-03-13 14:44:06,2026-03-13 15:14:06,No,,,
SH-00212,U-2004,Ben K.,Line Cook,BOH,LOC-001,2026-03-13,2026-03-13 10:14:00,2026-03-13 15:57:00,5.72,5.22,5.22,0.00,20.50,107.01,2026-03-13 14:15:42,2026-03-13 14:45:42,No,,,
SH-00213,U-2005,Rosa V.,Line Cook,BOH,LOC-001,2026-03-13,2026-03-13 15:31:00,2026-03-13 23:21:00,7.83,7.33,7.33,0.00,20.00,146.60,2026-03-13 18:39:59,2026-03-13 19:09:59,No,,,
SH-00214,U-2006,Sam T.,Prep Cook,BOH,LOC-001,2026-03-13,2026-03-13 08:00:00,2026-03-13 16:30:00,8.50,8.00,8.00,0.00,18.50,148.00,2026-03-13 12:38:12,2026-03-13 13:08:12,No,,,
SH-00215,U-2007,Jade L.,Prep Cook,BOH,LOC-001,2026-03-13,2026-03-13 08:10:00,2026-03-13 16:30:00,8.33,7.83,7.83,0.00,18.00,140.94,2026-03-13 11:58:06,2026-03-13 12:28:06,No,,,
SH-00216,U-2008,Omar H.,Dishwasher,BOH,LOC-001,2026-03-13,2026-03-13 10:30:00,2026-03-13 15:30:00,5.00,5.00,5.00,0.00,17.40,87.00,,,,,,
SH-00217,U-2009,Kai M.,Dishwasher,BOH,LOC-001,2026-03-13,2026-03-13 16:30:00,2026-03-13 23:00:00,6.50,6.00,6.00,0.00,17.40,104.40,2026-03-13 21:03:31,2026-03-13 21:33:31,No,,,
SH-00218,U-1001,Sarah M.,Server,FOH,LOC-001,2026-03-14,2026-03-14 11:08:00,2026-03-14 15:11:00,4.05,4.05,4.05,0.00,18.50,74.92,,,,34.11,53.85,
SH-00219,U-1002,James L.,Server,FOH,LOC-001,2026-03-14,2026-03-14 16:32:00,2026-03-14 22:08:00,5.60,5.10,5.10,0.00,18.00,91.80,2026-03-14 21:00:52,2026-03-14 21:30:52,No,24.19,92.60,
SH-00220,U-1003,Mika T.,Server,FOH,LOC-001,2026-03-14,2026-03-14 11:08:00,2026-03-14 15:20:00,4.20,4.20,4.20,0.00,18.50,77.70,,,,39.83,84.58,
SH-00221,U-1004,Priya S.,Server,FOH,LOC-001,2026-03-14,2026-03-14 11:09:00,2026-03-14 15:14:00,4.08,4.08,4.08,0.00,18.00,73.44,,,,25.98,113.90,
SH-00222,U-1005,Dylan R.,Server,FOH,LOC-001,2026-03-14,2026-03-14 11:04:00,2026-03-14 15:12:00,4.13,4.13,4.13,0.00,17.40,71.86,,,,26.55,72.04,
SH-00223,U-1006,Olivia C.,Server,FOH,LOC-001,2026-03-14,2026-03-14 11:03:00,2026-03-14 15:00:00,3.95,3.95,3.95,0.00,17.40,68.73,,,,55.42,98.68,
SH-00224,U-1007,Aiden W.,Host,FOH,LOC-001,2026-03-14,2026-03-14 17:00:00,2026-03-14 22:30:00,5.50,5.00,5.00,0.00,17.40,87.00,2026-03-14 21:37:52,2026-03-14 22:07:52,No,,38.96,
SH-00225,U-1008,Chloe N.,Host,FOH,LOC-001,2026-03-14,2026-03-14 11:00:00,2026-03-14 16:23:24,5.39,5.39,5.39,0.00,17.40,93.79,,,,,32.35,
SH-00226,U-1009,Marcus B.,Bartender,FOH,LOC-001,2026-03-14,2026-03-14 16:00:00,2026-03-14 23:10:00,7.17,6.67,6.67,0.00,19.50,130.06,2026-03-14 20:14:26,2026-03-14 20:44:26,No,67.21,45.87,
SH-00227,U-1010,Yuki H.,Bartender,FOH,LOC-001,2026-03-14,2026-03-14 16:00:00,2026-03-14 23:06:00,7.10,6.60,6.60,0.00,19.00,125.40,2026-03-14 19:21:16,2026-03-14 19:51:16,No,71.55,63.03,
SH-00228,U-1011,Leo F.,Busser,FOH,LOC-001,2026-03-14,2026-03-14 16:33:00,2026-03-14 22:44:00,6.18,5.68,5.68,0.00,17.40,98.83,2026-03-14 21:15:47,2026-03-14 21:45:47,No,,19.64,
SH-00229,U-1012,Emma D.,Busser,FOH,LOC-001,2026-03-14,2026-03-14 11:01:00,2026-03-14 15:08:00,4.12,4.12,4.12,0.00,17.40,71.69,,,,,32.39,
SH-00230,U-2001,Chef Tanaka,Head Chef,BOH,LOC-001,2026-03-14,2026-03-14 09:00:00,2026-03-14 22:30:00,13.50,13.00,8.00,5.00,34.00,527.00,2026-03-14 13:49:35,2026-03-14 14:19:35,No,,,
SH-00231,U-2002,Carlos G.,Line Cook,BOH,LOC-001,2026-03-14,2026-03-14 15:50:00,2026-03-14 23:26:00,7.60,7.10,7.10,0.00,22.00,156.20,2026-03-14 19:41:54,2026-03-14 20:11:54,No,,,
SH-00232,U-2003,Nina P.,Line Cook,BOH,LOC-001,2026-03-14,2026-03-14 10:04:00,2026-03-14 15:42:00,5.63,5.13,5.13,0.00,21.00,107.73,2026-03-14 13:36:50,2026-03-14 14:06:50,No,,,
SH-00233,U-2004,Ben K.,Line Cook,BOH,LOC-001,2026-03-14,2026-03-14 15:41:00,2026-03-14 23:13:00,7.53,7.03,7.03,0.00,20.50,144.12,2026-03-14 19:42:01,2026-03-14 20:12:01,No,,,
SH-00234,U-2005,Rosa V.,Line Cook,BOH,LOC-001,2026-03-14,2026-03-14 10:00:00,2026-03-14 15:31:00,5.52,5.02,5.02,0.00,20.00,100.40,2026-03-14 13:18:50,2026-03-14 13:48:50,No,,,
SH-00235,U-2006,Sam T.,Prep Cook,BOH,LOC-001,2026-03-14,2026-03-14 08:03:00,2026-03-14 16:29:00,8.43,7.93,7.93,0.00,18.50,146.70,2026-03-14 12:30:51,2026-03-14 13:00:51,No,,,
SH-00236,U-2007,Jade L.,Prep Cook,BOH,LOC-001,2026-03-14,2026-03-14 08:26:00,2026-03-14 16:21:00,7.92,7.42,7.42,0.00,18.00,133.56,2026-03-14 12:57:34,2026-03-14 13:27:34,No,,,
SH-00237,U-2008,Omar H.,Dishwasher,BOH,LOC-001,2026-03-14,2026-03-14 10:30:00,2026-03-14 15:30:00,5.00,5.00,5.00,0.00,17.40,87.00,,,,,,
SH-00238,U-2009,Kai M.,Dishwasher,BOH,LOC-001,2026-03-14,2026-03-14 10:30:00,2026-03-14 15:30:00,5.00,5.00,5.00,0.00,17.40,87.00,,,,,,
SH-00239,U-1001,Sarah M.,Server,FOH,LOC-001,2026-03-15,2026-03-15 16:51:00,2026-03-15 22:32:00,5.68,5.18,5.18,0.00,18.50,95.83,2026-03-15 20:47:05,2026-03-15 21:17:05,No,26.77,53.14,
SH-00240,U-1002,James L.,Server,FOH,LOC-001,2026-03-15,2026-03-15 16:56:00,2026-03-15 22:18:00,5.37,4.87,4.87,0.00,18.00,87.66,2026-03-15 20:26:44,2026-03-15 20:56:44,No,15.74,87.95,
SH-00241,U-1003,Mika T.,Server,FOH,LOC-001,2026-03-15,2026-03-15 11:05:00,2026-03-15 15:25:00,4.33,4.33,4.33,0.00,18.50,80.11,,,,54.61,80.92,
SH-00242,U-1004,Priya S.,Server,FOH,LOC-001,2026-03-15,2026-03-15 16:39:00,2026-03-15 22:20:00,5.68,5.18,5.18,0.00,18.00,93.24,2026-03-15 20:15:19,2026-03-15 20:45:19,No,24.18,81.47,
SH-00243,U-1005,Dylan R.,Server,FOH,LOC-001,2026-03-15,2026-03-15 16:35:00,2026-03-15 23:40:00,7.08,6.58,6.58,0.00,17.40,114.55,2026-03-15 19:54:28,2026-03-15 20:24:28,No,15.25,110.79,
SH-00244,U-1006,Olivia C.,Server,FOH,LOC-001,2026-03-15,2026-03-15 11:01:00,2026-03-15 15:26:00,4.42,4.42,4.42,0.00,17.40,76.91,,,,29.34,93.03,
SH-00245,U-1007,Aiden W.,Host,FOH,LOC-001,2026-03-15,2026-03-15 17:00:00,2026-03-15 22:30:00,5.50,5.00,5.00,0.00,17.40,87.00,2026-03-15 20:31:41,2026-03-15 21:01:41,No,,16.95,
SH-00246,U-1008,Chloe N.,Host,FOH,LOC-001,2026-03-15,2026-03-15 17:00:00,2026-03-15 22:30:00,5.50,5.00,5.00,0.00,17.40,87.00,2026-03-15 21:51:37,2026-03-15 22:21:37,No,,14.75,
SH-00247,U-1009,Marcus B.,Bartender,FOH,LOC-001,2026-03-15,2026-03-15 16:00:00,2026-03-15 23:05:00,7.08,6.58,6.58,0.00,19.50,128.31,2026-03-15 19:08:15,2026-03-15 19:38:15,No,76.68,28.36,
SH-00248,U-1010,Yuki H.,Bartender,FOH,LOC-001,2026-03-15,2026-03-15 16:00:00,2026-03-15 23:38:24,7.64,7.14,7.14,0.00,19.00,135.66,2026-03-15 20:46:01,2026-03-15 21:16:01,No,70.93,30.87,
SH-00249,U-2001,Chef Tanaka,Head Chef,BOH,LOC-001,2026-03-15,2026-03-15 09:00:00,2026-03-15 22:30:00,13.50,13.00,8.00,5.00,34.00,527.00,2026-03-15 13:20:22,2026-03-15 13:50:22,No,,,
SH-00250,U-2002,Carlos G.,Line Cook,BOH,LOC-001,2026-03-15,2026-03-15 15:43:00,2026-03-15 23:22:00,7.65,7.15,7.15,0.00,22.00,157.30,2026-03-15 19:48:21,2026-03-15 20:18:21,No,,,
SH-00251,U-2003,Nina P.,Line Cook,BOH,LOC-001,2026-03-15,2026-03-15 15:59:00,2026-03-15 23:23:00,7.40,6.90,6.90,0.00,21.00,144.90,2026-03-15 20:53:08,2026-03-15 21:23:08,No,,,
SH-00252,U-2004,Ben K.,Line Cook,BOH,LOC-001,2026-03-15,2026-03-15 15:57:00,2026-03-15 23:24:00,7.45,6.95,6.95,0.00,20.50,142.47,2026-03-15 20:23:56,2026-03-15 20:53:56,No,,,
SH-00253,U-2005,Rosa V.,Line Cook,BOH,LOC-001,2026-03-15,2026-03-15 15:53:00,2026-03-15 23:04:00,7.18,6.68,6.68,0.00,20.00,133.60,2026-03-15 20:37:25,2026-03-15 21:07:25,No,,,
SH-00254,U-2006,Sam T.,Prep Cook,BOH,LOC-001,2026-03-15,2026-03-15 08:01:00,2026-03-15 16:07:00,8.10,7.60,7.60,0.00,18.50,140.60,2026-03-15 13:00:35,2026-03-15 13:30:35,No,,,
SH-00255,U-2007,Jade L.,Prep Cook,BOH,LOC-001,2026-03-15,2026-03-15 08:18:00,2026-03-15 16:08:00,7.83,7.33,7.33,0.00,18.00,131.94,2026-03-15 12:45:34,2026-03-15 13:15:34,No,,,
SH-00256,U-2008,Omar H.,Dishwasher,BOH,LOC-001,2026-03-15,2026-03-15 16:30:00,2026-03-15 23:00:00,6.50,6.00,6.00,0.00,17.40,104.40,2026-03-15 19:50:15,2026-03-15 20:20:15,No,,,
SH-00257,U-1001,Sarah M.,Server,FOH,LOC-001,2026-03-16,2026-03-16 16:53:00,2026-03-16 22:00:00,5.12,4.62,4.62,0.00,18.50,85.47,2026-03-16 20:11:09,2026-03-16 20:41:09,No,55.89,113.78,
SH-00258,U-1002,James L.,Server,FOH,LOC-001,2026-03-16,2026-03-16 16:38:00,2026-03-16 22:23:00,5.75,5.25,5.25,0.00,18.00,94.50,2026-03-16 21:27:53,2026-03-16 21:57:53,No,19.46,33.39,
SH-00259,U-1003,Mika T.,Server,FOH,LOC-001,2026-03-16,2026-03-16 11:00:00,2026-03-16 15:18:00,4.30,4.30,4.30,0.00,18.50,79.55,,,,59.96,87.18,
SH-00260,U-1004,Priya S.,Server,FOH,LOC-001,2026-03-16,2026-03-16 16:41:00,2026-03-16 23:36:12,6.92,6.42,6.42,0.00,18.00,115.56,2026-03-16 20:40:47,2026-03-16 21:10:47,No,29.17,65.65,
SH-00261,U-1005,Dylan R.,Server,FOH,LOC-001,2026-03-16,2026-03-16 16:47:00,2026-03-16 22:01:00,5.23,4.73,4.73,0.00,17.40,82.30,2026-03-16 21:21:17,2026-03-16 21:51:17,No,57.70,30.54,
SH-00262,U-1006,Olivia C.,Server,FOH,LOC-001,2026-03-16,2026-03-16 16:53:00,2026-03-16 22:26:00,5.55,5.05,5.05,0.00,17.40,87.87,2026-03-16 21:41:52,2026-03-16 22:11:52,No,39.28,112.93,
SH-00263,U-1007,Aiden W.,Host,FOH,LOC-001,2026-03-16,2026-03-16 17:00:00,2026-03-16 22:30:00,5.50,5.00,5.00,0.00,17.40,87.00,2026-03-16 21:15:38,2026-03-16 21:45:38,No,,14.62,
SH-00264,U-1008,Chloe N.,Host,FOH,LOC-001,2026-03-16,2026-03-16 11:00:00,2026-03-16 15:00:00,4.00,4.00,4.00,0.00,17.40,69.60,,,,,23.49,
SH-00266,U-2002,Carlos G.,Line Cook,BOH,LOC-001,2026-03-16,2026-03-16 10:12:00,2026-03-16 15:34:00,5.37,4.87,4.87,0.00,22.00,107.14,2026-03-16 13:32:41,2026-03-16 14:02:41,No,,,
SH-00267,U-2003,Nina P.,Line Cook,BOH,LOC-001,2026-03-16,2026-03-16 10:12:00,2026-03-16 15:59:00,5.78,5.28,5.28,0.00,21.00,110.88,2026-03-16 14:04:46,2026-03-16 14:34:46,No,,,
SH-00268,U-2004,Ben K.,Line Cook,BOH,LOC-001,2026-03-16,2026-03-16 10:19:00,2026-03-16 15:33:00,5.23,4.73,4.73,0.00,20.50,96.97,2026-03-16 14:40:26,2026-03-16 15:10:26,No,,,
SH-00269,U-2005,Rosa V.,Line Cook,BOH,LOC-001,2026-03-16,2026-03-16 15:43:00,2026-03-16 23:24:00,7.68,7.18,7.18,0.00,20.00,143.60,2026-03-16 18:49:16,2026-03-16 19:19:16,No,,,
SH-00270,U-2006,Sam T.,Prep Cook,BOH,LOC-001,2026-03-16,2026-03-16 08:19:00,2026-03-16 16:18:00,7.98,7.48,7.48,0.00,18.50,138.38,2026-03-16 12:07:20,2026-03-16 12:37:20,No,,,
SH-00271,U-1001,Sarah M.,Server,FOH,LOC-001,2026-03-17,2026-03-17 16:55:00,2026-03-17 22:21:00,5.43,4.93,4.93,0.00,18.50,91.20,2026-03-17 19:59:38,2026-03-17 20:29:38,No,27.69,85.25,
SH-00272,U-1002,James L.,Server,FOH,LOC-001,2026-03-17,2026-03-17 11:13:00,2026-03-17 15:12:00,3.98,3.98,3.98,0.00,18.00,71.64,,,,51.70,83.94,
SH-00273,U-1003,Mika T.,Server,FOH,LOC-001,2026-03-17,2026-03-17 16:52:00,2026-03-17 22:30:00,5.63,5.13,5.13,0.00,18.50,94.91,2026-03-17 20:30:22,2026-03-17 21:00:22,No,16.72,57.83,
SH-00274,U-1004,Priya S.,Server,FOH,LOC-001,2026-03-17,2026-03-17 16:54:00,2026-03-17 22:30:00,5.60,5.10,5.10,0.00,18.00,91.80,2026-03-17 20:09:18,2026-03-17 20:39:18,No,28.68,112.18,
SH-00275,U-1005,Dylan R.,Server,FOH,LOC-001,2026-03-17,2026-03-17 16:35:00,2026-03-17 22:20:00,5.75,5.25,5.25,0.00,17.40,91.35,2026-03-17 20:54:15,2026-03-17 21:24:15,No,19.09,50.25,
SH-00276,U-1006,Olivia C.,Server,FOH,LOC-001,2026-03-17,2026-03-17 16:42:00,2026-03-17 22:44:00,6.03,5.53,5.53,0.00,17.40,96.22,2026-03-17 20:10:38,2026-03-17 20:40:38,No,23.79,44.50,
SH-00277,U-1007,Aiden W.,Host,FOH,LOC-001,2026-03-17,2026-03-17 17:00:00,2026-03-17 22:30:00,5.50,5.00,5.00,0.00,17.40,87.00,2026-03-17 21:16:11,2026-03-17 21:46:11,No,,24.68,
SH-00278,U-1008,Chloe N.,Host,FOH,LOC-001,2026-03-17,2026-03-17 11:00:00,2026-03-17 15:00:00,4.00,4.00,4.00,0.00,17.40,69.60,,,,,37.12,
SH-00279,U-2001,Chef Tanaka,Head Chef,BOH,LOC-001,2026-03-17,2026-03-17 09:00:00,2026-03-17 22:30:00,13.50,13.00,8.00,5.00,34.00,527.00,2026-03-17 13:41:42,2026-03-17 14:11:42,No,,,
SH-00280,U-2002,Carlos G.,Line Cook,BOH,LOC-001,2026-03-17,2026-03-17 15:39:00,2026-03-17 23:17:00,7.63,7.13,7.13,0.00,22.00,156.86,2026-03-17 19:44:43,2026-03-17 20:14:43,No,,,
SH-00281,U-2003,Nina P.,Line Cook,BOH,LOC-001,2026-03-17,2026-03-17 15:45:00,2026-03-17 23:22:00,7.62,7.12,7.12,0.00,21.00,149.52,2026-03-17 20:20:22,2026-03-17 20:50:22,No,,,
SH-00282,U-2004,Ben K.,Line Cook,BOH,LOC-001,2026-03-17,2026-03-17 15:30:00,2026-03-17 23:11:00,7.68,7.18,7.18,0.00,20.50,147.19,2026-03-17 19:32:45,2026-03-17 20:02:45,No,,,
SH-00283,U-2005,Rosa V.,Line Cook,BOH,LOC-001,2026-03-17,2026-03-17 10:21:00,2026-03-17 15:33:00,5.20,4.70,4.70,0.00,20.00,94.00,2026-03-17 13:35:31,2026-03-17 14:05:31,No,,,
SH-00284,U-2006,Sam T.,Prep Cook,BOH,LOC-001,2026-03-17,2026-03-17 08:23:00,2026-03-17 16:12:00,7.82,7.32,7.32,0.00,18.50,135.42,2026-03-17 12:36:13,2026-03-17 13:06:13,No,,,
SH-00285,U-1001,Sarah M.,Server,FOH,LOC-001,2026-03-18,2026-03-18 16:53:00,2026-03-18 22:22:00,5.48,4.98,4.98,0.00,18.50,92.13,2026-03-18 21:47:34,2026-03-18 22:17:34,No,42.14,33.77,
SH-00286,U-1002,James L.,Server,FOH,LOC-001,2026-03-18,2026-03-18 11:12:00,2026-03-18 15:12:00,4.00,4.00,4.00,0.00,18.00,72.00,,,,51.22,119.43,
SH-00287,U-1003,Mika T.,Server,FOH,LOC-001,2026-03-18,2026-03-18 11:04:00,2026-03-18 15:00:00,3.93,3.93,3.93,0.00,18.50,72.70,,,,43.15,74.59,
SH-00288,U-1004,Priya S.,Server,FOH,LOC-001,2026-03-18,2026-03-18 16:50:00,2026-03-18 22:33:00,5.72,5.22,5.22,0.00,18.00,93.96,2026-03-18 20:33:28,2026-03-18 21:03:28,No,21.87,77.28,
SH-00289,U-1005,Dylan R.,Server,FOH,LOC-001,2026-03-18,2026-03-18 16:32:00,2026-03-18 22:43:00,6.18,5.68,5.68,0.00,17.40,98.83,2026-03-18 19:40:01,2026-03-18 20:10:01,No,50.06,107.24,
SH-00290,U-1006,Olivia C.,Server,FOH,LOC-001,2026-03-18,2026-03-18 11:12:00,2026-03-18 15:09:00,3.95,3.95,3.95,0.00,17.40,68.73,,,,28.50,65.22,
SH-00291,U-1007,Aiden W.,Host,FOH,LOC-001,2026-03-18,2026-03-18 11:00:00,2026-03-18 15:00:00,4.00,4.00,4.00,0.00,17.40,69.60,,,,,22.32,
SH-00292,U-1008,Chloe N.,Host,FOH,LOC-001,2026-03-18,2026-03-18 17:00:00,2026-03-18 22:30:00,5.50,5.00,5.00,0.00,17.40,87.00,2026-03-18 21:22:40,2026-03-18 21:52:40,No,,32.45,
SH-00293,U-2001,Chef Tanaka,Head Chef,BOH,LOC-001,2026-03-18,2026-03-18 09:00:00,2026-03-18 22:30:00,13.50,13.00,8.00,5.00,34.00,527.00,2026-03-18 12:12:11,2026-03-18 12:42:11,No,,,
SH-00294,U-2002,Carlos G.,Line Cook,BOH,LOC-001,2026-03-18,2026-03-18 15:31:00,2026-03-18 23:22:00,7.85,7.35,7.35,0.00,22.00,161.70,2026-03-18 18:43:46,2026-03-18 19:13:46,No,,,
SH-00295,U-2003,Nina P.,Line Cook,BOH,LOC-001,2026-03-18,2026-03-18 10:27:00,2026-03-18 15:35:00,5.13,4.63,4.63,0.00,21.00,97.23,2026-03-18 13:52:27,2026-03-18 14:22:27,No,,,
SH-00296,U-2004,Ben K.,Line Cook,BOH,LOC-001,2026-03-18,2026-03-18 10:08:00,2026-03-18 15:43:00,5.58,5.08,5.08,0.00,20.50,104.14,2026-03-18 14:14:16,2026-03-18 14:44:16,No,,,
SH-00297,U-2005,Rosa V.,Line Cook,BOH,LOC-001,2026-03-18,2026-03-18 10:08:00,2026-03-18 15:50:00,5.70,5.20,5.20,0.00,20.00,104.00,2026-03-18 14:15:15,2026-03-18 14:45:15,No,,,
SH-00298,U-2006,Sam T.,Prep Cook,BOH,LOC-001,2026-03-18,2026-03-18 08:12:00,2026-03-18 16:11:00,7.98,7.48,7.48,0.00,18.50,138.38,2026-03-18 11:18:28,2026-03-18 11:48:28,No,,,
SH-00299,U-1001,Sarah M.,Server,FOH,LOC-001,2026-03-19,2026-03-19 11:02:00,2026-03-19 15:27:00,4.42,4.42,4.42,0.00,18.50,81.77,,,,45.35,82.43,
SH-00300,U-1002,James L.,Server,FOH,LOC-001,2026-03-19,2026-03-19 16:31:00,2026-03-19 22:42:00,6.18,5.68,5.68,0.00,18.00,102.24,2026-03-19 21:22:23,2026-03-19 21:52:23,No,34.72,118.36,
SH-00301,U-1003,Mika T.,Server,FOH,LOC-001,2026-03-19,2026-03-19 16:44:00,2026-03-19 22:44:00,6.00,5.50,5.50,0.00,18.50,101.75,2026-03-19 20:11:00,2026-03-19 20:41:00,No,29.14,101.83,
SH-00302,U-1004,Priya S.,Server,FOH,LOC-001,2026-03-19,2026-03-19 16:41:00,2026-03-19 22:42:00,6.02,5.52,5.52,0.00,18.00,99.36,2026-03-19 19:45:08,2026-03-19 20:15:08,No,22.63,43.38,
SH-00303,U-1005,Dylan R.,Server,FOH,LOC-001,2026-03-19,2026-03-19 16:49:00,2026-03-19 22:28:00,5.65,5.15,5.15,0.00,17.40,89.61,2026-03-19 21:00:36,2026-03-19 21:30:36,No,39.72,64.48,
SH-00304,U-1006,Olivia C.,Server,FOH,LOC-001,2026-03-19,2026-03-19 16:34:00,2026-03-19 22:06:00,5.53,5.03,5.03,0.00,17.40,87.52,2026-03-19 21:16:57,2026-03-19 21:46:57,No,31.70,107.52,
SH-00305,U-1007,Aiden W.,Host,FOH,LOC-001,2026-03-19,2026-03-19 11:00:00,2026-03-19 15:00:00,4.00,4.00,4.00,0.00,17.40,69.60,,,,,35.55,
SH-00306,U-1008,Chloe N.,Host,FOH,LOC-001,2026-03-19,2026-03-19 17:00:00,2026-03-19 22:30:00,5.50,5.00,5.00,0.00,17.40,87.00,2026-03-19 21:00:37,2026-03-19 21:30:37,No,,22.69,
SH-00307,U-1009,Marcus B.,Bartender,FOH,LOC-001,2026-03-19,2026-03-19 16:00:00,2026-03-19 23:08:00,7.13,6.63,6.63,0.00,19.50,129.28,2026-03-19 19:59:08,2026-03-19 20:29:08,No,65.00,36.72,
SH-00308,U-1010,Yuki H.,Bartender,FOH,LOC-001,2026-03-19,2026-03-19 16:00:00,2026-03-19 23:10:00,7.17,6.67,6.67,0.00,19.00,126.73,2026-03-19 19:17:38,2026-03-19 19:47:38,No,77.74,69.61,
SH-00309,U-2001,Chef Tanaka,Head Chef,BOH,LOC-001,2026-03-19,2026-03-19 09:00:00,2026-03-19 22:30:00,13.50,13.00,8.00,5.00,34.00,527.00,2026-03-19 13:13:18,2026-03-19 13:43:18,No,,,
SH-00310,U-2002,Carlos G.,Line Cook,BOH,LOC-001,2026-03-19,2026-03-19 15:33:00,2026-03-19 23:07:00,7.57,7.07,7.07,0.00,22.00,155.54,2026-03-19 19:49:56,2026-03-19 20:19:56,No,,,
SH-00311,U-2003,Nina P.,Line Cook,BOH,LOC-001,2026-03-19,2026-03-19 10:26:00,2026-03-19 15:47:00,5.35,4.85,4.85,0.00,21.00,101.85,2026-03-19 14:35:40,2026-03-19 15:05:40,No,,,
SH-00312,U-2004,Ben K.,Line Cook,BOH,LOC-001,2026-03-19,2026-03-19 10:23:00,2026-03-19 15:47:00,5.40,4.90,4.90,0.00,20.50,100.45,2026-03-19 15:11:15,2026-03-19 15:41:15,No,,,
SH-00313,U-2005,Rosa V.,Line Cook,BOH,LOC-001,2026-03-19,2026-03-19 15:53:00,2026-03-19 23:16:00,7.38,6.88,6.88,0.00,20.00,137.60,2026-03-19 19:13:52,2026-03-19 19:43:52,No,,,
SH-00314,U-2006,Sam T.,Prep Cook,BOH,LOC-001,2026-03-19,2026-03-19 08:09:00,2026-03-19 16:15:00,8.10,7.60,7.60,0.00,18.50,140.60,2026-03-19 11:10:12,2026-03-19 11:40:12,No,,,
SH-00315,U-2007,Jade L.,Prep Cook,BOH,LOC-001,2026-03-19,2026-03-19 08:28:00,2026-03-19 16:15:00,7.78,7.28,7.28,0.00,18.00,131.04,2026-03-19 12:12:21,2026-03-19 12:42:21,No,,,
SH-00316,U-1001,Sarah M.,Server,FOH,LOC-001,2026-03-20,2026-03-20 16:55:00,2026-03-20 23:40:12,6.75,6.25,6.25,0.00,18.50,115.69,2026-03-20 20:14:43,2026-03-20 20:44:43,No,29.46,118.56,
SH-00317,U-1002,James L.,Server,FOH,LOC-001,2026-03-20,2026-03-20 11:12:00,2026-03-20 15:15:00,4.05,4.05,4.05,0.00,18.00,72.90,,,,30.22,43.20,
SH-00318,U-1003,Mika T.,Server,FOH,LOC-001,2026-03-20,2026-03-20 11:12:00,2026-03-20 15:18:00,4.10,4.10,4.10,0.00,18.50,75.85,,,,31.87,91.41,
SH-00319,U-1004,Priya S.,Server,FOH,LOC-001,2026-03-20,2026-03-20 16:50:00,2026-03-20 22:28:00,5.63,5.13,5.13,0.00,18.00,92.34,2026-03-20 20:27:27,2026-03-20 20:57:27,No,35.76,40.32,
SH-00320,U-1005,Dylan R.,Server,FOH,LOC-001,2026-03-20,2026-03-20 16:54:00,2026-03-20 22:19:00,5.42,4.92,4.92,0.00,17.40,85.61,2026-03-20 21:20:53,2026-03-20 21:50:53,No,59.74,48.12,
SH-00321,U-1006,Olivia C.,Server,FOH,LOC-001,2026-03-20,2026-03-20 16:40:00,2026-03-20 22:23:00,5.72,5.22,5.22,0.00,17.40,90.83,2026-03-20 20:18:31,2026-03-20 20:48:31,No,50.17,46.76,
SH-00322,U-1007,Aiden W.,Host,FOH,LOC-001,2026-03-20,2026-03-20 17:00:00,2026-03-20 22:30:00,5.50,5.00,5.00,0.00,17.40,87.00,2026-03-20 20:13:01,2026-03-20 20:43:01,No,,16.54,
SH-00323,U-1008,Chloe N.,Host,FOH,LOC-001,2026-03-20,2026-03-20 17:00:00,2026-03-20 22:30:00,5.50,5.00,5.00,0.00,17.40,87.00,2026-03-20 21:06:08,2026-03-20 21:36:08,No,,34.95,
SH-00324,U-1009,Marcus B.,Bartender,FOH,LOC-001,2026-03-20,2026-03-20 16:00:00,2026-03-20 23:20:00,7.33,6.83,6.83,0.00,19.50,133.19,2026-03-20 20:42:30,2026-03-20 21:12:30,No,75.74,65.44,
SH-00325,U-1010,Yuki H.,Bartender,FOH,LOC-001,2026-03-20,2026-03-20 16:00:00,2026-03-20 23:20:00,7.33,6.83,6.83,0.00,19.00,129.77,2026-03-20 19:08:27,2026-03-20 19:38:27,No,77.90,36.61,
SH-00326,U-1011,Leo F.,Busser,FOH,LOC-001,2026-03-20,2026-03-20 11:12:00,2026-03-20 15:19:00,4.12,4.12,4.12,0.00,17.40,71.69,,,,,20.12,
SH-00327,U-1012,Emma D.,Busser,FOH,LOC-001,2026-03-20,2026-03-20 16:35:00,2026-03-20 22:02:00,5.45,4.95,4.95,0.00,17.40,86.13,2026-03-20 21:16:17,2026-03-20 21:46:17,No,,34.40,
SH-00328,U-2001,Chef Tanaka,Head Chef,BOH,LOC-001,2026-03-20,2026-03-20 09:00:00,2026-03-20 22:30:00,13.50,13.00,8.00,5.00,34.00,527.00,2026-03-20 12:33:02,2026-03-20 13:03:02,No,,,
SH-00329,U-2002,Carlos G.,Line Cook,BOH,LOC-001,2026-03-20,2026-03-20 10:05:00,2026-03-20 15:50:00,5.75,5.25,5.25,0.00,22.00,115.50,2026-03-20 14:03:08,2026-03-20 14:33:08,No,,,
SH-00330,U-2003,Nina P.,Line Cook,BOH,LOC-001,2026-03-20,2026-03-20 10:26:00,2026-03-20 15:45:00,5.32,4.82,4.82,0.00,21.00,101.22,2026-03-20 14:15:16,2026-03-20 14:45:16,No,,,
SH-00331,U-2004,Ben K.,Line Cook,BOH,LOC-001,2026-03-20,2026-03-20 10:10:00,2026-03-20 15:50:00,5.67,5.17,5.17,0.00,20.50,105.98,2026-03-20 13:29:51,2026-03-20 13:59:51,No,,,
SH-00332,U-2005,Rosa V.,Line Cook,BOH,LOC-001,2026-03-20,2026-03-20 15:58:00,2026-03-20 23:18:00,7.33,6.83,6.83,0.00,20.00,136.60,2026-03-20 19:51:06,2026-03-20 20:21:06,No,,,
SH-00333,U-2006,Sam T.,Prep Cook,BOH,LOC-001,2026-03-20,2026-03-20 08:21:00,2026-03-20 16:06:00,7.75,7.25,7.25,0.00,18.50,134.12,2026-03-20 12:14:27,2026-03-20 12:44:27,No,,,
SH-00334,U-2007,Jade L.,Prep Cook,BOH,LOC-001,2026-03-20,2026-03-20 08:11:00,2026-03-20 16:25:00,8.23,7.73,7.73,0.00,18.00,139.14,2026-03-20 12:01:55,2026-03-20 12:31:55,No,,,
SH-00335,U-2008,Omar H.,Dishwasher,BOH,LOC-001,2026-03-20,2026-03-20 16:30:00,2026-03-20 23:00:00,6.50,6.00,6.00,0.00,17.40,104.40,2026-03-20 20:59:05,2026-03-20 21:29:05,No,,,
SH-00336,U-2009,Kai M.,Dishwasher,BOH,LOC-001,2026-03-20,2026-03-20 10:30:00,2026-03-20 15:30:00,5.00,5.00,5.00,0.00,17.40,87.00,,,,,,
SH-00337,U-1001,Sarah M.,Server,FOH,LOC-001,2026-03-21,2026-03-21 16:33:00,2026-03-21 22:23:00,5.83,5.33,5.33,0.00,18.50,98.61,2026-03-21 20:01:57,2026-03-21 20:31:57,No,57.09,53.35,
SH-00338,U-1002,James L.,Server,FOH,LOC-001,2026-03-21,2026-03-21 16:54:00,2026-03-21 22:27:00,5.55,5.05,5.05,0.00,18.00,90.90,2026-03-21 20:13:31,2026-03-21 20:43:31,No,50.06,44.86,
SH-00339,U-1003,Mika T.,Server,FOH,LOC-001,2026-03-21,2026-03-21 16:31:00,2026-03-21 22:36:00,6.08,5.58,5.58,0.00,18.50,103.23,2026-03-21 20:56:43,2026-03-21 21:26:43,No,57.64,117.86,
SH-00340,U-1004,Priya S.,Server,FOH,LOC-001,2026-03-21,2026-03-21 11:12:00,2026-03-21 15:03:00,3.85,3.85,3.85,0.00,18.00,69.30,,,,29.68,43.55,
SH-00341,U-1005,Dylan R.,Server,FOH,LOC-001,2026-03-21,2026-03-21 16:31:00,2026-03-21 22:14:00,5.72,5.22,5.22,0.00,17.40,90.83,2026-03-21 20:12:10,2026-03-21 20:42:10,No,27.57,71.67,
SH-00342,U-1006,Olivia C.,Server,FOH,LOC-001,2026-03-21,2026-03-21 11:02:00,2026-03-21 15:17:00,4.25,4.25,4.25,0.00,17.40,73.95,,,,53.07,44.09,
SH-00343,U-1007,Aiden W.,Host,FOH,LOC-001,2026-03-21,2026-03-21 17:00:00,2026-03-21 22:30:00,5.50,5.00,5.00,0.00,17.40,87.00,2026-03-21 21:28:10,2026-03-21 21:58:10,No,,31.35,
SH-00344,U-1008,Chloe N.,Host,FOH,LOC-001,2026-03-21,2026-03-21 17:00:00,2026-03-21 22:30:00,5.50,5.00,5.00,0.00,17.40,87.00,2026-03-21 21:32:08,2026-03-21 22:02:08,No,,12.76,
SH-00345,U-1009,Marcus B.,Bartender,FOH,LOC-001,2026-03-21,2026-03-21 16:00:00,2026-03-21 23:19:00,7.32,6.82,6.82,0.00,19.50,132.99,2026-03-21 19:02:59,2026-03-21 19:32:59,No,30.95,28.76,
SH-00346,U-1010,Yuki H.,Bartender,FOH,LOC-001,2026-03-21,2026-03-21 16:00:00,2026-03-21 23:22:00,7.37,6.87,6.87,0.00,19.00,130.53,2026-03-21 19:06:57,2026-03-21 19:36:57,No,76.60,28.22,
SH-00347,U-1011,Leo F.,Busser,FOH,LOC-001,2026-03-21,2026-03-21 16:52:00,2026-03-21 22:29:00,5.62,5.12,5.12,0.00,17.40,89.09,2026-03-21 21:25:35,2026-03-21 21:55:35,No,,13.29,
SH-00348,U-1012,Emma D.,Busser,FOH,LOC-001,2026-03-21,2026-03-21 16:36:00,2026-03-21 22:03:00,5.45,4.95,4.95,0.00,17.40,86.13,2026-03-21 20:00:07,2026-03-21 20:30:07,No,,37.89,
SH-00349,U-2001,Chef Tanaka,Head Chef,BOH,LOC-001,2026-03-21,2026-03-21 09:00:00,2026-03-21 22:30:00,13.50,13.00,8.00,5.00,34.00,527.00,2026-03-21 13:50:20,2026-03-21 14:20:20,No,,,
SH-00350,U-2002,Carlos G.,Line Cook,BOH,LOC-001,2026-03-21,2026-03-21 15:57:00,2026-03-21 23:01:00,7.07,6.57,6.57,0.00,22.00,144.54,2026-03-21 19:49:23,2026-03-21 20:19:23,No,,,
SH-00351,U-2003,Nina P.,Line Cook,BOH,LOC-001,2026-03-21,2026-03-21 15:47:00,2026-03-21 23:20:00,7.55,7.05,7.05,0.00,21.00,148.05,2026-03-21 19:12:04,2026-03-21 19:42:04,No,,,
SH-00352,U-2004,Ben K.,Line Cook,BOH,LOC-001,2026-03-21,2026-03-21 10:21:00,2026-03-21 15:39:00,5.30,4.80,4.80,0.00,20.50,98.40,2026-03-21 15:13:02,2026-03-21 15:43:02,No,,,
SH-00353,U-2005,Rosa V.,Line Cook,BOH,LOC-001,2026-03-21,2026-03-21 15:54:00,2026-03-21 23:17:00,7.38,6.88,6.88,0.00,20.00,137.60,2026-03-21 20:04:35,2026-03-21 20:34:35,No,,,
SH-00354,U-2006,Sam T.,Prep Cook,BOH,LOC-001,2026-03-21,2026-03-21 08:14:00,2026-03-21 16:07:00,7.88,7.38,7.38,0.00,18.50,136.53,2026-03-21 12:20:10,2026-03-21 12:50:10,No,,,
SH-00355,U-2007,Jade L.,Prep Cook,BOH,LOC-001,2026-03-21,2026-03-21 08:01:00,2026-03-21 16:30:00,8.48,7.98,7.98,0.00,18.00,143.64,2026-03-21 12:45:12,2026-03-21 13:15:12,No,,,
SH-00356,U-2008,Omar H.,Dishwasher,BOH,LOC-001,2026-03-21,2026-03-21 16:30:00,2026-03-21 23:00:00,6.50,6.00,6.00,0.00,17.40,104.40,2026-03-21 21:28:11,2026-03-21 21:58:11,No,,,
SH-00357,U-2009,Kai M.,Dishwasher,BOH,LOC-001,2026-03-21,2026-03-21 10:30:00,2026-03-21 15:30:00,5.00,5.00,5.00,0.00,17.40,87.00,,,,,,
SH-00358,U-1001,Sarah M.,Server,FOH,LOC-001,2026-03-22,2026-03-22 11:09:00,2026-03-22 15:24:00,4.25,4.25,4.25,0.00,18.50,78.62,,,,21.93,52.72,
SH-00359,U-1002,James L.,Server,FOH,LOC-001,2026-03-22,2026-03-22 11:09:00,2026-03-22 15:17:00,4.13,4.13,4.13,0.00,18.00,74.34,,,,38.71,57.92,
SH-00360,U-1003,Mika T.,Server,FOH,LOC-001,2026-03-22,2026-03-22 16:39:00,2026-03-22 22:14:00,5.58,5.08,5.08,0.00,18.50,93.98,2026-03-22 21:19:06,2026-03-22 21:49:06,No,37.11,61.59,
SH-00361,U-1004,Priya S.,Server,FOH,LOC-001,2026-03-22,2026-03-22 16:51:00,2026-03-22 23:46:00,6.92,6.42,6.42,0.00,18.00,115.50,2026-03-22 20:35:26,2026-03-22 21:05:26,No,27.34,59.92,
SH-00362,U-1005,Dylan R.,Server,FOH,LOC-001,2026-03-22,2026-03-22 11:01:00,2026-03-22 15:01:00,4.00,4.00,4.00,0.00,17.40,69.60,,,,48.09,118.24,
SH-00363,U-1006,Olivia C.,Server,FOH,LOC-001,2026-03-22,2026-03-22 11:15:00,2026-03-22 15:24:00,4.15,4.15,4.15,0.00,17.40,72.21,,,,49.99,112.86,
SH-00364,U-1007,Aiden W.,Host,FOH,LOC-001,2026-03-22,2026-03-22 11:00:00,2026-03-22 15:00:00,4.00,4.00,4.00,0.00,17.40,69.60,,,,,37.69,
SH-00365,U-1008,Chloe N.,Host,FOH,LOC-001,2026-03-22,2026-03-22 11:00:00,2026-03-22 15:00:00,4.00,4.00,4.00,0.00,17.40,69.60,,,,,11.41,
SH-00366,U-1009,Marcus B.,Bartender,FOH,LOC-001,2026-03-22,2026-03-22 16:00:00,2026-03-22 23:28:00,7.47,6.97,6.97,0.00,19.50,135.91,2026-03-22 19:08:51,2026-03-22 19:38:51,No,26.23,23.17,
SH-00367,U-1010,Yuki H.,Bartender,FOH,LOC-001,2026-03-22,2026-03-22 16:00:00,2026-03-22 23:28:00,7.47,6.97,6.97,0.00,19.00,132.43,2026-03-22 20:42:50,2026-03-22 21:12:50,No,24.01,28.41,
SH-00368,U-2001,Chef Tanaka,Head Chef,BOH,LOC-001,2026-03-22,2026-03-22 09:00:00,2026-03-22 22:30:00,13.50,13.00,8.00,5.00,34.00,527.00,2026-03-22 12:42:06,2026-03-22 13:12:06,No,,,
SH-00369,U-2002,Carlos G.,Line Cook,BOH,LOC-001,2026-03-22,2026-03-22 10:09:00,2026-03-22 15:58:00,5.82,5.32,5.32,0.00,22.00,117.04,2026-03-22 14:03:06,2026-03-22 14:33:06,No,,,
SH-00370,U-2003,Nina P.,Line Cook,BOH,LOC-001,2026-03-22,2026-03-22 10:01:00,2026-03-22 15:36:00,5.58,5.08,5.08,0.00,21.00,106.68,2026-03-22 13:33:33,2026-03-22 14:03:33,No,,,
SH-00371,U-2004,Ben K.,Line Cook,BOH,LOC-001,2026-03-22,2026-03-22 15:36:00,2026-03-22 23:08:00,7.53,7.03,7.03,0.00,20.50,144.12,2026-03-22 19:12:51,2026-03-22 19:42:51,No,,,
SH-00372,U-2005,Rosa V.,Line Cook,BOH,LOC-001,2026-03-22,2026-03-22 10:19:00,2026-03-22 15:43:00,5.40,4.90,4.90,0.00,20.00,98.00,2026-03-22 13:21:18,2026-03-22 13:51:18,No,,,
SH-00373,U-2006,Sam T.,Prep Cook,BOH,LOC-001,2026-03-22,2026-03-22 08:27:00,2026-03-22 16:25:00,7.97,7.47,7.47,0.00,18.50,138.19,2026-03-22 11:29:11,2026-03-22 11:59:11,No,,,
SH-00374,U-2007,Jade L.,Prep Cook,BOH,LOC-001,2026-03-22,2026-03-22 08:19:00,2026-03-22 16:21:00,8.03,7.53,7.53,0.00,18.00,135.54,2026-03-22 12:07:05,2026-03-22 12:37:05,No,,,
SH-00375,U-2008,Omar H.,Dishwasher,BOH,LOC-001,2026-03-22,2026-03-22 16:30:00,2026-03-22 23:00:00,6.50,6.00,6.00,0.00,17.40,104.40,2026-03-22 19:36:53,2026-03-22 20:06:53,No,,,
SH-00376,U-1001,Sarah M.,Server,FOH,LOC-001,2026-03-23,2026-03-23 16:49:00,2026-03-23 22:15:00,5.43,4.93,4.93,0.00,18.50,91.20,2026-03-23 21:48:04,2026-03-23 22:18:04,No,30.90,91.33,
SH-00377,U-1002,James L.,Server,FOH,LOC-001,2026-03-23,2026-03-23 11:02:00,2026-03-23 15:05:00,4.05,4.05,4.05,0.00,18.00,72.90,,,,55.16,48.43,
SH-00378,U-1003,Mika T.,Server,FOH,LOC-001,2026-03-23,2026-03-23 11:05:00,2026-03-23 15:28:00,4.38,4.38,4.38,0.00,18.50,81.03,,,,18.28,61.48,
SH-00379,U-1004,Priya S.,Server,FOH,LOC-001,2026-03-23,2026-03-23 16:36:00,2026-03-23 22:19:00,5.72,5.22,5.22,0.00,18.00,93.96,2026-03-23 21:23:18,2026-03-23 21:53:18,No,39.07,51.44,
SH-00380,U-1005,Dylan R.,Server,FOH,LOC-001,2026-03-23,2026-03-23 11:02:00,2026-03-23 15:28:00,4.43,4.43,4.43,0.00,17.40,77.08,,,,28.76,70.57,
SH-00381,U-1006,Olivia C.,Server,FOH,LOC-001,2026-03-23,2026-03-23 16:52:00,2026-03-23 22:10:00,5.30,4.80,4.80,0.00,17.40,83.52,2026-03-23 20:47:03,2026-03-23 21:17:03,No,39.28,69.94,
SH-00382,U-1007,Aiden W.,Host,FOH,LOC-001,2026-03-23,2026-03-23 17:00:00,2026-03-23 22:30:00,5.50,5.00,5.00,0.00,17.40,87.00,2026-03-23 20:08:33,2026-03-23 20:38:33,No,,28.66,
SH-00383,U-1008,Chloe N.,Host,FOH,LOC-001,2026-03-23,2026-03-23 11:00:00,2026-03-23 15:00:00,4.00,4.00,4.00,0.00,17.40,69.60,,,,,27.75,
SH-00385,U-2002,Carlos G.,Line Cook,BOH,LOC-001,2026-03-23,2026-03-23 15:46:00,2026-03-23 23:15:00,7.48,6.98,6.98,0.00,22.00,153.56,2026-03-23 19:53:31,2026-03-23 20:23:31,No,,,
SH-00386,U-2003,Nina P.,Line Cook,BOH,LOC-001,2026-03-23,2026-03-23 15:34:00,2026-03-23 23:06:00,7.53,7.03,7.03,0.00,21.00,147.63,2026-03-23 19:36:33,2026-03-23 20:06:33,No,,,
SH-00387,U-2004,Ben K.,Line Cook,BOH,LOC-001,2026-03-23,2026-03-23 15:48:00,2026-03-23 23:01:00,7.22,6.72,6.72,0.00,20.50,137.76,2026-03-23 19:02:44,2026-03-23 19:32:44,No,,,
SH-00388,U-2005,Rosa V.,Line Cook,BOH,LOC-001,2026-03-23,2026-03-23 10:28:00,2026-03-23 15:37:00,5.15,4.65,4.65,0.00,20.00,93.00,2026-03-23 15:15:25,2026-03-23 15:45:25,No,,,
SH-00389,U-2006,Sam T.,Prep Cook,BOH,LOC-001,2026-03-23,2026-03-23 08:28:00,2026-03-23 16:10:00,7.70,7.20,7.20,0.00,18.50,133.20,2026-03-23 12:03:38,2026-03-23 12:33:38,No,,,
SH-00390,U-1001,Sarah M.,Server,FOH,LOC-001,2026-03-24,2026-03-24 16:52:00,2026-03-24 22:05:00,5.22,4.72,4.72,0.00,18.50,87.32,2026-03-24 21:48:51,2026-03-24 22:18:51,No,56.46,48.30,
SH-00391,U-1002,James L.,Server,FOH,LOC-001,2026-03-24,2026-03-24 16:46:00,2026-03-24 22:11:00,5.42,4.92,4.92,0.00,18.00,88.56,2026-03-24 21:26:57,2026-03-24 21:56:57,No,22.60,80.44,
SH-00392,U-1003,Mika T.,Server,FOH,LOC-001,2026-03-24,2026-03-24 16:42:00,2026-03-24 22:42:00,6.00,5.50,5.50,0.00,18.50,101.75,2026-03-24 19:47:51,2026-03-24 20:17:51,No,47.04,44.00,
SH-00393,U-1004,Priya S.,Server,FOH,LOC-001,2026-03-24,2026-03-24 11:13:00,2026-03-24 15:08:00,3.92,3.92,3.92,0.00,18.00,70.56,,,,29.10,47.08,
SH-00394,U-1005,Dylan R.,Server,FOH,LOC-001,2026-03-24,2026-03-24 16:47:00,2026-03-24 22:22:00,5.58,5.08,5.08,0.00,17.40,88.39,2026-03-24 20:04:48,2026-03-24 20:34:48,No,43.02,78.17,
SH-00395,U-1006,Olivia C.,Server,FOH,LOC-001,2026-03-24,2026-03-24 16:52:00,2026-03-24 22:26:00,5.57,5.07,5.07,0.00,17.40,88.22,2026-03-24 20:42:11,2026-03-24 21:12:11,No,51.61,42.57,
SH-00396,U-1007,Aiden W.,Host,FOH,LOC-001,2026-03-24,2026-03-24 17:00:00,2026-03-24 22:30:00,5.50,5.00,5.00,0.00,17.40,87.00,2026-03-24 21:33:42,2026-03-24 22:03:42,No,,17.80,
SH-00397,U-1008,Chloe N.,Host,FOH,LOC-001,2026-03-24,2026-03-24 17:00:00,2026-03-24 22:30:00,5.50,5.00,5.00,0.00,17.40,87.00,2026-03-24 21:20:59,2026-03-24 21:50:59,No,,34.58,
SH-00398,U-2001,Chef Tanaka,Head Chef,BOH,LOC-001,2026-03-24,2026-03-24 09:00:00,2026-03-24 22:30:00,13.50,13.00,8.00,5.00,34.00,527.00,2026-03-24 13:37:20,2026-03-24 14:07:20,No,,,
SH-00399,U-2002,Carlos G.,Line Cook,BOH,LOC-001,2026-03-24,2026-03-24 10:10:00,2026-03-24 15:37:00,5.45,4.95,4.95,0.00,22.00,108.90,2026-03-24 14:23:37,2026-03-24 14:53:37,No,,,
SH-00400,U-2003,Nina P.,Line Cook,BOH,LOC-001,2026-03-24,2026-03-24 10:04:00,2026-03-24 15:52:00,5.80,5.30,5.30,0.00,21.00,111.30,2026-03-24 13:46:10,2026-03-24 14:16:10,No,,,
SH-00401,U-2004,Ben K.,Line Cook,BOH,LOC-001,2026-03-24,2026-03-24 15:32:00,2026-03-24 23:04:00,7.53,7.03,7.03,0.00,20.50,144.12,2026-03-24 20:13:10,2026-03-24 20:43:10,No,,,
SH-00402,U-2005,Rosa V.,Line Cook,BOH,LOC-001,2026-03-24,2026-03-24 10:14:00,2026-03-24 15:54:00,5.67,5.17,5.17,0.00,20.00,103.40,2026-03-24 14:27:13,2026-03-24 14:57:13,No,,,
SH-00403,U-2006,Sam T.,Prep Cook,BOH,LOC-001,2026-03-24,2026-03-24 08:27:00,2026-03-24 16:25:00,7.97,7.47,7.47,0.00,18.50,138.19,2026-03-24 11:45:14,2026-03-24 12:15:14,No,,,
SH-00404,U-1001,Sarah M.,Server,FOH,LOC-001,2026-03-25,2026-03-25 16:43:00,2026-03-25 22:44:00,6.02,5.52,5.52,0.00,18.50,102.12,2026-03-25 21:26:17,2026-03-25 21:56:17,No,53.32,54.59,
SH-00405,U-1002,James L.,Server,FOH,LOC-001,2026-03-25,2026-03-25 16:49:00,2026-03-25 22:06:00,5.28,4.78,4.78,0.00,18.00,86.04,2026-03-25 20:27:29,2026-03-25 20:57:29,No,21.95,108.24,
SH-00406,U-1003,Mika T.,Server,FOH,LOC-001,2026-03-25,2026-03-25 16:30:00,2026-03-25 22:29:00,5.98,5.48,5.48,0.00,18.50,101.38,2026-03-25 20:31:57,2026-03-25 21:01:57,No,36.82,108.76,
SH-00407,U-1004,Priya S.,Server,FOH,LOC-001,2026-03-25,2026-03-25 16:42:00,2026-03-25 22:10:00,5.47,4.97,4.97,0.00,18.00,89.46,2026-03-25 21:07:10,2026-03-25 21:37:10,No,33.95,92.42,
SH-00408,U-1005,Dylan R.,Server,FOH,LOC-001,2026-03-25,2026-03-25 16:48:00,2026-03-25 22:19:00,5.52,5.02,5.02,0.00,17.40,87.35,2026-03-25 20:23:09,2026-03-25 20:53:09,No,43.96,101.12,
SH-00409,U-1006,Olivia C.,Server,FOH,LOC-001,2026-03-25,2026-03-25 11:08:00,2026-03-25 15:08:00,4.00,4.00,4.00,0.00,17.40,69.60,,,,33.55,50.87,
SH-00410,U-1007,Aiden W.,Host,FOH,LOC-001,2026-03-25,2026-03-25 11:00:00,2026-03-25 15:00:00,4.00,4.00,4.00,0.00,17.40,69.60,,,,,29.99,
SH-00411,U-1008,Chloe N.,Host,FOH,LOC-001,2026-03-25,2026-03-25 11:00:00,2026-03-25 15:00:00,4.00,4.00,4.00,0.00,17.40,69.60,,,,,38.61,
SH-00412,U-2001,Chef Tanaka,Head Chef,BOH,LOC-001,2026-03-25,2026-03-25 09:00:00,2026-03-25 23:22:48,14.38,13.88,8.00,5.88,34.00,571.88,2026-03-25 13:15:30,2026-03-25 13:45:30,No,,,
SH-00413,U-2002,Carlos G.,Line Cook,BOH,LOC-001,2026-03-25,2026-03-25 10:16:00,2026-03-25 16:59:24,6.72,6.22,6.22,0.00,22.00,136.91,2026-03-25 13:28:33,2026-03-25 13:58:33,No,,,
SH-00414,U-2003,Nina P.,Line Cook,BOH,LOC-001,2026-03-25,2026-03-25 15:53:00,2026-03-25 23:20:00,7.45,6.95,6.95,0.00,21.00,145.95,2026-03-25 20:19:39,2026-03-25 20:49:39,No,,,
SH-00415,U-2004,Ben K.,Line Cook,BOH,LOC-001,2026-03-25,2026-03-25 15:35:00,2026-03-25 23:12:00,7.62,7.12,7.12,0.00,20.50,145.96,2026-03-25 20:24:26,2026-03-25 20:54:26,No,,,
SH-00416,U-2005,Rosa V.,Line Cook,BOH,LOC-001,2026-03-25,2026-03-25 10:19:00,2026-03-25 15:51:00,5.53,5.03,5.03,0.00,20.00,100.60,2026-03-25 13:27:34,2026-03-25 13:57:34,No,,,
SH-00417,U-2006,Sam T.,Prep Cook,BOH,LOC-001,2026-03-25,2026-03-25 08:25:00,2026-03-25 16:07:00,7.70,7.20,7.20,0.00,18.50,133.20,2026-03-25 13:24:59,2026-03-25 13:54:59,No,,,
SH-00418,U-1001,Sarah M.,Server,FOH,LOC-001,2026-03-26,2026-03-26 11:00:00,2026-03-26 15:05:00,4.08,4.08,4.08,0.00,18.50,75.48,,,,34.93,105.26,
SH-00419,U-1002,James L.,Server,FOH,LOC-001,2026-03-26,2026-03-26 16:38:00,2026-03-26 22:07:00,5.48,4.98,4.98,0.00,18.00,89.64,2026-03-26 20:38:57,2026-03-26 21:08:57,No,47.78,119.15,
SH-00420,U-1003,Mika T.,Server,FOH,LOC-001,2026-03-26,2026-03-26 11:00:00,2026-03-26 15:21:00,4.35,4.35,4.35,0.00,18.50,80.47,,,,40.76,78.76,
SH-00421,U-1004,Priya S.,Server,FOH,LOC-001,2026-03-26,2026-03-26 16:35:00,2026-03-26 22:07:00,5.53,5.03,5.03,0.00,18.00,90.54,2026-03-26 20:35:49,2026-03-26 21:05:49,No,25.19,44.61,
SH-00422,U-1005,Dylan R.,Server,FOH,LOC-001,2026-03-26,2026-03-26 16:31:00,2026-03-26 22:39:00,6.13,5.63,5.63,0.00,17.40,97.96,2026-03-26 20:29:31,2026-03-26 20:59:31,No,34.46,71.04,
SH-00423,U-1006,Olivia C.,Server,FOH,LOC-001,2026-03-26,2026-03-26 16:47:00,2026-03-26 22:32:00,5.75,5.25,5.25,0.00,17.40,91.35,2026-03-26 20:23:20,2026-03-26 20:53:20,No,57.12,61.96,
SH-00424,U-1007,Aiden W.,Host,FOH,LOC-001,2026-03-26,2026-03-26 17:00:00,2026-03-26 22:30:00,5.50,5.00,5.00,0.00,17.40,87.00,2026-03-26 21:59:47,2026-03-26 22:29:47,No,,22.31,
SH-00425,U-1008,Chloe N.,Host,FOH,LOC-001,2026-03-26,2026-03-26 17:00:00,2026-03-26 22:30:00,5.50,5.00,5.00,0.00,17.40,87.00,2026-03-26 20:08:04,2026-03-26 20:38:04,No,,15.04,
SH-00426,U-1009,Marcus B.,Bartender,FOH,LOC-001,2026-03-26,2026-03-26 16:00:00,2026-03-26 23:19:00,7.32,6.82,6.82,0.00,19.50,132.99,2026-03-26 20:07:23,2026-03-26 20:37:23,No,23.38,21.73,
SH-00427,U-1010,Yuki H.,Bartender,FOH,LOC-001,2026-03-26,2026-03-26 16:00:00,2026-03-26 23:17:00,7.28,6.78,6.78,0.00,19.00,128.82,2026-03-26 19:37:30,2026-03-26 20:07:30,No,22.48,37.42,
SH-00428,U-2001,Chef Tanaka,Head Chef,BOH,LOC-001,2026-03-26,2026-03-26 09:00:00,2026-03-26 22:30:00,13.50,13.00,8.00,5.00,34.00,527.00,2026-03-26 13:06:12,2026-03-26 13:36:12,No,,,
SH-00429,U-2002,Carlos G.,Line Cook,BOH,LOC-001,2026-03-26,2026-03-26 15:49:00,2026-03-26 23:02:00,7.22,6.72,6.72,0.00,22.00,147.84,2026-03-26 19:36:04,2026-03-26 20:06:04,No,,,
SH-00430,U-2003,Nina P.,Line Cook,BOH,LOC-001,2026-03-26,2026-03-26 15:30:00,2026-03-26 23:14:00,7.73,7.23,7.23,0.00,21.00,151.83,2026-03-26 19:00:31,2026-03-26 19:30:31,No,,,
SH-00431,U-2004,Ben K.,Line Cook,BOH,LOC-001,2026-03-26,2026-03-26 15:50:00,2026-03-26 23:11:00,7.35,6.85,6.85,0.00,20.50,140.42,2026-03-26 20:12:12,2026-03-26 20:42:12,No,,,
SH-00432,U-2005,Rosa V.,Line Cook,BOH,LOC-001,2026-03-26,2026-03-26 10:27:00,2026-03-26 16:40:24,6.22,5.72,5.72,0.00,20.00,114.47,2026-03-26 13:34:17,2026-03-26 14:04:17,No,,,
SH-00433,U-2006,Sam T.,Prep Cook,BOH,LOC-001,2026-03-26,2026-03-26 08:27:00,2026-03-26 16:09:00,7.70,7.20,7.20,0.00,18.50,133.20,2026-03-26 11:59:44,2026-03-26 12:29:44,No,,,
SH-00434,U-2007,Jade L.,Prep Cook,BOH,LOC-001,2026-03-26,2026-03-26 08:16:00,2026-03-26 17:48:48,9.55,9.05,8.00,1.05,18.00,172.35,2026-03-26 11:54:37,2026-03-26 12:24:37,No,,,
SH-00435,U-1001,Sarah M.,Server,FOH,LOC-001,2026-03-27,2026-03-27 11:11:00,2026-03-27 15:05:00,3.90,3.90,3.90,0.00,18.50,72.15,,,,30.92,62.14,
SH-00436,U-1002,James L.,Server,FOH,LOC-001,2026-03-27,2026-03-27 16:55:00,2026-03-27 22:06:00,5.18,4.68,4.68,0.00,18.00,84.24,2026-03-27 21:10:30,2026-03-27 21:40:30,No,18.64,78.12,
SH-00437,U-1003,Mika T.,Server,FOH,LOC-001,2026-03-27,2026-03-27 16:45:00,2026-03-27 22:06:00,5.35,4.85,4.85,0.00,18.50,89.72,2026-03-27 20:15:11,2026-03-27 20:45:11,No,41.20,47.11,
SH-00438,U-1004,Priya S.,Server,FOH,LOC-001,2026-03-27,2026-03-27 16:38:00,2026-03-27 22:33:00,5.92,5.42,5.42,0.00,18.00,97.56,2026-03-27 20:49:26,2026-03-27 21:19:26,No,25.60,88.16,
SH-00439,U-1005,Dylan R.,Server,FOH,LOC-001,2026-03-27,2026-03-27 11:13:00,2026-03-27 15:26:00,4.22,4.22,4.22,0.00,17.40,73.43,,,,49.32,108.84,
SH-00440,U-1006,Olivia C.,Server,FOH,LOC-001,2026-03-27,2026-03-27 11:10:00,2026-03-27 15:19:00,4.15,4.15,4.15,0.00,17.40,72.21,,,,40.86,92.77,
SH-00441,U-1007,Aiden W.,Host,FOH,LOC-001,2026-03-27,2026-03-27 17:00:00,2026-03-27 22:30:00,5.50,5.00,5.00,0.00,17.40,87.00,2026-03-27 21:55:52,2026-03-27 22:25:52,No,,17.27,
SH-00442,U-1008,Chloe N.,Host,FOH,LOC-001,2026-03-27,2026-03-27 11:00:00,2026-03-27 15:00:00,4.00,4.00,4.00,0.00,17.40,69.60,,,,,20.46,
SH-00443,U-1009,Marcus B.,Bartender,FOH,LOC-001,2026-03-27,2026-03-27 16:00:00,2026-03-27 23:12:00,7.20,6.70,6.70,0.00,19.50,130.65,2026-03-27 19:31:11,2026-03-27 20:01:11,No,62.73,63.93,
SH-00444,U-1010,Yuki H.,Bartender,FOH,LOC-001,2026-03-27,2026-03-27 16:00:00,2026-03-27 23:30:00,7.50,7.00,7.00,0.00,19.00,133.00,2026-03-27 20:39:13,2026-03-27 21:09:13,No,26.52,28.01,
SH-00445,U-1011,Leo F.,Busser,FOH,LOC-001,2026-03-27,2026-03-27 16:35:00,2026-03-27 22:34:00,5.98,5.48,5.48,0.00,17.40,95.35,2026-03-27 20:09:09,2026-03-27 20:39:09,No,,12.99,
SH-00446,U-1012,Emma D.,Busser,FOH,LOC-001,2026-03-27,2026-03-27 11:09:00,2026-03-27 15:08:00,3.98,3.98,3.98,0.00,17.40,69.25,,,,,13.53,
SH-00447,U-2001,Chef Tanaka,Head Chef,BOH,LOC-001,2026-03-27,2026-03-27 09:00:00,2026-03-27 22:30:00,13.50,13.00,8.00,5.00,34.00,527.00,2026-03-27 12:13:10,2026-03-27 12:43:10,No,,,
SH-00448,U-2002,Carlos G.,Line Cook,BOH,LOC-001,2026-03-27,2026-03-27 10:04:00,2026-03-27 15:33:00,5.48,4.98,4.98,0.00,22.00,109.56,2026-03-27 13:25:21,2026-03-27 13:55:21,No,,,
SH-00449,U-2003,Nina P.,Line Cook,BOH,LOC-001,2026-03-27,2026-03-27 15:58:00,2026-03-27 23:18:00,7.33,6.83,6.83,0.00,21.00,143.43,2026-03-27 19:21:24,2026-03-27 19:51:24,No,,,
SH-00450,U-2004,Ben K.,Line Cook,BOH,LOC-001,2026-03-27,2026-03-27 10:15:00,2026-03-27 15:37:00,5.37,4.87,4.87,0.00,20.50,99.84,2026-03-27 14:48:40,2026-03-27 15:18:40,No,,,
SH-00451,U-2005,Rosa V.,Line Cook,BOH,LOC-001,2026-03-27,2026-03-27 15:41:00,2026-03-27 23:23:00,7.70,7.20,7.20,0.00,20.00,144.00,2026-03-27 18:46:48,2026-03-27 19:16:48,No,,,
SH-00452,U-2006,Sam T.,Prep Cook,BOH,LOC-001,2026-03-27,2026-03-27 08:08:00,2026-03-27 16:28:00,8.33,7.83,7.83,0.00,18.50,144.85,2026-03-27 12:33:15,2026-03-27 13:03:15,No,,,
SH-00453,U-2007,Jade L.,Prep Cook,BOH,LOC-001,2026-03-27,2026-03-27 08:02:00,2026-03-27 16:07:00,8.08,7.58,7.58,0.00,18.00,136.44,2026-03-27 11:23:43,2026-03-27 11:53:43,No,,,
SH-00454,U-2008,Omar H.,Dishwasher,BOH,LOC-001,2026-03-27,2026-03-27 10:30:00,2026-03-27 15:30:00,5.00,5.00,5.00,0.00,17.40,87.00,,,,,,
SH-00455,U-2009,Kai M.,Dishwasher,BOH,LOC-001,2026-03-27,2026-03-27 16:30:00,2026-03-27 23:00:00,6.50,6.00,6.00,0.00,17.40,104.40,2026-03-27 21:08:49,2026-03-27 21:38:49,No,,,
SH-00456,U-1001,Sarah M.,Server,FOH,LOC-001,2026-03-28,2026-03-28 16:37:00,2026-03-28 22:27:00,5.83,5.33,5.33,0.00,18.50,98.61,2026-03-28 20:56:16,2026-03-28 21:26:16,No,49.83,60.08,
SH-00457,U-1002,James L.,Server,FOH,LOC-001,2026-03-28,2026-03-28 16:33:00,2026-03-28 22:11:00,5.63,5.13,5.13,0.00,18.00,92.34,2026-03-28 20:59:54,2026-03-28 21:29:54,No,57.56,57.71,
SH-00458,U-1003,Mika T.,Server,FOH,LOC-001,2026-03-28,2026-03-28 16:45:00,2026-03-28 22:09:00,5.40,4.90,4.90,0.00,18.50,90.65,2026-03-28 20:30:17,2026-03-28 21:00:17,No,39.48,67.39,
SH-00459,U-1004,Priya S.,Server,FOH,LOC-001,2026-03-28,2026-03-28 11:12:00,2026-03-28 15:12:00,4.00,4.00,4.00,0.00,18.00,72.00,,,,20.47,113.48,
SH-00460,U-1005,Dylan R.,Server,FOH,LOC-001,2026-03-28,2026-03-28 16:42:00,2026-03-28 22:19:00,5.62,5.12,5.12,0.00,17.40,89.09,2026-03-28 20:09:19,2026-03-28 20:39:19,No,58.33,51.14,
SH-00461,U-1006,Olivia C.,Server,FOH,LOC-001,2026-03-28,2026-03-28 16:56:00,2026-03-28 22:32:00,5.60,5.10,5.10,0.00,17.40,88.74,2026-03-28 20:00:03,2026-03-28 20:30:03,No,47.63,107.50,
SH-00462,U-1007,Aiden W.,Host,FOH,LOC-001,2026-03-28,2026-03-28 17:00:00,2026-03-28 22:30:00,5.50,5.00,5.00,0.00,17.40,87.00,2026-03-28 21:43:11,2026-03-28 22:13:11,No,,23.72,
SH-00463,U-1008,Chloe N.,Host,FOH,LOC-001,2026-03-28,2026-03-28 17:00:00,2026-03-28 22:30:00,5.50,5.00,5.00,0.00,17.40,87.00,2026-03-28 21:39:06,2026-03-28 22:09:06,No,,34.54,
SH-00464,U-1009,Marcus B.,Bartender,FOH,LOC-001,2026-03-28,2026-03-28 16:00:00,2026-03-29 01:09:24,9.16,8.66,8.00,0.66,19.50,175.31,2026-03-28 19:18:43,2026-03-28 19:48:43,No,73.47,60.05,
SH-00465,U-1010,Yuki H.,Bartender,FOH,LOC-001,2026-03-28,2026-03-28 16:00:00,2026-03-28 23:28:00,7.47,6.97,6.97,0.00,19.00,132.43,2026-03-28 20:50:47,2026-03-28 21:20:47,No,71.52,69.50,
SH-00466,U-1011,Leo F.,Busser,FOH,LOC-001,2026-03-28,2026-03-28 16:44:00,2026-03-28 22:00:00,5.27,4.77,4.77,0.00,17.40,83.00,2026-03-28 20:24:15,2026-03-28 20:54:15,No,,32.14,
SH-00467,U-1012,Emma D.,Busser,FOH,LOC-001,2026-03-28,2026-03-28 11:02:00,2026-03-28 15:00:00,3.97,3.97,3.97,0.00,17.40,69.08,,,,,37.69,
SH-00468,U-2001,Chef Tanaka,Head Chef,BOH,LOC-001,2026-03-28,2026-03-28 09:00:00,2026-03-28 22:30:00,13.50,13.00,8.00,5.00,34.00,527.00,2026-03-28 12:52:09,2026-03-28 13:22:09,No,,,
SH-00469,U-2002,Carlos G.,Line Cook,BOH,LOC-001,2026-03-28,2026-03-28 10:01:00,2026-03-28 15:53:00,5.87,5.37,5.37,0.00,22.00,118.14,2026-03-28 14:41:22,2026-03-28 15:11:22,No,,,
SH-00470,U-2003,Nina P.,Line Cook,BOH,LOC-001,2026-03-28,2026-03-28 15:58:00,2026-03-28 23:03:00,7.08,6.58,6.58,0.00,21.00,138.18,2026-03-28 20:09:38,2026-03-28 20:39:38,No,,,
SH-00471,U-2004,Ben K.,Line Cook,BOH,LOC-001,2026-03-28,2026-03-28 10:09:00,2026-03-28 15:32:00,5.38,4.88,4.88,0.00,20.50,100.04,2026-03-28 13:34:04,2026-03-28 14:04:04,No,,,
SH-00472,U-2005,Rosa V.,Line Cook,BOH,LOC-001,2026-03-28,2026-03-28 10:07:00,2026-03-28 15:44:00,5.62,5.12,5.12,0.00,20.00,102.40,2026-03-28 13:38:47,2026-03-28 14:08:47,No,,,
SH-00473,U-2006,Sam T.,Prep Cook,BOH,LOC-001,2026-03-28,2026-03-28 08:17:00,2026-03-28 16:10:00,7.88,7.38,7.38,0.00,18.50,136.53,2026-03-28 13:06:01,2026-03-28 13:36:01,No,,,
SH-00474,U-2007,Jade L.,Prep Cook,BOH,LOC-001,2026-03-28,2026-03-28 08:12:00,2026-03-28 16:22:00,8.17,7.67,7.67,0.00,18.00,138.06,2026-03-28 12:38:09,2026-03-28 13:08:09,No,,,
SH-00475,U-2008,Omar H.,Dishwasher,BOH,LOC-001,2026-03-28,2026-03-28 16:30:00,2026-03-28 23:00:00,6.50,6.00,6.00,0.00,17.40,104.40,2026-03-28 20:44:57,2026-03-28 21:14:57,No,,,
SH-00476,U-2009,Kai M.,Dishwasher,BOH,LOC-001,2026-03-28,2026-03-28 10:30:00,2026-03-28 16:24:36,5.91,5.91,5.91,0.00,17.40,102.83,,,,,,
SH-00477,U-1001,Sarah M.,Server,FOH,LOC-001,2026-03-29,2026-03-29 16:35:00,2026-03-29 22:42:00,6.12,5.62,5.62,0.00,18.50,103.97,2026-03-29 20:09:14,2026-03-29 20:39:14,No,19.28,40.51,
SH-00478,U-1002,James L.,Server,FOH,LOC-001,2026-03-29,2026-03-29 11:10:00,2026-03-29 15:29:00,4.32,4.32,4.32,0.00,18.00,77.76,,,,43.98,64.90,
SH-00479,U-1003,Mika T.,Server,FOH,LOC-001,2026-03-29,2026-03-29 16:46:00,2026-03-29 22:23:00,5.62,5.12,5.12,0.00,18.50,94.72,2026-03-29 19:51:50,2026-03-29 20:21:50,No,48.64,65.60,
SH-00480,U-1004,Priya S.,Server,FOH,LOC-001,2026-03-29,2026-03-29 16:57:00,2026-03-29 22:21:00,5.40,4.90,4.90,0.00,18.00,88.20,2026-03-29 21:46:24,2026-03-29 22:16:24,No,43.95,52.66,
SH-00481,U-1005,Dylan R.,Server,FOH,LOC-001,2026-03-29,2026-03-29 16:40:00,2026-03-29 22:21:00,5.68,5.18,5.18,0.00,17.40,90.13,2026-03-29 19:47:18,2026-03-29 20:17:18,No,32.03,51.05,
SH-00482,U-1006,Olivia C.,Server,FOH,LOC-001,2026-03-29,2026-03-29 16:32:00,2026-03-29 22:00:00,5.47,4.97,4.97,0.00,17.40,86.48,2026-03-29 19:32:26,2026-03-29 20:02:26,No,55.81,36.01,
SH-00483,U-1007,Aiden W.,Host,FOH,LOC-001,2026-03-29,2026-03-29 17:00:00,2026-03-29 22:30:00,5.50,5.00,5.00,0.00,17.40,87.00,2026-03-29 21:32:56,2026-03-29 22:02:56,No,,39.05,
SH-00484,U-1008,Chloe N.,Host,FOH,LOC-001,2026-03-29,2026-03-29 17:00:00,2026-03-29 22:30:00,5.50,5.00,5.00,0.00,17.40,87.00,2026-03-29 21:19:44,2026-03-29 21:49:44,No,,35.59,
SH-00485,U-1009,Marcus B.,Bartender,FOH,LOC-001,2026-03-29,2026-03-29 16:00:00,2026-03-29 23:17:00,7.28,6.78,6.78,0.00,19.50,132.21,2026-03-29 19:57:40,2026-03-29 20:27:40,No,24.45,65.94,
SH-00486,U-1010,Yuki H.,Bartender,FOH,LOC-001,2026-03-29,2026-03-29 16:00:00,2026-03-29 23:16:00,7.27,6.77,6.77,0.00,19.00,128.63,2026-03-29 19:41:31,2026-03-29 20:11:31,No,40.56,41.86,
SH-00487,U-2001,Chef Tanaka,Head Chef,BOH,LOC-001,2026-03-29,2026-03-29 09:00:00,2026-03-29 22:30:00,13.50,13.00,8.00,5.00,34.00,527.00,2026-03-29 12:11:06,2026-03-29 12:41:06,No,,,
SH-00488,U-2002,Carlos G.,Line Cook,BOH,LOC-001,2026-03-29,2026-03-29 15:46:00,2026-03-29 23:20:00,7.57,7.07,7.07,0.00,22.00,155.54,2026-03-29 19:11:06,2026-03-29 19:41:06,No,,,
SH-00489,U-2003,Nina P.,Line Cook,BOH,LOC-001,2026-03-29,2026-03-29 10:00:00,2026-03-29 15:33:00,5.55,5.05,5.05,0.00,21.00,106.05,2026-03-29 14:53:22,2026-03-29 15:23:22,No,,,
SH-00490,U-2004,Ben K.,Line Cook,BOH,LOC-001,2026-03-29,2026-03-29 10:01:00,2026-03-29 16:54:36,6.89,6.39,6.39,0.00,20.50,131.06,2026-03-29 14:42:02,2026-03-29 15:12:02,No,,,
SH-00491,U-2005,Rosa V.,Line Cook,BOH,LOC-001,2026-03-29,2026-03-29 10:18:00,2026-03-29 15:42:00,5.40,4.90,4.90,0.00,20.00,98.00,2026-03-29 14:46:24,2026-03-29 15:16:24,No,,,
SH-00492,U-2006,Sam T.,Prep Cook,BOH,LOC-001,2026-03-29,2026-03-29 08:24:00,2026-03-29 16:07:00,7.72,7.22,7.22,0.00,18.50,133.57,2026-03-29 12:18:47,2026-03-29 12:48:47,No,,,
SH-00493,U-2007,Jade L.,Prep Cook,BOH,LOC-001,2026-03-29,2026-03-29 08:13:00,2026-03-29 16:20:00,8.12,7.62,7.62,0.00,18.00,137.16,2026-03-29 12:30:28,2026-03-29 13:00:28,No,,,
SH-00494,U-2008,Omar H.,Dishwasher,BOH,LOC-001,2026-03-29,2026-03-29 16:30:00,2026-03-29 23:00:00,6.50,6.00,6.00,0.00,17.40,104.40,2026-03-29 19:44:14,2026-03-29 20:14:14,No,,,
SH-00495,U-1001,Sarah M.,Server,FOH,LOC-001,2026-03-30,2026-03-30 16:41:00,2026-03-30 22:24:00,5.72,5.22,5.22,0.00,18.50,96.57,2026-03-30 21:22:35,2026-03-30 21:52:35,No,47.11,38.81,
SH-00496,U-1002,James L.,Server,FOH,LOC-001,2026-03-30,2026-03-30 16:39:00,2026-03-30 22:05:00,5.43,4.93,4.93,0.00,18.00,88.74,2026-03-30 20:21:44,2026-03-30 20:51:44,No,58.07,77.36,
SH-00497,U-1003,Mika T.,Server,FOH,LOC-001,2026-03-30,2026-03-30 11:02:00,2026-03-30 15:26:00,4.40,4.40,4.40,0.00,18.50,81.40,,,,15.06,34.70,
SH-00498,U-1004,Priya S.,Server,FOH,LOC-001,2026-03-30,2026-03-30 11:15:00,2026-03-30 15:15:00,4.00,4.00,4.00,0.00,18.00,72.00,,,,40.39,44.46,
SH-00499,U-1005,Dylan R.,Server,FOH,LOC-001,2026-03-30,2026-03-30 11:11:00,2026-03-30 15:09:00,3.97,3.97,3.97,0.00,17.40,69.08,,,,44.38,118.88,
SH-00500,U-1006,Olivia C.,Server,FOH,LOC-001,2026-03-30,2026-03-30 11:00:00,2026-03-30 15:10:00,4.17,4.17,4.17,0.00,17.40,72.56,,,,17.53,52.49,
SH-00501,U-1007,Aiden W.,Host,FOH,LOC-001,2026-03-30,2026-03-30 11:00:00,2026-03-30 15:00:00,4.00,4.00,4.00,0.00,17.40,69.60,,,,,31.36,
SH-00502,U-1008,Chloe N.,Host,FOH,LOC-001,2026-03-30,2026-03-30 17:00:00,2026-03-30 22:30:00,5.50,5.00,5.00,0.00,17.40,87.00,2026-03-30 21:51:23,2026-03-30 22:21:23,No,,28.73,
SH-00504,U-2002,Carlos G.,Line Cook,BOH,LOC-001,2026-03-30,2026-03-30 10:19:00,2026-03-30 15:39:00,5.33,4.83,4.83,0.00,22.00,106.26,2026-03-30 14:27:02,2026-03-30 14:57:02,No,,,
SH-00505,U-2003,Nina P.,Line Cook,BOH,LOC-001,2026-03-30,2026-03-30 15:34:00,2026-03-30 23:26:00,7.87,7.37,7.37,0.00,21.00,154.77,2026-03-30 20:15:27,2026-03-30 20:45:27,No,,,
SH-00506,U-2004,Ben K.,Line Cook,BOH,LOC-001,2026-03-30,2026-03-30 15:56:00,2026-03-30 23:30:00,7.57,7.07,7.07,0.00,20.50,144.94,2026-03-30 19:11:38,2026-03-30 19:41:38,No,,,
SH-00507,U-2005,Rosa V.,Line Cook,BOH,LOC-001,2026-03-30,2026-03-30 15:41:00,2026-03-30 23:07:00,7.43,6.93,6.93,0.00,20.00,138.60,2026-03-30 20:08:56,2026-03-30 20:38:56,No,,,
SH-00508,U-2006,Sam T.,Prep Cook,BOH,LOC-001,2026-03-30,2026-03-30 08:06:00,2026-03-30 16:02:00,7.93,7.43,7.43,0.00,18.50,137.45,2026-03-30 11:27:59,2026-03-30 11:57:59,No,,,
